theme,display_name,category,description,macro_driver,risk_factor,global_peer,sectors,stock_count,scored_count,strong_count,emerging_count,theme_score,theme_signal,momentum_phase,participant_leader,avg_bull_score,avg_ret_30d,avg_ret_60d,avg_ret_90d,avg_ret_365d,avg_vol_ratio,avg_ml_score,avg_accum_score,fii_flow_score,dii_flow_score,smart_money_score,price_sector_momentum,top_picks,as_of_date
SPACE_ECONOMY,Space Economy,EMERGING,"IN-SPACe licensing unlocking private launch vehicles (Skyroot, Agnikul), satellite broadband, ISRO commercialisation — India space startup boom.","IN-SPACe policy, 400+ space startups, government satellite orders","Long gestation, high capex, technology risk, few listed pure plays","SpaceX commercial satellite, Planet Labs earth observation",DEFENCE,23,23,0,11,64.29,BUILDING,CONSOLIDATING,SMART_MONEY,44.54,10.51,14.94,56.8,14.25,2.26,62.45,49.28,-34.18,-21.71,5.16,0.0,"[{""symbol"": ""PARAS"", ""bull_run_score"": 53.13, ""label"": ""EMERGING"", ""purity_score"": 0.92}, {""symbol"": ""ASTRAMICRO"", ""bull_run_score"": 51.23, ""label"": ""EMERGING"", ""purity_score"": 0.45}, {""symbol"": ""DIVGIITTS"", ""bull_run_score"": 50.62, ""label"": ""EMERGING"", ""purity_score"": 0.45}, {""symbol"": ""AEQUS"", ""bull_run_score"": 50.36, ""label"": ""EMERGING"", ""purity_score"": 0.45}, {""symbol"": ""UNIMECH"", ""bull_run_score"": 50.33, ""label"": ""EMERGING"", ""purity_score"": 0.45}]",2026-07-03
DEFENCE_ELECTRONICS,Defence & Aerospace,INDUSTRIAL,"India's indigenisation drive in defence — domestic manufacturers replacing imports in aerospace, missiles, naval systems, and electronics.","Positive indigenisation lists, defence exports target, border tensions","Long order-to-revenue cycles, technology transfer complexity","US defence budget expansion, NATO spending surge","CAPITAL_GOODS,DEFENCE",24,24,0,11,58.39,NEUTRAL,CONSOLIDATING,RETAIL,43.76,8.15,11.91,52.28,14.14,2.26,61.38,45.03,-50.05,-18.16,-4.92,-2.12,"[{""symbol"": ""PARAS"", ""bull_run_score"": 53.13, ""label"": ""EMERGING"", ""purity_score"": 1.0}, {""symbol"": ""ASTRAMICRO"", ""bull_run_score"": 51.23, ""label"": ""EMERGING"", ""purity_score"": 1.0}, {""symbol"": ""DIVGIITTS"", ""bull_run_score"": 50.62, ""label"": ""EMERGING"", ""purity_score"": 1.0}, {""symbol"": ""AEQUS"", ""bull_run_score"": 50.36, ""label"": ""EMERGING"", ""purity_score"": 1.0}, {""symbol"": ""UNIMECH"", ""bull_run_score"": 50.33, ""label"": ""EMERGING"", ""purity_score"": 1.0}]",2026-07-03
MEDIA_ENTERTAIN,"Media, Content & Entertainment",CONSUMER,OTT consolidation + Indian cinema global expansion + sports IP monetisation + gaming growth — content economy scaling fast.,"OTT subscriber growth, IPL media rights Rs 48K Cr, YouTube India","Content cost inflation, piracy, OTT subscription fatigue","Netflix, Disney streaming content war globally",MEDIA,47,47,0,12,56.09,NEUTRAL,DORMANT,SMART_MONEY,42.33,-2.11,-2.57,18.49,-21.85,1.01,56.29,24.78,-2.81,-85.63,46.16,-1.31,"[{""symbol"": ""SAREGAMA"", ""bull_run_score"": 51.45, ""label"": ""EMERGING"", ""purity_score"": 0.98}, {""symbol"": ""ZEEL"", ""bull_run_score"": 47.9, ""label"": ""EMERGING"", ""purity_score"": 0.98}, {""symbol"": ""PNC"", ""bull_run_score"": 50.6, ""label"": ""EMERGING"", ""purity_score"": 0.88}, {""symbol"": ""ONMOBILE"", ""bull_run_score"": 55.46, ""label"": ""EMERGING"", ""purity_score"": 0.8}, {""symbol"": ""HATHWAY"", ""bull_run_score"": 45.24, ""label"": ""EMERGING"", ""purity_score"": 0.98}]",2026-07-03
GAMING_ESPORTS,Gaming & Digital Entertainment,EMERGING,India 2nd largest mobile gaming market + real-money gaming regulation + esports Olympic roadmap + fantasy sports monetisation.,"450M mobile gamers, GST clarity on real-money gaming, esports recognition","Regulatory overhang (TDS on winnings), addiction concerns, Google Play policies","Sea Limited (Garena), Activision Blizzard Asia gaming expansion",MEDIA,47,47,0,12,55.88,NEUTRAL,DORMANT,SMART_MONEY,42.28,-2.28,-2.68,18.37,-22.11,1.03,56.17,24.32,-2.81,-85.63,46.16,-1.31,"[{""symbol"": ""ONMOBILE"", ""bull_run_score"": 55.46, ""label"": ""EMERGING"", ""purity_score"": 0.4}, {""symbol"": ""HMVL"", ""bull_run_score"": 53.93, ""label"": ""EMERGING"", ""purity_score"": 0.4}, {""symbol"": ""CINEVISTA"", ""bull_run_score"": 51.88, ""label"": ""EMERGING"", ""purity_score"": 0.4}, {""symbol"": ""SAREGAMA"", ""bull_run_score"": 51.45, ""label"": ""EMERGING"", ""purity_score"": 0.4}, {""symbol"": ""PNC"", ""bull_run_score"": 50.6, ""label"": ""EMERGING"", ""purity_score"": 0.4}]",2026-07-03
EV_TRANSITION,Electric Vehicle Revolution,INFRA,"India's shift to electric mobility — EV makers, battery suppliers, charging infrastructure, and ancillaries all in early play.","FAME subsidies, falling battery costs, fuel cost savings","Technology disruption risk, raw material shortage (lithium)",Tesla/BYD supply chain expansion,AUTO,116,116,0,26,50.03,NEUTRAL,CONSOLIDATING,RETAIL,39.47,4.24,6.92,26.19,11.58,1.07,55.13,22.17,-57.83,-16.84,-9.44,3.61,"[{""symbol"": ""CRAFTSMAN"", ""bull_run_score"": 55.56, ""label"": ""EMERGING"", ""purity_score"": 1.0}, {""symbol"": ""JAYBARMARU"", ""bull_run_score"": 50.78, ""label"": ""EMERGING"", ""purity_score"": 1.0}, {""symbol"": ""NRBBEARING"", ""bull_run_score"": 50.7, ""label"": ""EMERGING"", ""purity_score"": 1.0}, {""symbol"": ""ATHERENERG"", ""bull_run_score"": 50.18, ""label"": ""EMERGING"", ""purity_score"": 1.0}, {""symbol"": ""RML"", ""bull_run_score"": 49.52, ""label"": ""EMERGING"", ""purity_score"": 1.0}]",2026-07-03
SEMICONDUCTOR,Semiconductor & Electronics Mfg,TECHNOLOGY,"India Semiconductor Mission targeting domestic chip fabs — TATA-PSMC fab, Foxconn iPhone scale-up, PCB manufacturing, and electronic components.","India Semiconductor Mission Rs 76K Cr, Apple India exports, PLI electronics","Long gestation (10+ year fab cycle), raw material import dependency","TSMC Taiwan, Samsung Korea fab expansion","CAPITAL_GOODS,DEFENCE",247,247,0,53,49.88,NEUTRAL,EARLY_ROTATION,RETAIL,39.16,5.81,8.42,39.01,0.26,1.0,53.53,21.62,-50.05,-18.16,-4.92,-2.12,"[{""symbol"": ""PARAS"", ""bull_run_score"": 53.13, ""label"": ""EMERGING"", ""purity_score"": 0.4}, {""symbol"": ""ASTRAMICRO"", ""bull_run_score"": 51.23, ""label"": ""EMERGING"", ""purity_score"": 0.4}, {""symbol"": ""DIVGIITTS"", ""bull_run_score"": 50.62, ""label"": ""EMERGING"", ""purity_score"": 0.4}, {""symbol"": ""AEQUS"", ""bull_run_score"": 50.36, ""label"": ""EMERGING"", ""purity_score"": 0.4}, {""symbol"": ""UNIMECH"", ""bull_run_score"": 50.33, ""label"": ""EMERGING"", ""purity_score"": 0.4}]",2026-07-03
HEALTHCARE_EXPANSION,Healthcare & Pharma Growth,HEALTHCARE,"Healthcare spending rising as incomes grow — hospitals, pharma R&D, diagnostics, and health insurance all in structural upcycle.","Post-COVID health awareness, ageing population, insurance penetration","US FDA import alerts, pricing pressure on generics",US Medicare expansion cycle,"HEALTHCARE,PHARMA",168,168,0,52,49.83,NEUTRAL,EARLY_ROTATION,RETAIL,40.47,5.59,13.47,31.97,2.85,1.4,56.23,30.64,-52.29,-20.61,-9.29,6.49,"[{""symbol"": ""AJANTPHARM"", ""bull_run_score"": 55.05, ""label"": ""EMERGING"", ""purity_score"": 1.0}, {""symbol"": ""EMCURE"", ""bull_run_score"": 53.69, ""label"": ""EMERGING"", ""purity_score"": 1.0}, {""symbol"": ""CORONA"", ""bull_run_score"": 53.56, ""label"": ""EMERGING"", ""purity_score"": 1.0}, {""symbol"": ""SHILPAMED"", ""bull_run_score"": 50.2, ""label"": ""EMERGING"", ""purity_score"": 1.0}, {""symbol"": ""INDSWFTLAB"", ""bull_run_score"": 50.18, ""label"": ""EMERGING"", ""purity_score"": 1.0}]",2026-07-03
HEALTHTECH,Digital Health & Medtech,HEALTHCARE,ABHA health ID ecosystem + teleconsultation boom + diagnostic aggregators + AI radiology — India building digital health backbone.,"ABHA 640M registrations, Ayushman Bharat Digital Mission, AI radiology","Data privacy concerns, regulatory uncertainty, doctor resistance","Teladoc, Veeva Systems, Oscar Health global digital health","HEALTHCARE,PHARMA",168,168,0,52,49.24,NEUTRAL,EARLY_ROTATION,RETAIL,40.45,5.14,12.46,30.76,1.51,1.34,56.02,28.92,-52.29,-20.61,-9.29,6.49,"[{""symbol"": ""MAXHEALTH"", ""bull_run_score"": 42.2, ""label"": ""WATCHLIST"", ""purity_score"": 0.78}, {""symbol"": ""APOLLOHOSP"", ""bull_run_score"": 41.76, ""label"": ""WATCHLIST"", ""purity_score"": 0.78}, {""symbol"": ""FORTIS"", ""bull_run_score"": 40.68, ""label"": ""WATCHLIST"", ""purity_score"": 0.78}, {""symbol"": ""VIMTALABS"", ""bull_run_score"": 48.16, ""label"": ""EMERGING"", ""purity_score"": 0.6}, {""symbol"": ""YATHARTH"", ""bull_run_score"": 47.02, ""label"": ""EMERGING"", ""purity_score"": 0.6}]",2026-07-03
MIDCAP_MOMENTUM,Mid Cap Momentum (5K-25K Cr),FACTOR,"Mid-cap stocks with 52W return >20%, above 200 DMA, volume expansion, and institutional buying — riding the mid-cap outperformance cycle.",Mid-cap alpha vs Nifty 50 when risk appetite is positive,Momentum reversal can be sharp; liquidity thinner than large caps,"NIFTY Midcap Momentum 30, Russell 2000 Momentum factor","AGRICULTURE,AMC,AUTO,BANKING,CAPITAL_GOODS,CEMENT,CHEMICALS,DEFENCE,DIVERSIFIED,ENERGY,FINANCIAL_SERVICES,FMCG,HEALTHCARE,HOSPITALITY,INFRASTRUCTURE,IT,LOGISTICS,MEDIA,METAL,PHARMA,POWER,REALTY,RETAIL,TELECOM,TEXTILES",345,345,0,82,46.22,NEUTRAL,EARLY_ROTATION,RETAIL,38.8,3.64,5.95,26.57,0.8,0.97,53.46,23.54,-54.38,-11.79,-10.68,1.53,"[{""symbol"": ""CGCL"", ""bull_run_score"": 56.85, ""label"": ""EMERGING"", ""purity_score"": 0.65}, {""symbol"": ""CRAFTSMAN"", ""bull_run_score"": 55.56, ""label"": ""EMERGING"", ""purity_score"": 0.65}, {""symbol"": ""AJANTPHARM"", ""bull_run_score"": 55.05, ""label"": ""EMERGING"", ""purity_score"": 0.65}, {""symbol"": ""EMCURE"", ""bull_run_score"": 53.69, ""label"": ""EMERGING"", ""purity_score"": 0.65}, {""symbol"": ""CORONA"", ""bull_run_score"": 53.56, ""label"": ""EMERGING"", ""purity_score"": 0.65}]",2026-07-03
DATA_CENTRE,Data Centres & Cloud,TECHNOLOGY,"Hyperscaler capex (Azure, AWS, Google India) driving massive data centre buildout — AI inference demand requires low-latency local compute; India is a key site.","AI workload growth, hyperscaler India investments, 5G data explosion","Power availability, land cost escalation, hyperscaler concentration risk","Equinix, Digital Realty, Iron Mountain global expansion","IT,MEDIA,TELECOM",171,171,0,25,45.8,BUILDING,EARLY_ROTATION,SMART_MONEY,37.7,0.43,3.82,27.45,-18.92,1.02,50.8,13.94,-45.49,-41.39,7.57,1.8,"[{""symbol"": ""RAMCOSYS"", ""bull_run_score"": 57.93, ""label"": ""EMERGING"", ""purity_score"": 0.45}, {""symbol"": ""EBGNG"", ""bull_run_score"": 57.92, ""label"": ""EMERGING"", ""purity_score"": 0.45}, {""symbol"": ""HFCL"", ""bull_run_score"": 47.7, ""label"": ""EMERGING"", ""purity_score"": 0.5}, {""symbol"": ""IKS"", ""bull_run_score"": 51.49, ""label"": ""EMERGING"", ""purity_score"": 0.45}, {""symbol"": ""TEJASNET"", ""bull_run_score"": 45.68, ""label"": ""EMERGING"", ""purity_score"": 0.5}]",2026-07-03
DIGITAL_INDIA,Digital India & Technology,TECHNOLOGY,"India's digital transformation — cloud adoption, fintech, digital payments, and IT services exports driving the next growth wave.","UPI ecosystem, India Stack, AI adoption, US tech spend recovery","INR appreciation, wage inflation, global tech slowdown","Global AI infrastructure build (Nvidia, TSMC cycle)","IT,MEDIA,TELECOM",171,171,0,25,45.76,BUILDING,EARLY_ROTATION,SMART_MONEY,37.83,0.32,3.5,26.96,-19.31,1.03,50.96,14.3,-45.49,-41.39,7.57,1.8,"[{""symbol"": ""RAMCOSYS"", ""bull_run_score"": 57.93, ""label"": ""EMERGING"", ""purity_score"": 1.0}, {""symbol"": ""EBGNG"", ""bull_run_score"": 57.92, ""label"": ""EMERGING"", ""purity_score"": 1.0}, {""symbol"": ""ONMOBILE"", ""bull_run_score"": 55.46, ""label"": ""EMERGING"", ""purity_score"": 1.0}, {""symbol"": ""HMVL"", ""bull_run_score"": 53.93, ""label"": ""EMERGING"", ""purity_score"": 1.0}, {""symbol"": ""CINEVISTA"", ""bull_run_score"": 51.88, ""label"": ""EMERGING"", ""purity_score"": 1.0}]",2026-07-03
CHINA_PLUS_ONE,China+1 Manufacturing Shift,MACRO,"Global companies diversifying supply chains out of China into India — chemicals, electronics, and textiles lead this structural decade-long shift.","Geopolitical realignment, PLI incentives, competitive labour costs","Execution risk, infrastructure gaps, China export dumping","Vietnam textiles, Taiwan semiconductors shift","CHEMICALS,TEXTILES",318,318,0,48,45.61,BUILDING,EARLY_ROTATION,SMART_MONEY,37.85,0.98,3.56,27.25,-10.91,1.0,51.29,15.27,-56.62,-35.9,1.11,-0.46,"[{""symbol"": ""GOKEX"", ""bull_run_score"": 59.23, ""label"": ""EMERGING"", ""purity_score"": 1.0}, {""symbol"": ""WELSPUNLIV"", ""bull_run_score"": 53.06, ""label"": ""EMERGING"", ""purity_score"": 1.0}, {""symbol"": ""ARVIND"", ""bull_run_score"": 51.98, ""label"": ""EMERGING"", ""purity_score"": 1.0}, {""symbol"": ""ICIL"", ""bull_run_score"": 51.88, ""label"": ""EMERGING"", ""purity_score"": 1.0}, {""symbol"": ""SPAL"", ""bull_run_score"": 51.5, ""label"": ""EMERGING"", ""purity_score"": 1.0}]",2026-07-03
SPECIALTY_CHEM,Specialty Chemicals & API,HEALTHCARE,China exit from high-value chemical supply chains + import substitution in pharma APIs + fluorochemicals demand — India's chemical export opportunity.,"China+1 in chemicals, US FDA API import alerts on China, fluorine demand","China dumping at low prices, capacity glut risk, raw material INR hedging","BASF, Evonik, Lanxess specialty chemical cycle","CHEMICALS,PHARMA",329,329,0,53,45.38,NEUTRAL,EARLY_ROTATION,RETAIL,37.55,2.15,6.72,28.76,-8.12,1.12,50.68,15.08,-61.72,-44.22,-2.34,2.35,"[{""symbol"": ""APARINDS"", ""bull_run_score"": 48.51, ""label"": ""EMERGING"", ""purity_score"": 0.88}, {""symbol"": ""YASHO"", ""bull_run_score"": 47.94, ""label"": ""EMERGING"", ""purity_score"": 0.88}, {""symbol"": ""PIDILITIND"", ""bull_run_score"": 41.03, ""label"": ""WATCHLIST"", ""purity_score"": 1.0}, {""symbol"": ""NEOGEN"", ""bull_run_score"": 46.51, ""label"": ""EMERGING"", ""purity_score"": 0.88}, {""symbol"": ""JUBLCPL"", ""bull_run_score"": 46.11, ""label"": ""EMERGING"", ""purity_score"": 0.88}]",2026-07-03
AI_ENABLERS,Artificial Intelligence Enablers,TECHNOLOGY,"Indian companies enabling GenAI adoption — data annotation, AI services, IT companies landing AI-first deals, and GPU infra providers.","GenAI enterprise adoption, India's data labelling advantage, AI deal TCV growth","Technology disruption to existing IT services, margin compression","Nvidia AI stack, Microsoft Copilot ecosystem","IT,MEDIA,TELECOM",171,171,0,25,45.37,BUILDING,EARLY_ROTATION,SMART_MONEY,37.57,0.2,3.31,26.37,-19.75,1.03,50.61,13.82,-45.49,-41.39,7.57,1.8,"[{""symbol"": ""RAMCOSYS"", ""bull_run_score"": 57.93, ""label"": ""EMERGING"", ""purity_score"": 0.55}, {""symbol"": ""EBGNG"", ""bull_run_score"": 57.92, ""label"": ""EMERGING"", ""purity_score"": 0.55}, {""symbol"": ""COFORGE"", ""bull_run_score"": 40.48, ""label"": ""WATCHLIST"", ""purity_score"": 0.73}, {""symbol"": ""IKS"", ""bull_run_score"": 51.49, ""label"": ""EMERGING"", ""purity_score"": 0.55}, {""symbol"": ""ONMOBILE"", ""bull_run_score"": 55.46, ""label"": ""EMERGING"", ""purity_score"": 0.5}]",2026-07-03
TURNAROUND,Turnaround & Recovery,FACTOR,"Companies showing improving earnings from loss/low-profit base — restructuring, management change, or sector recovery signals.",Post-distress recovery cycles; DII accumulation in beaten-down names,False positives high; turnaround thesis can take 2-3 years to play out,Distressed debt / special situations investing approach,"AGRICULTURE,AMC,AUTO,AVIATION,BANKING,CAPITAL_GOODS,CEMENT,CHEMICALS,DEFENCE,DIVERSIFIED,ENERGY,FINANCIAL_SERVICES,FMCG,HEALTHCARE,HOSPITALITY,INFRASTRUCTURE,IT,LOGISTICS,MEDIA,METAL,OTHER,PHARMA,POWER,REALTY,RETAIL,TELECOM,TEXTILES",1099,1099,0,227,45.05,NEUTRAL,EARLY_ROTATION,RETAIL,38.86,4.37,7.17,31.42,-4.5,1.0,53.07,20.59,-53.34,-9.34,-11.99,1.42,"[{""symbol"": ""GOKEX"", ""bull_run_score"": 59.23, ""label"": ""EMERGING"", ""purity_score"": 0.48}, {""symbol"": ""RAMCOSYS"", ""bull_run_score"": 57.93, ""label"": ""EMERGING"", ""purity_score"": 0.48}, {""symbol"": ""EBGNG"", ""bull_run_score"": 57.92, ""label"": ""EMERGING"", ""purity_score"": 0.48}, {""symbol"": ""BANSALWIRE"", ""bull_run_score"": 54.93, ""label"": ""EMERGING"", ""purity_score"": 0.48}, {""symbol"": ""POCL"", ""bull_run_score"": 54.81, ""label"": ""EMERGING"", ""purity_score"": 0.48}]",2026-07-03
INDIA_PLUS_ONE,India as Global Alternative,MACRO,"India's emergence as the default alternative to China across manufacturing, services, and supply chains — structural multi-decade tailwind.","China+1, US-India trade partnership, PLI scale-up, FDI inflows","Infrastructure gaps, regulatory complexity, execution bandwidth","Japan supply chain resilience fund, EU friend-shoring policies","CAPITAL_GOODS,CEMENT,CHEMICALS,DEFENCE,INFRASTRUCTURE,PHARMA,TEXTILES",812,812,0,149,44.77,NEUTRAL,EARLY_ROTATION,RETAIL,38.27,2.78,5.71,30.67,-6.73,1.07,52.11,17.95,-56.65,-19.28,-7.48,-0.5,"[{""symbol"": ""GOKEX"", ""bull_run_score"": 59.23, ""label"": ""EMERGING"", ""purity_score"": 0.7}, {""symbol"": ""WELSPUNLIV"", ""bull_run_score"": 53.06, ""label"": ""EMERGING"", ""purity_score"": 0.7}, {""symbol"": ""ARVIND"", ""bull_run_score"": 51.98, ""label"": ""EMERGING"", ""purity_score"": 0.7}, {""symbol"": ""ICIL"", ""bull_run_score"": 51.88, ""label"": ""EMERGING"", ""purity_score"": 0.7}, {""symbol"": ""SPAL"", ""bull_run_score"": 51.5, ""label"": ""EMERGING"", ""purity_score"": 0.7}]",2026-07-03
QUALITY_GROWTH,Quality Growth Compounders,FACTOR,"ROCE >25%, 5Y revenue CAGR >15%, low leverage, consistent FCF — NIFTY QUALITY 50 type companies, priced at premium, rightfully.",Long-term wealth compounders; sector-agnostic quality screen,High valuation multiples vulnerable to growth deceleration,"MSCI Quality Factor, Morningstar Economic Moat companies","AGRICULTURE,AMC,AUTO,AVIATION,BANKING,CAPITAL_GOODS,CEMENT,CHEMICALS,DEFENCE,DIVERSIFIED,ENERGY,FINANCIAL_SERVICES,FMCG,HEALTHCARE,HOSPITALITY,INFRASTRUCTURE,IT,LOGISTICS,MEDIA,METAL,PHARMA,POWER,REALTY,RETAIL,TELECOM,TEXTILES",545,545,0,102,44.66,NEUTRAL,EARLY_ROTATION,RETAIL,38.09,1.8,4.11,22.9,2.18,0.99,51.77,18.25,-53.54,-10.82,-11.08,1.47,"[{""symbol"": ""GMRAIRPORT"", ""bull_run_score"": 57.8, ""label"": ""EMERGING"", ""purity_score"": 0.55}, {""symbol"": ""ADANIENSOL"", ""bull_run_score"": 53.65, ""label"": ""EMERGING"", ""purity_score"": 0.55}, {""symbol"": ""LODHA"", ""bull_run_score"": 52.59, ""label"": ""EMERGING"", ""purity_score"": 0.55}, {""symbol"": ""ADANIENT"", ""bull_run_score"": 52.4, ""label"": ""EMERGING"", ""purity_score"": 0.55}, {""symbol"": ""MOTILALOFS"", ""bull_run_score"": 52.36, ""label"": ""EMERGING"", ""purity_score"": 0.55}]",2026-07-03
EXPORT_GROWTH,Export & Global Trade,MACRO,"India gaining share in global exports — specialty chemicals, pharma APIs, textiles, and IT services are leading export vectors.","Weak INR, global supply chain shifts, FTA negotiations","Global demand slowdown, anti-dumping duties, INR strengthening",Emerging market export cycles,"CHEMICALS,TEXTILES",339,339,0,48,44.61,BUILDING,EARLY_ROTATION,SMART_MONEY,37.44,0.55,2.55,26.2,-12.66,1.03,50.69,13.72,-56.62,-35.9,1.11,-0.46,"[{""symbol"": ""EMAMIPAP"", ""bull_run_score"": 44.1, ""label"": ""WATCHLIST"", ""purity_score"": 1.0}, {""symbol"": ""WSTCSTPAPR"", ""bull_run_score"": 42.31, ""label"": ""WATCHLIST"", ""purity_score"": 1.0}, {""symbol"": ""BALKRISHNA"", ""bull_run_score"": 40.01, ""label"": ""WATCHLIST"", ""purity_score"": 1.0}, {""symbol"": ""LAHOTIOV"", ""bull_run_score"": 38.84, ""label"": ""WATCHLIST"", ""purity_score"": 1.0}, {""symbol"": ""PDMJEPAPER"", ""bull_run_score"": 38.44, ""label"": ""WATCHLIST"", ""purity_score"": 1.0}]",2026-07-03
POWER_TD,Power Transmission & Distribution,INFRA,Rs 3.03L Cr RDSS scheme + smart meter rollout 250M units + HVDC lines for RE evacuation — biggest power sector upgrade since independence.,"RDSS scheme, Revamped Distribution Sector, 250M smart meter mandate","State DISCOM financial stress, payment delays, raw material (copper) costs","ABB, Siemens Energy global grid upgrade cycle","CAPITAL_GOODS,ENERGY,POWER",291,291,0,51,44.46,NEUTRAL,EARLY_ROTATION,RETAIL,38.04,3.91,5.84,34.37,-0.75,0.82,51.94,17.35,-66.23,-18.47,-13.12,-0.52,"[{""symbol"": ""ADANIENSOL"", ""bull_run_score"": 53.65, ""label"": ""EMERGING"", ""purity_score"": 1.0}, {""symbol"": ""ADANIGREEN"", ""bull_run_score"": 44.42, ""label"": ""WATCHLIST"", ""purity_score"": 1.0}, {""symbol"": ""VOLTAMP"", ""bull_run_score"": 43.54, ""label"": ""WATCHLIST"", ""purity_score"": 0.8}, {""symbol"": ""TARIL"", ""bull_run_score"": 42.2, ""label"": ""WATCHLIST"", ""purity_score"": 0.8}, {""symbol"": ""BLUSPRING"", ""bull_run_score"": 49.46, ""label"": ""EMERGING"", ""purity_score"": 0.65}]",2026-07-03
SMALLCAP_QUALITY,Small Cap Quality (<5K Cr),FACTOR,"Hidden compounders: ROE >20%, Debt/Equity <0.5, promoter stake >50%, consistent earnings — small caps before institutional discovery.",Bottom-up quality selection independent of macro cycle,"Illiquidity, discovery risk, governance risk in promoter-owned small caps","NIFTY Smallcap Quality, VanEck Small Cap Quality ETF","AGRICULTURE,AUTO,AVIATION,BANKING,CAPITAL_GOODS,CEMENT,CHEMICALS,DEFENCE,DIVERSIFIED,ENERGY,FINANCIAL_SERVICES,FMCG,HEALTHCARE,HOSPITALITY,INFRASTRUCTURE,IT,LOGISTICS,MEDIA,METAL,OTHER,PHARMA,POWER,REALTY,RETAIL,TELECOM,TEXTILES",754,754,0,145,44.43,NEUTRAL,EARLY_ROTATION,RETAIL,38.89,4.69,7.69,33.63,-7.09,1.02,52.9,19.32,-54.87,-9.01,-12.67,1.31,"[{""symbol"": ""GOKEX"", ""bull_run_score"": 59.23, ""label"": ""EMERGING"", ""purity_score"": 0.62}, {""symbol"": ""RAMCOSYS"", ""bull_run_score"": 57.93, ""label"": ""EMERGING"", ""purity_score"": 0.62}, {""symbol"": ""EBGNG"", ""bull_run_score"": 57.92, ""label"": ""EMERGING"", ""purity_score"": 0.62}, {""symbol"": ""BANSALWIRE"", ""bull_run_score"": 54.93, ""label"": ""EMERGING"", ""purity_score"": 0.62}, {""symbol"": ""POCL"", ""bull_run_score"": 54.81, ""label"": ""EMERGING"", ""purity_score"": 0.62}]",2026-07-03
RAILWAYS_METRO,Railways & Metro Rail,INFRA,Rs 2.5L Cr Vande Bharat expansion + metro rail in 50 cities + Dedicated Freight Corridors Phase 2 — largest railway modernisation globally.,"Vande Bharat 400 trains, DFC Phase 2, metro rail in 50+ cities","Cost overruns, execution delays, land acquisition challenges","Alstom, CRRC global railway equipment","CAPITAL_GOODS,INFRASTRUCTURE",311,311,0,52,44.15,NEUTRAL,EARLY_ROTATION,RETAIL,38.24,4.47,6.11,35.27,-5.06,0.9,51.87,16.51,-65.86,-15.04,-12.75,-2.82,"[{""symbol"": ""GMRAIRPORT"", ""bull_run_score"": 57.8, ""label"": ""EMERGING"", ""purity_score"": 0.5}, {""symbol"": ""ADANIENT"", ""bull_run_score"": 52.4, ""label"": ""EMERGING"", ""purity_score"": 0.5}, {""symbol"": ""WABAG"", ""bull_run_score"": 49.28, ""label"": ""EMERGING"", ""purity_score"": 0.5}, {""symbol"": ""PSPPROJECT"", ""bull_run_score"": 47.98, ""label"": ""EMERGING"", ""purity_score"": 0.5}, {""symbol"": ""CEIGALL"", ""bull_run_score"": 47.67, ""label"": ""EMERGING"", ""purity_score"": 0.5}]",2026-07-03
CAPEX_CYCLE,Capital Expenditure Boom,MACRO,"India's corporate and government capex supercycle — new factories, power plants, and industrial capacity being built at unprecedented scale.",Government infra spend + PLI schemes + rising corporate profits,"Interest rate sensitivity, commodity cost inflation","US Industrials, South Korea Steel cycle","AUTO,CAPITAL_GOODS,CEMENT,CHEMICALS,DEFENCE,ENERGY,INFRASTRUCTURE,METAL,POWER",653,653,0,114,44.05,NEUTRAL,EARLY_ROTATION,RETAIL,38.27,3.14,4.84,32.54,0.24,0.94,52.41,16.99,-60.22,-10.75,-14.09,1.26,"[{""symbol"": ""BANSALWIRE"", ""bull_run_score"": 54.93, ""label"": ""EMERGING"", ""purity_score"": 1.0}, {""symbol"": ""POCL"", ""bull_run_score"": 54.81, ""label"": ""EMERGING"", ""purity_score"": 1.0}, {""symbol"": ""KAJARIACER"", ""bull_run_score"": 50.26, ""label"": ""EMERGING"", ""purity_score"": 1.0}, {""symbol"": ""AEROFLEX"", ""bull_run_score"": 49.64, ""label"": ""EMERGING"", ""purity_score"": 1.0}, {""symbol"": ""AVALON"", ""bull_run_score"": 49.59, ""label"": ""EMERGING"", ""purity_score"": 1.0}]",2026-07-03
CYBERSECURITY,Cybersecurity & Data Protection,TECHNOLOGY,DPDP Act 2023 compliance mandates + rising state-sponsored attacks + OT/SCADA security needs in energy/defence driving spend.,"DPDP Act compliance deadline, CERT-IN mandates, defence OT security","SME budget constraints, global platform competition (Palo Alto, CrowdStrike)","CrowdStrike, Zscaler, Palo Alto Networks global expansion","DEFENCE,IT",130,130,0,22,44.02,NEUTRAL,EARLY_ROTATION,RETAIL,37.19,2.19,5.52,31.4,-16.53,1.31,50.82,16.89,-51.06,-23.2,-0.22,3.36,"[{""symbol"": ""PARAS"", ""bull_run_score"": 53.13, ""label"": ""EMERGING"", ""purity_score"": 0.5}, {""symbol"": ""RAMCOSYS"", ""bull_run_score"": 57.93, ""label"": ""EMERGING"", ""purity_score"": 0.45}, {""symbol"": ""EBGNG"", ""bull_run_score"": 57.92, ""label"": ""EMERGING"", ""purity_score"": 0.45}, {""symbol"": ""ASTRAMICRO"", ""bull_run_score"": 51.23, ""label"": ""EMERGING"", ""purity_score"": 0.5}, {""symbol"": ""COFORGE"", ""bull_run_score"": 40.48, ""label"": ""WATCHLIST"", ""purity_score"": 0.63}]",2026-07-03
FINTECH_INFRASTR,Fintech Infrastructure,TECHNOLOGY,"UPI transaction volume doubling YoY, ONDC ecosystem, CBDC pilot, account aggregator — India building the world's most sophisticated payment rails.","UPI volume 15B+ monthly, ONDC scaling, RBI CBDC pilot","Regulatory tightening, cybersecurity threats, zero-MDR policy","Stripe, PayPal, Brazil Pix payment rail ecosystem","FINANCIAL_SERVICES,IT,MEDIA,TELECOM",179,179,0,26,43.29,BUILDING,EARLY_ROTATION,SMART_MONEY,37.69,0.48,3.05,25.86,-19.44,1.02,50.69,13.89,-50.13,-30.81,1.12,2.57,"[{""symbol"": ""STYL"", ""bull_run_score"": 45.92, ""label"": ""EMERGING"", ""purity_score"": 0.8}, {""symbol"": ""CCAVENUE"", ""bull_run_score"": 44.16, ""label"": ""WATCHLIST"", ""purity_score"": 0.8}, {""symbol"": ""FINKURVE"", ""bull_run_score"": 43.08, ""label"": ""WATCHLIST"", ""purity_score"": 0.8}, {""symbol"": ""MOBIKWIK"", ""bull_run_score"": 37.89, ""label"": ""WATCHLIST"", ""purity_score"": 0.8}, {""symbol"": ""SUVIDHAA"", ""bull_run_score"": 37.85, ""label"": ""WATCHLIST"", ""purity_score"": 0.8}]",2026-07-03
BATTERY_STORAGE,Battery & Energy Storage,EMERGING,Grid-scale storage for RE intermittency + PLI for ACC batteries + pumped hydro revival + EV battery supply chain — multi-decade opportunity.,"PLI ACC Rs 18,100 Cr, RE grid storage mandate, EV battery localisation","Technology disruption (solid-state vs lithium-ion), raw material supply","CATL, LG Energy Solution, Panasonic battery expansion","AUTO,CHEMICALS,ENERGY,METAL,POWER",508,508,0,66,42.45,NEUTRAL,EARLY_ROTATION,RETAIL,37.65,1.5,3.51,27.26,-0.62,0.96,51.46,14.18,-62.97,-16.63,-13.79,3.92,"[{""symbol"": ""CRAFTSMAN"", ""bull_run_score"": 55.56, ""label"": ""EMERGING"", ""purity_score"": 0.55}, {""symbol"": ""JAYBARMARU"", ""bull_run_score"": 50.78, ""label"": ""EMERGING"", ""purity_score"": 0.55}, {""symbol"": ""NRBBEARING"", ""bull_run_score"": 50.7, ""label"": ""EMERGING"", ""purity_score"": 0.55}, {""symbol"": ""ATHERENERG"", ""bull_run_score"": 50.18, ""label"": ""EMERGING"", ""purity_score"": 0.55}, {""symbol"": ""RML"", ""bull_run_score"": 49.52, ""label"": ""EMERGING"", ""purity_score"": 0.55}]",2026-07-03
PSU_REVIVAL,Public Sector Revival,MACRO,"Government-owned companies being re-rated as governance improves — PSU banks, oil companies, and utilities recapturing investor attention.","Government recapitalisation, dividend mandates, disinvestment re-think","Government interference in business decisions, populist spending",China SOE reform cycle,"DIVERSIFIED,ENERGY",5,5,0,2,42.1,NEUTRAL,DORMANT,RETAIL,38.31,-2.57,2.85,21.51,-15.3,0.52,54.7,38.55,-47.65,-28.61,-1.06,1.34,"[{""symbol"": ""MMTC"", ""bull_run_score"": 46.56, ""label"": ""EMERGING"", ""purity_score"": 1.0}, {""symbol"": ""STCINDIA"", ""bull_run_score"": 46.12, ""label"": ""EMERGING"", ""purity_score"": 1.0}, {""symbol"": ""BHARATCOAL"", ""bull_run_score"": 38.59, ""label"": ""WATCHLIST"", ""purity_score"": 1.0}, {""symbol"": ""COALINDIA"", ""bull_run_score"": 30.37, ""label"": ""WATCHLIST"", ""purity_score"": 1.0}, {""symbol"": ""SANDUMA"", ""bull_run_score"": 29.93, ""label"": ""NEUTRAL"", ""purity_score"": 1.0}]",2026-07-03
SMART_CITIES,Smart Cities & Urban Tech,INFRA,Smart City Mission 2.0 + CCTV/surveillance rollout + traffic management systems + EV charging city infrastructure building.,"100 Smart Cities Mission, Rs 6,450 Cr AMRUT, urban population growth","Implementation complexity, fragmented city-level procurement","Honeywell, Bosch smart city solutions globally","CAPITAL_GOODS,INFRASTRUCTURE,LOGISTICS,REALTY,TELECOM",475,475,0,69,41.82,NEUTRAL,EARLY_ROTATION,RETAIL,38.06,3.42,4.75,32.63,-7.79,0.93,51.08,14.45,-63.88,-10.19,-15.25,-1.13,"[{""symbol"": ""LODHA"", ""bull_run_score"": 52.59, ""label"": ""EMERGING"", ""purity_score"": 0.58}, {""symbol"": ""GMRAIRPORT"", ""bull_run_score"": 57.8, ""label"": ""EMERGING"", ""purity_score"": 0.45}, {""symbol"": ""PHOENIXLTD"", ""bull_run_score"": 44.49, ""label"": ""WATCHLIST"", ""purity_score"": 0.58}, {""symbol"": ""PRESTIGE"", ""bull_run_score"": 43.83, ""label"": ""WATCHLIST"", ""purity_score"": 0.58}, {""symbol"": ""OBEROIRLTY"", ""bull_run_score"": 42.65, ""label"": ""WATCHLIST"", ""purity_score"": 0.58}]",2026-07-03
DIVIDEND_YIELD,High Dividend Yield,FACTOR,"Stocks with dividend yield >3.5%, sustainable payout ratio, preferred by FIIs for passive income — works as defensive play in risk-off markets.","FII preference for yield, PSU dividend mandates, retiree allocation shift",Dividend cuts if earnings deteriorate; yield trap in declining businesses,"FTSE Dividend Index, S&P Dividend Aristocrats","AMC,AUTO,AVIATION,BANKING,CAPITAL_GOODS,CEMENT,CHEMICALS,DEFENCE,DIVERSIFIED,ENERGY,FINANCIAL_SERVICES,FMCG,HEALTHCARE,HOSPITALITY,INFRASTRUCTURE,IT,LOGISTICS,METAL,PHARMA,POWER,REALTY,RETAIL,TELECOM,TEXTILES",204,204,0,22,41.54,NEUTRAL,CONSOLIDATING,RETAIL,37.05,-1.09,1.34,17.42,3.87,1.01,49.26,10.76,-55.83,-8.25,-13.34,1.65,"[{""symbol"": ""GMRAIRPORT"", ""bull_run_score"": 57.8, ""label"": ""EMERGING"", ""purity_score"": 0.55}, {""symbol"": ""ADANIENSOL"", ""bull_run_score"": 53.65, ""label"": ""EMERGING"", ""purity_score"": 0.55}, {""symbol"": ""LODHA"", ""bull_run_score"": 52.59, ""label"": ""EMERGING"", ""purity_score"": 0.55}, {""symbol"": ""ADANIENT"", ""bull_run_score"": 52.4, ""label"": ""EMERGING"", ""purity_score"": 0.55}, {""symbol"": ""MOTILALOFS"", ""bull_run_score"": 52.36, ""label"": ""EMERGING"", ""purity_score"": 0.55}]",2026-07-03
FINANCIALISATION,Financialisation of Savings,FINANCE,Indians shifting savings from gold and real estate into stocks and MFs — financial companies see structural demand growth.,"Rising incomes, SIP culture, SEBI reforms, UPI credit ecosystem","Market correction dampens SIP inflows, credit cycle stress",US wealth management boom (2010-2020),"AMC,BANKING,FINANCIAL_SERVICES",256,256,0,29,41.51,NEUTRAL,EARLY_ROTATION,RETAIL,37.61,1.53,1.67,21.72,-8.28,1.0,50.42,11.51,-50.72,-5.55,-11.72,4.19,"[{""symbol"": ""CGCL"", ""bull_run_score"": 56.85, ""label"": ""EMERGING"", ""purity_score"": 1.0}, {""symbol"": ""MOTILALOFS"", ""bull_run_score"": 52.36, ""label"": ""EMERGING"", ""purity_score"": 1.0}, {""symbol"": ""NAM-INDIA"", ""bull_run_score"": 51.05, ""label"": ""EMERGING"", ""purity_score"": 1.0}, {""symbol"": ""GODIGIT"", ""bull_run_score"": 49.25, ""label"": ""EMERGING"", ""purity_score"": 1.0}, {""symbol"": ""VLSFINANCE"", ""bull_run_score"": 49.0, ""label"": ""EMERGING"", ""purity_score"": 1.0}]",2026-07-03
PORTS_SHIPPING,Ports & Maritime Logistics,INFRA,Sagarmala Phase 3 + Vadhvan mega-port + India targeting global trans-shipment hub status — maritime logistics modernising rapidly.,"Sagarmala Rs 6L Cr, Vadhvan port, EXIM growth, India trade balance","Global trade slowdown, congestion at major ports, geopolitical route disruption","DP World, PSA International, Hutchison Ports expansion","DEFENCE,INFRASTRUCTURE,LOGISTICS",124,124,0,13,41.47,NEUTRAL,EARLY_ROTATION,RETAIL,37.42,2.12,1.11,28.47,-13.99,1.03,50.03,10.57,-54.18,-12.36,-8.94,-0.46,"[{""symbol"": ""GRSE"", ""bull_run_score"": 44.53, ""label"": ""WATCHLIST"", ""purity_score"": 0.85}, {""symbol"": ""OMFREIGHT"", ""bull_run_score"": 45.94, ""label"": ""EMERGING"", ""purity_score"": 0.8}, {""symbol"": ""MAZDOCK"", ""bull_run_score"": 41.18, ""label"": ""WATCHLIST"", ""purity_score"": 0.85}, {""symbol"": ""KERNEX"", ""bull_run_score"": 47.77, ""label"": ""EMERGING"", ""purity_score"": 0.55}, {""symbol"": ""SHADOWFAX"", ""bull_run_score"": 46.93, ""label"": ""EMERGING"", ""purity_score"": 0.55}]",2026-07-03
GREEN_ENERGY,Green & Renewable Energy,ENERGY,"India targeting 500GW renewable capacity by 2030 — solar, wind, green hydrogen, and energy storage companies are direct beneficiaries.","Global climate commitments, falling solar costs, energy security","Land acquisition, grid curtailment, financing costs","Global clean energy transition (IRA, European Green Deal)","ENERGY,POWER",67,67,0,9,41.32,NEUTRAL,EARLY_ROTATION,RETAIL,36.57,0.83,2.0,28.47,-2.37,0.7,49.98,14.14,-66.39,-20.4,-12.18,1.34,"[{""symbol"": ""ADANIENSOL"", ""bull_run_score"": 53.65, ""label"": ""EMERGING"", ""purity_score"": 1.0}, {""symbol"": ""BLUSPRING"", ""bull_run_score"": 49.46, ""label"": ""EMERGING"", ""purity_score"": 1.0}, {""symbol"": ""AEGISLOG"", ""bull_run_score"": 48.59, ""label"": ""EMERGING"", ""purity_score"": 1.0}, {""symbol"": ""CLEANMAX"", ""bull_run_score"": 47.59, ""label"": ""EMERGING"", ""purity_score"": 1.0}, {""symbol"": ""ACMESOLAR"", ""bull_run_score"": 47.31, ""label"": ""EMERGING"", ""purity_score"": 1.0}]",2026-07-03
LARGECAP_VALUE,Large Cap Value (>10K Cr mkt cap),FACTOR,"Deep-value positioning in unloved large caps — PE below sector median, stable earnings, waiting for re-rating catalyst. Works in late bull cycles.",Institutional rebalancing from growth to value in rising rate environments,Value traps if earnings deteriorate; may underperform in strong bull markets,"Warren Buffett / Berkshire value approach, MSCI Value factor","AMC,AUTO,AVIATION,BANKING,CAPITAL_GOODS,CEMENT,CHEMICALS,DEFENCE,ENERGY,FINANCIAL_SERVICES,FMCG,HEALTHCARE,HOSPITALITY,INFRASTRUCTURE,IT,LOGISTICS,METAL,PHARMA,POWER,REALTY,RETAIL,TELECOM,TEXTILES",200,200,0,20,41.18,NEUTRAL,CONSOLIDATING,RETAIL,36.99,-1.07,1.25,17.21,4.26,1.02,49.11,9.95,-57.37,-7.31,-14.4,1.72,"[{""symbol"": ""GMRAIRPORT"", ""bull_run_score"": 57.8, ""label"": ""EMERGING"", ""purity_score"": 0.62}, {""symbol"": ""ADANIENSOL"", ""bull_run_score"": 53.65, ""label"": ""EMERGING"", ""purity_score"": 0.62}, {""symbol"": ""LODHA"", ""bull_run_score"": 52.59, ""label"": ""EMERGING"", ""purity_score"": 0.62}, {""symbol"": ""ADANIENT"", ""bull_run_score"": 52.4, ""label"": ""EMERGING"", ""purity_score"": 0.62}, {""symbol"": ""MOTILALOFS"", ""bull_run_score"": 52.36, ""label"": ""EMERGING"", ""purity_score"": 0.62}]",2026-07-03
INTEREST_RATE_CYCLE,Interest Rate Cycle Play,MACRO,"RBI rate cut cycle benefiting rate-sensitive sectors — NIM expansion for banks, housing affordability improving, NBFC funding cost falling.","RBI cut cycle, inflation trajectory, global Fed policy alignment","Inflation resurgence forcing rate hike reversal, sticky core inflation","US Fed rate cut cycle impact on banks, REITs, utilities","BANKING,DIVERSIFIED,ENERGY,FINANCIAL_SERVICES,REALTY",369,369,0,42,41.07,NEUTRAL,EARLY_ROTATION,RETAIL,37.59,1.29,1.22,22.84,-10.96,1.01,49.96,11.36,-58.64,-12.57,-10.86,2.23,"[{""symbol"": ""CERA"", ""bull_run_score"": 53.26, ""label"": ""EMERGING"", ""purity_score"": 0.7}, {""symbol"": ""LODHA"", ""bull_run_score"": 52.59, ""label"": ""EMERGING"", ""purity_score"": 0.7}, {""symbol"": ""STYLAMIND"", ""bull_run_score"": 48.65, ""label"": ""EMERGING"", ""purity_score"": 0.7}, {""symbol"": ""WEWORK"", ""bull_run_score"": 47.14, ""label"": ""EMERGING"", ""purity_score"": 0.7}, {""symbol"": ""GREENPLY"", ""bull_run_score"": 47.05, ""label"": ""EMERGING"", ""purity_score"": 0.7}]",2026-07-03
WATER_MANAGEMENT,Water & Sanitation,INFRA,Jal Jeevan Mission Rs 3.6L Cr + water recycling mandates + drip irrigation boom + AMRUT 2.0 urban water supply — massive underserved opportunity.,"Jal Jeevan Mission, water stress in 21 major cities, ZLD mandates","Execution risk in rural areas, state government payment delays","Veolia, Xylem, Danaher global water infrastructure","CAPITAL_GOODS,INFRASTRUCTURE",89,89,0,10,40.41,NEUTRAL,EARLY_ROTATION,RETAIL,37.66,2.81,2.43,31.06,-15.11,0.98,50.59,11.96,-65.86,-15.04,-12.75,-2.82,"[{""symbol"": ""WABAG"", ""bull_run_score"": 49.28, ""label"": ""EMERGING"", ""purity_score"": 0.85}, {""symbol"": ""JISLJALEQS"", ""bull_run_score"": 41.99, ""label"": ""WATCHLIST"", ""purity_score"": 0.85}, {""symbol"": ""IONEXCHANG"", ""bull_run_score"": 39.2, ""label"": ""WATCHLIST"", ""purity_score"": 0.85}, {""symbol"": ""JISLDVREQS"", ""bull_run_score"": 34.71, ""label"": ""WATCHLIST"", ""purity_score"": 0.85}, {""symbol"": ""GMRAIRPORT"", ""bull_run_score"": 57.8, ""label"": ""EMERGING"", ""purity_score"": 0.4}]",2026-07-03
WEALTH_MGMT,Wealth Management & AMC,FINANCE,MF AUM crossing Rs 70L Cr + PMS growth + demat accounts tripling — India's wealth management industry in structural upcycle.,"SIP Rs 26K Cr/month, demat 180M accounts, equity culture shift","Market correction halting SIP inflows, regulatory fee compression","Vanguard, BlackRock AUM growth trajectory (2000-2020)","AMC,FINANCIAL_SERVICES,RETAIL",218,218,0,26,39.81,NEUTRAL,EARLY_ROTATION,DII,37.72,1.35,1.52,21.52,-11.07,1.03,50.58,12.35,-44.3,2.64,-14.55,2.99,"[{""symbol"": ""NAM-INDIA"", ""bull_run_score"": 51.05, ""label"": ""EMERGING"", ""purity_score"": 0.9}, {""symbol"": ""ABSLAMC"", ""bull_run_score"": 47.54, ""label"": ""EMERGING"", ""purity_score"": 0.9}, {""symbol"": ""NUVAMA"", ""bull_run_score"": 45.17, ""label"": ""EMERGING"", ""purity_score"": 0.9}, {""symbol"": ""IVC"", ""bull_run_score"": 42.21, ""label"": ""WATCHLIST"", ""purity_score"": 0.9}, {""symbol"": ""WEALTH"", ""bull_run_score"": 40.5, ""label"": ""WATCHLIST"", ""purity_score"": 0.9}]",2026-07-03
PREMIUMISATION,Premium Consumption Upgrade,CONSUMER,"India's upper-middle class trading up — premium food, experiences, travel, and consumer goods seeing strong demand as aspirations rise.","Rising urban incomes, aspirational class growth, credit availability",Slowdown in discretionary spending during rate hike cycles,China's premiumisation wave (2010-2015),"AVIATION,FMCG,HOSPITALITY,MEDIA,RETAIL",278,278,0,37,39.69,NEUTRAL,EARLY_ROTATION,RETAIL,36.61,2.1,1.16,20.31,-14.17,0.84,49.96,13.82,-44.42,-4.14,-11.65,-1.08,"[{""symbol"": ""CARTRADE"", ""bull_run_score"": 49.81, ""label"": ""EMERGING"", ""purity_score"": 1.0}, {""symbol"": ""INDIGO"", ""bull_run_score"": 49.26, ""label"": ""EMERGING"", ""purity_score"": 1.0}, {""symbol"": ""AVL"", ""bull_run_score"": 49.02, ""label"": ""EMERGING"", ""purity_score"": 1.0}, {""symbol"": ""NYKAA"", ""bull_run_score"": 48.74, ""label"": ""EMERGING"", ""purity_score"": 1.0}, {""symbol"": ""THANGAMAYL"", ""bull_run_score"": 48.1, ""label"": ""EMERGING"", ""purity_score"": 1.0}]",2026-07-03
GREEN_HYDROGEN,Green Hydrogen Economy,ENERGY,"National Green Hydrogen Mission Rs 19,744 Cr — electrolyser manufacturing, green ammonia exports, and industrial decarbonisation.","NGHM Rs 19,744 Cr, green ammonia export demand, decarbonisation mandates","High cost vs grey hydrogen (4x), electrolyser technology risk, storage challenges","ITM Power, Nel Hydrogen, Plug Power global electrolyser buildout",CHEMICALS,218,218,0,15,39.64,NEUTRAL,EARLY_ROTATION,RETAIL,36.22,0.29,2.58,26.41,-14.14,0.95,48.13,7.06,-67.25,-38.94,-8.0,-0.92,"[{""symbol"": ""HINDPETRO"", ""bull_run_score"": 34.79, ""label"": ""WATCHLIST"", ""purity_score"": 0.53}, {""symbol"": ""BPCL"", ""bull_run_score"": 33.56, ""label"": ""WATCHLIST"", ""purity_score"": 0.53}, {""symbol"": ""IOC"", ""bull_run_score"": 32.49, ""label"": ""WATCHLIST"", ""purity_score"": 0.53}, {""symbol"": ""APARINDS"", ""bull_run_score"": 48.51, ""label"": ""EMERGING"", ""purity_score"": 0.35}, {""symbol"": ""YASHO"", ""bull_run_score"": 47.94, ""label"": ""EMERGING"", ""purity_score"": 0.35}]",2026-07-03
COMMODITY_SUPER,Commodity Supercycle,ENERGY,"Structural shortage in critical minerals (copper, lithium, rare earths) as energy transition accelerates — metal and mining companies benefit.","Energy transition critical minerals demand, China stockpiling, supply underinvestment","China demand slowdown, substitution risk (less copper in solid-state batteries)","BHP, Rio Tinto, Glencore commodity supercycle positioning","CHEMICALS,ENERGY,METAL",364,364,0,34,38.97,NEUTRAL,EARLY_ROTATION,RETAIL,36.75,0.03,1.9,27.15,-4.9,0.93,49.57,10.04,-66.37,-17.66,-16.08,5.33,"[{""symbol"": ""WELCORP"", ""bull_run_score"": 47.12, ""label"": ""EMERGING"", ""purity_score"": 0.88}, {""symbol"": ""BANSALWIRE"", ""bull_run_score"": 54.93, ""label"": ""EMERGING"", ""purity_score"": 0.7}, {""symbol"": ""CHENNPETRO"", ""bull_run_score"": 43.62, ""label"": ""WATCHLIST"", ""purity_score"": 0.88}, {""symbol"": ""POCL"", ""bull_run_score"": 54.81, ""label"": ""EMERGING"", ""purity_score"": 0.7}, {""symbol"": ""AEROFLEX"", ""bull_run_score"": 49.64, ""label"": ""EMERGING"", ""purity_score"": 0.7}]",2026-07-03
MICROFINANCE,Microfinance & Financial Inclusion,FINANCE,PMJDY + Jan Suraksha + NBFC-MFI rural credit expansion — bringing 300M unbanked Indians into formal credit for the first time.,"Financial inclusion mandates, PMJDY, rural credit gap Rs 30L Cr","Portfolio at risk in stress events (COVID-like shocks), over-indebtedness","Grameen Bank, SKS Microfinance, Latin America MFI expansion",FINANCIAL_SERVICES,214,214,0,24,38.72,NEUTRAL,EARLY_ROTATION,DII,37.8,1.58,1.81,22.42,-10.73,1.04,50.71,12.86,-64.03,0.91,-18.23,4.86,"[{""symbol"": ""MUTHOOTMF"", ""bull_run_score"": 48.78, ""label"": ""EMERGING"", ""purity_score"": 0.95}, {""symbol"": ""SATIN"", ""bull_run_score"": 48.38, ""label"": ""EMERGING"", ""purity_score"": 0.95}, {""symbol"": ""CREDITACC"", ""bull_run_score"": 46.6, ""label"": ""EMERGING"", ""purity_score"": 0.95}, {""symbol"": ""FUSION"", ""bull_run_score"": 44.97, ""label"": ""WATCHLIST"", ""purity_score"": 0.95}, {""symbol"": ""SPANDANA"", ""bull_run_score"": 42.91, ""label"": ""WATCHLIST"", ""purity_score"": 0.95}]",2026-07-03
BANKING_CREDIT,Banking & Credit Cycle,FINANCE,"Credit-to-GDP rising from 55% vs EM average 80% — banks, NBFCs, and MFIs riding a multi-year credit upcycle as India formalises.","Credit-to-GDP gap, RBI rate cut cycle, SME lending boom","Asset quality deterioration in unsecured loans, NBFC stress","US banking credit cycle (2016-2019), Southeast Asia bank expansion","BANKING,FINANCIAL_SERVICES",253,253,0,28,38.71,NEUTRAL,EARLY_ROTATION,DII,37.58,1.79,1.85,21.62,-6.83,1.01,50.28,11.0,-69.25,0.74,-20.38,4.23,"[{""symbol"": ""MAHABANK"", ""bull_run_score"": 46.04, ""label"": ""EMERGING"", ""purity_score"": 1.0}, {""symbol"": ""CGCL"", ""bull_run_score"": 56.85, ""label"": ""EMERGING"", ""purity_score"": 0.8}, {""symbol"": ""FEDERALBNK"", ""bull_run_score"": 45.27, ""label"": ""EMERGING"", ""purity_score"": 1.0}, {""symbol"": ""IDFCFIRSTB"", ""bull_run_score"": 44.13, ""label"": ""WATCHLIST"", ""purity_score"": 1.0}, {""symbol"": ""YESBANK"", ""bull_run_score"": 43.91, ""label"": ""WATCHLIST"", ""purity_score"": 1.0}]",2026-07-03
INSURANCE_GROWTH,Insurance Penetration,FINANCE,"India's insurance penetration 4.2% vs global 7% — IRDAI reforms, mandatory health insurance push, and bancassurance growth drive the gap close.","IRDAI Bima Sugam, mandatory health cover push, rising health awareness","Claims ratio volatility, regulatory pricing caps, climate catastrophe events",Southeast Asia insurance penetration catch-up story,FINANCIAL_SERVICES,214,214,0,24,37.82,NEUTRAL,EARLY_ROTATION,DII,37.37,0.95,1.04,20.49,-11.39,1.03,49.97,11.42,-64.03,0.91,-18.23,4.86,"[{""symbol"": ""GODIGIT"", ""bull_run_score"": 49.25, ""label"": ""EMERGING"", ""purity_score"": 0.95}, {""symbol"": ""STARHEALTH"", ""bull_run_score"": 45.87, ""label"": ""EMERGING"", ""purity_score"": 0.95}, {""symbol"": ""NIACL"", ""bull_run_score"": 42.87, ""label"": ""WATCHLIST"", ""purity_score"": 0.95}, {""symbol"": ""NIVABUPA"", ""bull_run_score"": 39.38, ""label"": ""WATCHLIST"", ""purity_score"": 0.95}, {""symbol"": ""CANHLIFE"", ""bull_run_score"": 35.62, ""label"": ""WATCHLIST"", ""purity_score"": 0.95}]",2026-07-03
AGRITECH,Agritech & Precision Farming,EMERGING,Drone-based crop spraying + AI soil sensors + cold chain for perishables + eNAM digital mandi — agriculture productivity tech exploding.,"Drone PLI Rs 120 Cr, eNAM 1,300 mandis, PM KUSUM solar pump","Farmer adoption hurdles, seasonality, MNREGA competes for rural labour","John Deere precision ag, Trimble agriculture, FBN agritech","AGRICULTURE,CHEMICALS",24,24,0,2,37.53,NEUTRAL,CONSOLIDATING,RETAIL,36.93,-4.04,-3.62,16.1,-9.54,0.74,48.96,8.24,-58.25,-18.3,-11.07,-0.46,"[{""symbol"": ""DHANUKA"", ""bull_run_score"": 32.34, ""label"": ""WATCHLIST"", ""purity_score"": 0.88}, {""symbol"": ""NARMADA"", ""bull_run_score"": 47.63, ""label"": ""EMERGING"", ""purity_score"": 0.35}, {""symbol"": ""SANSTAR"", ""bull_run_score"": 46.78, ""label"": ""EMERGING"", ""purity_score"": 0.35}, {""symbol"": ""AMIRCHAND"", ""bull_run_score"": 44.72, ""label"": ""WATCHLIST"", ""purity_score"": 0.35}, {""symbol"": ""GAEL"", ""bull_run_score"": 44.63, ""label"": ""WATCHLIST"", ""purity_score"": 0.35}]",2026-07-03
TOURISM_HOSP,Tourism & Hospitality,CONSUMER,Domestic tourism recovery + India as global spiritual and leisure destination + G20 brand recognition + MICE (meetings/incentives) growth.,"Post-COVID pent-up demand, Incredible India 2.0, G20 brand lift","Geopolitical events, weather disruption, overcapacity in hotel supply","Marriott, Accor, OYO global travel recovery cycle","AVIATION,CAPITAL_GOODS,FINANCIAL_SERVICES,HOSPITALITY",60,60,0,7,36.6,NEUTRAL,EARLY_ROTATION,DII,37.42,2.59,2.44,23.0,-19.21,0.66,50.65,11.22,-55.7,2.46,-19.57,0.15,"[{""symbol"": ""ORIENTHOT"", ""bull_run_score"": 47.22, ""label"": ""EMERGING"", ""purity_score"": 0.88}, {""symbol"": ""UFBL"", ""bull_run_score"": 48.08, ""label"": ""EMERGING"", ""purity_score"": 0.85}, {""symbol"": ""YATRA"", ""bull_run_score"": 46.85, ""label"": ""EMERGING"", ""purity_score"": 0.85}, {""symbol"": ""THELEELA"", ""bull_run_score"": 45.1, ""label"": ""EMERGING"", ""purity_score"": 0.88}, {""symbol"": ""TBOTEK"", ""bull_run_score"": 46.12, ""label"": ""EMERGING"", ""purity_score"": 0.85}]",2026-07-03
LOGISTICS_MODERNISATION,Logistics Modernisation,INFRA,"India's logistics costs (14% of GDP vs 8% globally) being tackled — warehousing, cold chain, and express delivery modernisation underway.","GST e-waybill, PM Gati Shakti, Dedicated Freight Corridors","Fragmented market, thin margins, fuel cost volatility","Amazon logistics disruption, FedEx Asia expansion",LOGISTICS,35,35,0,3,36.55,NEUTRAL,EARLY_ROTATION,DII,36.86,1.97,0.82,24.34,-12.35,0.98,49.45,8.71,-62.57,0.09,-21.48,0.0,"[{""symbol"": ""KERNEX"", ""bull_run_score"": 47.77, ""label"": ""EMERGING"", ""purity_score"": 1.0}, {""symbol"": ""SHADOWFAX"", ""bull_run_score"": 46.93, ""label"": ""EMERGING"", ""purity_score"": 1.0}, {""symbol"": ""OMFREIGHT"", ""bull_run_score"": 45.94, ""label"": ""EMERGING"", ""purity_score"": 1.0}, {""symbol"": ""NECCLTD"", ""bull_run_score"": 44.58, ""label"": ""WATCHLIST"", ""purity_score"": 1.0}, {""symbol"": ""TVSSCS"", ""bull_run_score"": 43.47, ""label"": ""WATCHLIST"", ""purity_score"": 1.0}]",2026-07-03
GOLD_JEWELLERY,Gold & Precious Metals Retail,CONSUMER,Organised jewellery gaining share from unorganised + GST compliance driving formalisation + wedding demand + sovereign gold bond alternatives.,"Organised market share rising from 35% to 60%, BIS hallmarking mandate","Import duty changes, gold price correction, lab-grown diamond disruption","Chow Tai Fook (HK), Signet Jewelers branded jewellery expansion","FMCG,RETAIL",69,69,0,13,36.35,PRICE_LED,EARLY_ROTATION,DII,37.65,4.59,3.13,22.63,-9.58,0.91,51.56,18.15,-63.21,20.7,-29.7,-2.04,"[{""symbol"": ""THANGAMAYL"", ""bull_run_score"": 48.1, ""label"": ""EMERGING"", ""purity_score"": 0.92}, {""symbol"": ""KDDL"", ""bull_run_score"": 46.73, ""label"": ""EMERGING"", ""purity_score"": 0.92}, {""symbol"": ""SKYGOLD"", ""bull_run_score"": 46.18, ""label"": ""EMERGING"", ""purity_score"": 0.92}, {""symbol"": ""TBZ"", ""bull_run_score"": 45.45, ""label"": ""EMERGING"", ""purity_score"": 0.92}, {""symbol"": ""RBZJEWEL"", ""bull_run_score"": 45.1, ""label"": ""EMERGING"", ""purity_score"": 0.92}]",2026-07-03
MONSOON_AGRI,Monsoon & Agricultural Cycle,MACRO,"IMD monsoon forecast as annual alpha signal — kharif/rabi sowing data drives 3-month rural consumption outlook across FMCG, auto, banking.","IMD rainfall cumulative, reservoir levels, kharif/rabi sowing area","El Nino disruption, uneven spatial distribution, crop price volatility","Brazil soy cycle, US corn belt weather-dependent trade","AGRICULTURE,FMCG",203,203,0,24,35.24,NEUTRAL,EARLY_ROTATION,DII,35.66,0.88,-0.81,18.08,-10.98,0.92,48.22,11.5,-60.22,9.31,-21.25,-2.04,"[{""symbol"": ""NARMADA"", ""bull_run_score"": 47.63, ""label"": ""EMERGING"", ""purity_score"": 0.75}, {""symbol"": ""SANSTAR"", ""bull_run_score"": 46.78, ""label"": ""EMERGING"", ""purity_score"": 0.75}, {""symbol"": ""AMIRCHAND"", ""bull_run_score"": 44.72, ""label"": ""WATCHLIST"", ""purity_score"": 0.75}, {""symbol"": ""GAEL"", ""bull_run_score"": 44.63, ""label"": ""WATCHLIST"", ""purity_score"": 0.75}, {""symbol"": ""KCP"", ""bull_run_score"": 43.16, ""label"": ""WATCHLIST"", ""purity_score"": 0.75}]",2026-07-03
RURAL_CONSUMPTION,Rural India Consumption,CONSUMER,"Rising rural incomes from better agri prices and government schemes driving demand for FMCG, two-wheelers, and agri inputs.","Good monsoon, MSP hikes, MNREGA spend, rural credit growth","Drought, inflation eroding real incomes",Indonesia rural consumer cycle,"AGRICULTURE,FMCG",203,203,0,24,34.97,NEUTRAL,EARLY_ROTATION,DII,35.53,0.8,-0.89,17.89,-11.45,0.92,48.04,11.26,-60.22,9.31,-21.25,-2.04,"[{""symbol"": ""CUPID"", ""bull_run_score"": 50.78, ""label"": ""EMERGING"", ""purity_score"": 1.0}, {""symbol"": ""BAJAJCON"", ""bull_run_score"": 49.37, ""label"": ""EMERGING"", ""purity_score"": 1.0}, {""symbol"": ""NARMADA"", ""bull_run_score"": 47.63, ""label"": ""EMERGING"", ""purity_score"": 1.0}, {""symbol"": ""MEGASTAR"", ""bull_run_score"": 47.37, ""label"": ""EMERGING"", ""purity_score"": 1.0}, {""symbol"": ""NETWEB"", ""bull_run_score"": 46.98, ""label"": ""EMERGING"", ""purity_score"": 1.0}]",2026-07-03
INFRASTRUCTURE_BUILD,Infrastructure Buildout,INFRA,"Government's Rs 10 lakh crore annual infra push — roads, metro, ports, and urban infra creating a 7-10 year capex supercycle.","National Infrastructure Pipeline (NIP), PPP revival, smart cities","Land acquisition delays, liquidity stress in EPC companies","US Infrastructure Act (2021), EU Green Deal","CEMENT,INFRASTRUCTURE",114,114,0,10,34.58,NEUTRAL,EARLY_ROTATION,DII,36.9,1.34,0.97,26.47,-15.38,0.95,49.58,8.88,-63.51,11.34,-24.02,-1.98,"[{""symbol"": ""GMRAIRPORT"", ""bull_run_score"": 57.8, ""label"": ""EMERGING"", ""purity_score"": 1.0}, {""symbol"": ""ADANIENT"", ""bull_run_score"": 52.4, ""label"": ""EMERGING"", ""purity_score"": 1.0}, {""symbol"": ""WABAG"", ""bull_run_score"": 49.28, ""label"": ""EMERGING"", ""purity_score"": 1.0}, {""symbol"": ""PSPPROJECT"", ""bull_run_score"": 47.98, ""label"": ""EMERGING"", ""purity_score"": 1.0}, {""symbol"": ""CEIGALL"", ""bull_run_score"": 47.67, ""label"": ""EMERGING"", ""purity_score"": 1.0}]",2026-07-03
REAL_ESTATE_RECOVERY,Real Estate Recovery,CONSUMER,"After a decade of stagnation, real estate is recovering — rising property prices, luxury housing boom, and office space demand returning.","Inventory correction, WFH reversal, NRI buying, low unsold stock","Rate hike affordability pressure, new supply influx",Japan real estate recovery (2012-2019),"CEMENT,REALTY",138,138,0,12,34.05,NEUTRAL,EARLY_ROTATION,DII,37.41,0.65,0.03,23.74,-17.12,1.01,48.92,9.66,-60.31,15.51,-24.48,-1.29,"[{""symbol"": ""CERA"", ""bull_run_score"": 53.26, ""label"": ""EMERGING"", ""purity_score"": 1.0}, {""symbol"": ""LODHA"", ""bull_run_score"": 52.59, ""label"": ""EMERGING"", ""purity_score"": 1.0}, {""symbol"": ""STYLAMIND"", ""bull_run_score"": 48.65, ""label"": ""EMERGING"", ""purity_score"": 1.0}, {""symbol"": ""WEWORK"", ""bull_run_score"": 47.14, ""label"": ""EMERGING"", ""purity_score"": 1.0}, {""symbol"": ""GREENPLY"", ""bull_run_score"": 47.05, ""label"": ""EMERGING"", ""purity_score"": 1.0}]",2026-07-03
QUICK_COMMERCE,Quick Commerce & D2C,CONSUMER,Blinkit/Zepto/Swiggy Instamart dark store expansion + D2C brands bypassing traditional retail — new consumer commerce layer emerging.,"Urban convenience demand, smartphone penetration, D2C brand explosion","Unit economics not proven at scale, dark store real estate cost, deep-pocketed competition","Gorillas (Germany), Getir (Turkey) quick commerce global expansion","FMCG,RETAIL",222,222,0,30,32.1,NEUTRAL,EARLY_ROTATION,DII,35.92,1.49,0.22,18.88,-13.53,0.89,48.9,13.44,-63.21,20.7,-29.7,-2.04,"[{""symbol"": ""CARTRADE"", ""bull_run_score"": 49.81, ""label"": ""EMERGING"", ""purity_score"": 0.55}, {""symbol"": ""AVL"", ""bull_run_score"": 49.02, ""label"": ""EMERGING"", ""purity_score"": 0.55}, {""symbol"": ""NYKAA"", ""bull_run_score"": 48.74, ""label"": ""EMERGING"", ""purity_score"": 0.55}, {""symbol"": ""ABSLAMC"", ""bull_run_score"": 47.54, ""label"": ""EMERGING"", ""purity_score"": 0.55}, {""symbol"": ""LENSKART"", ""bull_run_score"": 47.22, ""label"": ""EMERGING"", ""purity_score"": 0.55}]",2026-07-03
