symbol,date,announcement_type,governance_risk,governance_score,dividend_signal,capex_confirm,management_change,sentiment,sentiment_score,key_decision,processed_at,as_of_date
GSPCROP,2026-07-02,BOARD_OUTCOME,LOW,70,NONE,NO,NO,NEUTRAL,0,Board approved Scheme of Arrangement.,2026-07-03 05:07,2026-07-03
SHADOWFAX,2026-07-02,FUNDRAISE,LOW,70,NONE,NO,NO,NEUTRAL,0,Grant of Employee Stock Options under Shadowfax Technologies Limited- Employee Stock Option Plan - 2016.,2026-07-03 05:07,2026-07-03
TIRUPATIFL,2026-07-02,FUNDRAISE,LOW,70,NONE,NO,NO,NEUTRAL,0,Company informed the exchange regarding the issuance of securities.,2026-07-03 05:13,2026-07-03
SWSOLAR,2026-07-02,MANAGEMENT_CHANGE,HIGH,20,NONE,NO,YES,NEGATIVE,-1,The company informed the exchange regarding the resignation of its Statutory Auditor.,2026-07-03 05:13,2026-07-03
NECCLTD,2026-07-02,ACQUISITION,MEDIUM,50,NONE,NO,NO,NEUTRAL,0,Promoter and Director Mr. Utkarsh Jain acquired SG Green Logistics Private Limited individually.,2026-07-03 05:13,2026-07-03
GUJTHEM,2026-07-02,ACQUISITION,LOW,70,NONE,NO,NO,NEUTRAL,0,Submission of disclosure under SEBI Substantial Acquisition of Shares and Takeovers Regulations.,2026-07-03 05:13,2026-07-03
GRPLTD,2026-07-02,MANAGEMENT_CHANGE,LOW,70,NONE,NO,YES,NEUTRAL,0,"Appointment of Ms Sonal Jaju as Company Secretary & Compliance Officer effective July 02, 2026.",2026-07-03 05:14,2026-07-03
HDBFS,2026-07-02,FUNDRAISE,LOW,70,NONE,NO,NO,POSITIVE,1,"Board approved the allotment of 100,000 Non Convertible Securities.",2026-07-03 05:14,2026-07-03
KHADIM,2026-07-02,BOARD_OUTCOME,LOW,70,NONE,NO,NO,POSITIVE,1,Board met to discuss and approve fund raising activities.,2026-07-03 05:14,2026-07-03
NEWGEN,2026-07-02,BOARD_OUTCOME,LOW,70,NONE,NO,NO,NEUTRAL,0,"Board meeting held on July 02, 2026; no specific outcomes disclosed in the text.",2026-07-03 05:14,2026-07-03
KAYNES,2026-07-02,BOARD_OUTCOME,LOW,70,NONE,NO,NO,NEUTRAL,0,Board approved the appointment of the Internal Auditor for FY 2026-27.,2026-07-03 05:14,2026-07-03
RENUKA,2026-07-02,MANAGEMENT_CHANGE,MEDIUM,50,NONE,NO,YES,NEUTRAL,0,"Mr. Jean-Luc Bohbot resigned as Non-Executive Director effective July 2, 2026.",2026-07-03 05:15,2026-07-03
STOVEKRAFT,2026-07-02,MANAGEMENT_CHANGE,LOW,70,NONE,NO,YES,POSITIVE,1,"Appointment of Mr. Chandru Kalro as Non-Executive Director effective July 02, 2026.",2026-07-03 05:15,2026-07-03
IKS,2026-07-02,FUNDRAISE,LOW,70,NONE,NO,NO,NEUTRAL,0,Company informed the exchange regarding options to purchase securities.,2026-07-03 05:15,2026-07-03
EKC,2026-07-02,MANAGEMENT_CHANGE,LOW,70,NONE,NO,YES,POSITIVE,1,"Appointment of Mr. Narender Prasad Gupta as CEO effective July 01, 2026.",2026-07-03 05:15,2026-07-03
INDUSFILA,2026-07-02,BOARD_OUTCOME,LOW,70,NONE,NO,NO,NEUTRAL,0,"Board meeting held on July 02, 2026; no specific outcomes disclosed in the text.",2026-07-03 05:15,2026-07-03
GANECOS,2026-07-02,MANAGEMENT_CHANGE,MEDIUM,50,NONE,NO,YES,NEGATIVE,-1,Resignation of a Director/KMP/SMP from the company.,2026-07-03 05:16,2026-07-03
ADANIENT,2026-07-02,FUNDRAISE,LOW,70,NONE,NO,NO,POSITIVE,1,Company is raising capital through a Qualified Institutional Placement (QIP) of equity shares.,2026-07-03 05:16,2026-07-03
UGROCAP,2026-07-02,FUNDRAISE,LOW,70,NONE,NO,NO,NEUTRAL,0,Company completed the allotment of listed commercial papers for fundraising.,2026-07-03 05:16,2026-07-03
PRIMO,2026-07-02,BOARD_OUTCOME,LOW,70,NONE,NO,NO,NEUTRAL,0,"Board meeting held on July 02, 2026; no specific outcomes disclosed in the text.",2026-07-03 05:16,2026-07-03
TVSHLTD,2026-07-02,ACQUISITION,LOW,70,NONE,NO,NO,NEUTRAL,0,The company has informed the exchange regarding an acquisition.,2026-07-03 05:16,2026-07-03
LENSKART,2026-07-02,ACQUISITION,LOW,70,NONE,YES,NO,POSITIVE,1,Board approved the incorporation of a Joint Venture with Mingfeng Glassesworld Limited in India.,2026-07-03 05:17,2026-07-03
UNIONBANK,2026-07-02,MANAGEMENT_CHANGE,MEDIUM,50,NONE,NO,YES,NEUTRAL,0,The company informed the exchange regarding a change in its senior management.,2026-07-03 05:17,2026-07-03
DREAMFOLKS,2026-07-02,BOARD_OUTCOME,LOW,70,NONE,NO,NO,NEUTRAL,0,"Board meeting held on July 02, 2026; no specific outcomes disclosed in the text.",2026-07-03 05:17,2026-07-03
BIKAJI,2026-07-02,ACQUISITION,LOW,70,NONE,NO,NO,POSITIVE,1,Completed acquisition of 74% equity share capital in Jai Barbareek Dev Snacks Private Limited.,2026-07-03 05:17,2026-07-03
CMPDI,2026-07-01,MANAGEMENT_CHANGE,MEDIUM,50,NONE,NO,YES,NEUTRAL,0,Change in Management,2026-07-03 05:21,2026-07-03
KRYSTAL,2026-07-01,ACQUISITION,LOW,70,NONE,NO,NO,NEUTRAL,0,Krystal Integrated Services Limited has submitted a disclosure under SEBI Takeover Regulations.,2026-07-03 05:20,2026-07-03
XLENERGY,2026-07-01,ACQUISITION,LOW,70,NONE,NO,NO,NEUTRAL,0,Disclosure under SEBI Takeover Regulations submitted by Karishma Jain.,2026-07-03 05:20,2026-07-03
CHEMPLASTS,2026-07-01,ACQUISITION,LOW,70,NONE,NO,NO,NEUTRAL,0,Sanmar Holdings Ltd has submitted a disclosure under SEBI Takeover Regulations.,2026-07-03 05:20,2026-07-03
IREDA,2026-07-01,MANAGEMENT_CHANGE,MEDIUM,50,NONE,NO,YES,NEUTRAL,0,IREDA Board entrusted Dr Bijay Kumar Mohanty with additional charge of Chairman & Managing Director.,2026-07-03 05:20,2026-07-03
EMKAY,2026-07-01,ACQUISITION,LOW,70,NONE,NO,NO,NEUTRAL,0,Emkay Global Financial Services Limited has submitted a disclosure under SEBI Takeover Regulations.,2026-07-03 05:20,2026-07-03
DMCC,2026-07-01,ACQUISITION,LOW,70,NONE,NO,NO,NEUTRAL,0,Disclosure of acquisition under SEBI Takeover Regulations submitted to the exchange.,2026-07-03 05:20,2026-07-03
CRAMC,2026-07-01,ACQUISITION,LOW,70,NONE,NO,NO,NEUTRAL,0,ORIX Corporation Europe N.V. has submitted a disclosure under SEBI Takeover Regulations.,2026-07-03 05:20,2026-07-03
THELEELA,2026-07-01,ACQUISITION,LOW,70,NONE,NO,NO,NEUTRAL,0,The company has made an acquisition under SEBI Takeover Regulations.,2026-07-03 05:20,2026-07-03
ROTO,2026-07-01,ACQUISITION,LOW,70,NONE,NO,NO,NEUTRAL,0,Anurag Gupta has submitted a disclosure under SEBI Takeover Regulations.,2026-07-03 05:20,2026-07-03
PNGJL,2026-07-01,ACQUISITION,LOW,70,NONE,NO,NO,NEUTRAL,0,PNGJL has submitted disclosure under SEBI Takeover Regulations.,2026-07-03 05:20,2026-07-03
RUPA,2026-07-01,ACQUISITION,LOW,70,NONE,NO,NO,NEUTRAL,0,Disclosure of acquisition under SEBI Takeover Regulations.,2026-07-03 05:21,2026-07-03
CHOLAFIN,2026-07-01,ACQUISITION,LOW,70,NONE,NO,NO,NEUTRAL,0,Cholamandalam Financial Holdings Limited has submitted disclosure under SEBI Takeover Regulations.,2026-07-03 05:20,2026-07-03
ONGC,2026-07-01,MANAGEMENT_CHANGE,MEDIUM,50,NONE,NO,YES,NEUTRAL,0,Director (Production) has superannuated.,2026-07-03 05:21,2026-07-03
KARURVYSYA,2026-07-01,MANAGEMENT_CHANGE,MEDIUM,50,NONE,NO,YES,NEUTRAL,0,Director resignation announced.,2026-07-03 05:21,2026-07-03
TIINDIA,2026-07-01,ACQUISITION,LOW,70,NONE,NO,NO,NEUTRAL,0,Ambadi Investments Limited has submitted disclosure under SEBI Takeover Regulations.,2026-07-03 05:21,2026-07-03
DJML,2026-07-01,BOARD_OUTCOME,LOW,70,NONE,NO,NO,NEUTRAL,0,"Board approved the conversion of 2,61,503 warrants.",2026-07-03 05:21,2026-07-03
GAIL,2026-07-01,MANAGEMENT_CHANGE,MEDIUM,50,NONE,NO,YES,NEUTRAL,0,"Mr R K Jain ceased as Chief Financial Officer w.e.f. July 01, 2026.",2026-07-03 05:21,2026-07-03
FACT,2026-07-01,MANAGEMENT_CHANGE,MEDIUM,50,NONE,NO,YES,NEUTRAL,0,"Director (Marketing) Mr Anupam Misra ceased to be associated with the company w.e.f. July 01, 2026.",2026-07-03 05:21,2026-07-03
BEL,2026-07-01,MANAGEMENT_CHANGE,MEDIUM,50,NONE,NO,YES,NEUTRAL,0,Change in Director(s) of the company.,2026-07-03 05:21,2026-07-03
HINDCOPPER,2026-07-01,MANAGEMENT_CHANGE,MEDIUM,50,NONE,NO,YES,NEUTRAL,0,Change in Director(s) of Hindustan Copper Limited.,2026-07-03 05:21,2026-07-03
ICICIAMC,2026-07-01,MANAGEMENT_CHANGE,MEDIUM,50,NONE,NO,YES,NEUTRAL,0,Change in Director(s) of ICICI Prudential Asset Management Company Limited.,2026-07-03 05:21,2026-07-03
IRCON,2026-07-01,MANAGEMENT_CHANGE,LOW,70,NONE,NO,YES,NEUTRAL,0,"Shri Saleem Ahmad assumed the additional charge of Chairman & Managing Director (CMD) of IRCON w.e.f. July 01, 2026.",2026-07-03 05:21,2026-07-03
ASKAUTOLTD,2026-07-01,MANAGEMENT_CHANGE,MEDIUM,50,NONE,NO,YES,NEUTRAL,0,"Mr. Rajender Dharna, President - Operations, has retired from the company.",2026-07-03 05:21,2026-07-03
GREENPOWER,2026-07-01,ACQUISITION,LOW,70,NONE,NO,NO,NEUTRAL,0,Orient Green Power Company Limited has submitted a disclosure under SEBI Takeover Regulations.,2026-07-03 05:20,2026-07-03
MARICO,2026-07-01,MANAGEMENT_CHANGE,MEDIUM,50,NONE,NO,YES,NEUTRAL,0,Change in Director(s) of the company.,2026-07-03 05:20,2026-07-03
POWERGRID,2026-07-01,MANAGEMENT_CHANGE,MEDIUM,50,NONE,NO,YES,NEUTRAL,0,"Cessation of Mr Ravisankar Ganesan as Director (Finance) and CFO of the company w.e.f. July 01, 2026.",2026-07-03 05:19,2026-07-03
HATHWAY,2026-07-01,ACQUISITION,LOW,70,NONE,NO,NO,NEUTRAL,0,"Reliance Industrial Investments And Holdings Limited has acquired shares of Hathway, as per SEBI Takeover Regulations di",2026-07-03 05:20,2026-07-03
GTPL,2026-07-01,ACQUISITION,LOW,70,NONE,NO,NO,NEUTRAL,0,Jio Content Distribution Holdings Private Limited has submitted a disclosure under SEBI Takeover Regulations.,2026-07-03 05:19,2026-07-03
JINDALSTEL,2026-07-01,ACQUISITION,LOW,70,NONE,NO,NO,NEUTRAL,0,Opelina Sustainable Services Private Limited has submitted a disclosure under SEBI Takeover Regulations.,2026-07-03 05:09,2026-07-03
KSR,2026-07-01,MANAGEMENT_CHANGE,MEDIUM,50,NONE,NO,YES,NEGATIVE,-1,Resignation of a Director/KMP/SMP from the company.,2026-07-03 05:17,2026-07-03
AHLWEST,2026-07-01,ACQUISITION,LOW,70,NONE,NO,NO,NEUTRAL,0,Disclosure of share acquisition by Chaman Lal Brijrani Charitale Trust under SEBI regulations.,2026-07-03 05:18,2026-07-03
WHIRLPOOL,2026-07-01,MANAGEMENT_CHANGE,MEDIUM,50,NONE,NO,YES,NEUTRAL,0,Change in Management,2026-07-03 05:18,2026-07-03
KAVDEFENCE,2026-07-01,ACQUISITION,LOW,70,NONE,NO,NO,NEUTRAL,0,Disclosure under SEBI Takeover Regulations submitted by Uma Reddy C.,2026-07-03 05:18,2026-07-03
SHANTIGEAR,2026-07-01,ACQUISITION,LOW,70,NONE,NO,NO,NEUTRAL,0,Tube Investments of India Limited has submitted a disclosure under SEBI Takeover Regulations.,2026-07-03 05:18,2026-07-03
EMMVEE,2026-07-01,ACQUISITION,LOW,70,NONE,NO,NO,NEUTRAL,0,Emmvee Photovoltaic Power Limited has submitted a disclosure under SEBI Takeover Regulations.,2026-07-03 05:18,2026-07-03
GILLETTE,2026-07-01,MANAGEMENT_CHANGE,MEDIUM,50,NONE,NO,YES,NEUTRAL,0,Change in Management of the Company.,2026-07-03 05:19,2026-07-03
AAREYDRUGS,2026-07-01,ACQUISITION,LOW,70,NONE,NO,NO,NEUTRAL,0,AAREYDRUGS has submitted disclosure under SEBI Takeover Regulations.,2026-07-03 05:19,2026-07-03
AEGISVOPAK,2026-07-01,MANAGEMENT_CHANGE,LOW,70,NONE,NO,YES,NEUTRAL,0,"Addition in role and responsibilities of Mr. Sukumar Nandi, SMP of the Company.",2026-07-03 05:19,2026-07-03
BAJAJHFL,2026-07-01,FUNDRAISE,LOW,70,NONE,NO,NO,NEUTRAL,0,Bajaj Housing Finance Limited has issued securities.,2026-07-03 05:19,2026-07-03
DHANUKA,2026-07-01,MANAGEMENT_CHANGE,LOW,70,NONE,NO,YES,NEUTRAL,0,Board approved Q2 results and declared interim dividend of Rs 5 per share.,2026-07-03 05:20,2026-07-03
MRPL,2026-07-01,MANAGEMENT_CHANGE,MEDIUM,50,NONE,NO,YES,NEUTRAL,0,"Shri. Pankaj Kumar ceased as Non-Executive Nominee Director w.e.f. July 01, 2026.",2026-07-03 05:19,2026-07-03
PGHH,2026-07-01,MANAGEMENT_CHANGE,LOW,70,NONE,NO,YES,NEUTRAL,0,Change in Senior Management Personnel,2026-07-03 05:19,2026-07-03
PKTEA,2026-07-01,ACQUISITION,LOW,70,NONE,NO,NO,NEUTRAL,0,Lakshmi Niwas Bangur has submitted disclosure under SEBI Takeover Regulations.,2026-07-03 05:19,2026-07-03
RAILTEL,2026-07-01,MANAGEMENT_CHANGE,MEDIUM,50,NONE,NO,YES,NEUTRAL,0,Appointment and cessation of SMP,2026-07-03 05:19,2026-07-03
CGPOWER,2026-07-01,ACQUISITION,LOW,70,NONE,NO,NO,NEUTRAL,0,Tube Investments of India Limited has submitted a disclosure under SEBI Takeover Regulations.,2026-07-03 05:19,2026-07-03
AMIRCHAND,2026-07-01,ACQUISITION,LOW,70,NONE,NO,NO,NEUTRAL,0,Amir Chand Jagdish Kumar (Exports) Limited has submitted a disclosure under SEBI Takeover Regulations.,2026-07-03 05:19,2026-07-03
AARTIDRUGS,2026-07-01,ACQUISITION,LOW,70,NONE,NO,NO,NEUTRAL,0,AARTIDRUGS has submitted disclosure under SEBI Takeover Regulations.,2026-07-03 05:19,2026-07-03
HEADSUP,2026-07-01,ACQUISITION,LOW,70,NONE,NO,NO,NEUTRAL,0,Disclosure of acquisition under SEBI Takeover Regulations submitted by Manish B. Mandhana.,2026-07-03 05:19,2026-07-03
BPCL,2026-07-01,ACQUISITION,LOW,70,NONE,NO,NO,NEUTRAL,0,BPCL has submitted disclosure under SEBI Takeover Regulations.,2026-07-03 05:19,2026-07-03
ASHIMASYN,2026-07-01,BOARD_OUTCOME,LOW,70,MAINTAIN,NO,NO,NEUTRAL,0,Board approved Q2 results and declared interim dividend of Rs 5 per share.,2026-07-03 05:20,2026-07-03
MOIL,2026-07-01,MANAGEMENT_CHANGE,MEDIUM,50,NONE,NO,YES,NEUTRAL,0,Change in Management,2026-07-03 05:21,2026-07-03
ENGINERSIN,2026-07-01,MANAGEMENT_CHANGE,MEDIUM,50,NONE,NO,YES,NEUTRAL,0,Board approved retirement of a director.,2026-07-03 05:21,2026-07-03
NIITLTD,2026-07-01,ACQUISITION,LOW,70,NONE,NO,NO,NEUTRAL,0,"Scheme of Amalgamation becoming effective from July 1, 2026.",2026-07-03 05:21,2026-07-03
VAML,2026-07-01,MANAGEMENT_CHANGE,HIGH,20,NONE,NO,YES,NEGATIVE,-1,The company has informed the exchange regarding a change in its statutory auditors.,2026-07-03 05:28,2026-07-03
TEAMLEASE,2026-07-01,BUYBACK,LOW,70,NONE,NO,NO,NEUTRAL,0,TeamLease has announced a buyback of its equity shares through a tender offer.,2026-07-03 05:29,2026-07-03
MSUMI,2026-07-01,MANAGEMENT_CHANGE,HIGH,20,NONE,NO,YES,NEUTRAL,0,Change in Auditors of the company.,2026-07-03 05:29,2026-07-03
BHARTIARTL,2026-07-01,CAPEX_EXPANSION,LOW,70,NONE,YES,NO,NEUTRAL,0,Commencement of commercial operations.,2026-07-03 05:29,2026-07-03
ZODIAC,2026-07-01,MANAGEMENT_CHANGE,LOW,70,NONE,NO,YES,NEUTRAL,0,"Appointment of Ms. Apexa Prajapati as SMP effective July 01, 2026.",2026-07-03 05:29,2026-07-03
ADVENTHTL,2026-07-01,ACQUISITION,MEDIUM,50,NONE,NO,NO,NEUTRAL,0,Company announced an acquisition under SEBI Regulation 30.,2026-07-03 05:28,2026-07-03
INNOVISION,2026-07-01,BOARD_OUTCOME,LOW,70,NONE,NO,NO,NEUTRAL,0,"Board approved the financial results for the period ended March 31, 2026.",2026-07-03 05:28,2026-07-03
CROMPTON,2026-07-01,MANAGEMENT_CHANGE,LOW,70,NONE,NO,YES,NEUTRAL,0,"Appointment of Mr. Sachin Phartiyal as a director effective July 02, 2026.",2026-07-03 05:28,2026-07-03
NETWEB,2026-07-01,BOARD_OUTCOME,LOW,70,NONE,NO,NO,NEUTRAL,0,"Board meeting held on July 01, 2026; no specific outcomes disclosed in the text.",2026-07-03 05:28,2026-07-03
ACMESOLAR,2026-07-01,CAPEX_EXPANSION,LOW,70,NONE,YES,NO,NEUTRAL,0,Acme Solar Holdings Limited has commenced commercial production/operations of its Battery Energy Storage System (BESS) p,2026-07-03 05:22,2026-07-03
IOB,2026-07-01,MANAGEMENT_CHANGE,MEDIUM,50,NONE,NO,YES,NEUTRAL,0,The company informed the exchange regarding a change in its senior management.,2026-07-03 05:27,2026-07-03
VISL,2026-07-01,MANAGEMENT_CHANGE,HIGH,20,NONE,NO,YES,NEGATIVE,-1,The company has informed the exchange regarding a change in its statutory auditors.,2026-07-03 05:27,2026-07-03
SHIVAMAUTO,2026-07-01,MANAGEMENT_CHANGE,LOW,70,NONE,NO,YES,NEUTRAL,0,The company has announced a change in the Company Secretary and Compliance Officer.,2026-07-03 05:27,2026-07-03
ZEEL,2026-07-01,BOARD_OUTCOME,LOW,70,NONE,NO,NO,NEUTRAL,0,"Board meeting held on July 01, 2026; no specific outcomes disclosed in the text.",2026-07-03 05:27,2026-07-03
JSWSTEEL,2026-07-01,MANAGEMENT_CHANGE,LOW,70,NONE,NO,YES,POSITIVE,1,Appointment of Mr. Dev Bajpai as an Additional Non-Executive Independent Director.,2026-07-03 05:27,2026-07-03
VIKASECO,2026-07-01,BOARD_OUTCOME,LOW,70,NONE,NO,NO,NEUTRAL,0,"Board approved the financial results for the period ended June 30, 2026.",2026-07-03 05:26,2026-07-03
FINOPB,2026-07-01,FUNDRAISE,LOW,70,NONE,NO,NO,POSITIVE,1,Board approved the grant of stock options under the ESOP policies of 2020 and 2023.,2026-07-03 05:26,2026-07-03
EDELWEISS,2026-07-01,ACQUISITION,LOW,70,NONE,NO,NO,NEUTRAL,0,Rashesh Chandrakant Shah has submitted disclosure under SEBI Takeover Regulations.,2026-07-03 05:29,2026-07-03
VSSL,2026-07-01,FUNDRAISE,LOW,70,NONE,NO,NO,NEUTRAL,0,"Allotted 15,500 securities under ESOP/ESPS.",2026-07-03 05:29,2026-07-03
UFBL,2026-07-01,ACQUISITION,LOW,70,NONE,NO,NO,NEUTRAL,0,UFBL has submitted a disclosure under SEBI Takeover Regulations.,2026-07-03 05:29,2026-07-03
TICL,2026-07-01,MANAGEMENT_CHANGE,MEDIUM,50,NONE,NO,YES,NEUTRAL,0,Director resignation at Twamev Construction and Infrastructure Limited.,2026-07-03 05:29,2026-07-03
BOROLTD,2026-07-01,CAPEX_EXPANSION,LOW,70,NONE,YES,NO,NEUTRAL,0,Commencement of commercial production/operations.,2026-07-03 05:30,2026-07-03
JINDALPHOT,2026-07-01,BOARD_OUTCOME,LOW,70,INCREASE,NO,NO,POSITIVE,1,Board declared interim dividend of Rs 5 per share.,2026-07-03 05:30,2026-07-03
GROBTEA,2026-07-01,ACQUISITION,LOW,70,NONE,NO,NO,NEUTRAL,0,The Grob Tea Company Limited has informed the Exchange about Acquisition.,2026-07-03 05:30,2026-07-03
HBLENGINE,2026-07-01,BOARD_OUTCOME,LOW,70,MAINTAIN,NO,NO,NEUTRAL,0,Board approved Q2 results and declared interim dividend of Rs 5 per share.,2026-07-03 05:30,2026-07-03
CENTRALBK,2026-07-01,MANAGEMENT_CHANGE,LOW,70,NONE,NO,YES,NEUTRAL,0,"Appointment of Mr Raj Kishor Singh as General Manager w.e.f. July 01, 2026.",2026-07-03 05:30,2026-07-03
STUDDS,2026-07-01,MANAGEMENT_CHANGE,MEDIUM,50,NONE,NO,YES,NEUTRAL,0,Change in Management,2026-07-03 05:30,2026-07-03
ADANIENSOL,2026-07-01,BOARD_OUTCOME,LOW,70,INCREASE,NO,NO,POSITIVE,1,Board declared interim dividend of Rs 5 per share.,2026-07-03 05:30,2026-07-03
OSWALGREEN,2026-07-01,BOARD_OUTCOME,LOW,70,INCREASE,NO,NO,POSITIVE,1,Board declared interim dividend of Rs 5 per share.,2026-07-03 05:30,2026-07-03
JUSTDIAL,2026-07-01,ACQUISITION,LOW,70,NONE,NO,NO,NEUTRAL,0,Anita Mani has submitted disclosure under SEBI Takeover Regulations.,2026-07-03 05:29,2026-07-03
MAXIND,2026-07-01,MANAGEMENT_CHANGE,MEDIUM,50,NONE,NO,YES,NEUTRAL,0,"Mr. Rohit Kapoor resigned as Non-Executive Independent Director of Max India Limited w.e.f. July 01, 2026.",2026-07-03 05:29,2026-07-03
KUNDANMM,2026-07-01,MANAGEMENT_CHANGE,MEDIUM,50,NONE,NO,YES,NEGATIVE,-1,Director resignation announced.,2026-07-03 05:29,2026-07-03
ITI,2026-07-01,MANAGEMENT_CHANGE,MEDIUM,50,NONE,NO,YES,NEUTRAL,0,"Appointment of Shri Rajesh Rai as Executive Director w.e.f. July 01, 2026.",2026-07-03 05:29,2026-07-03
GENUSPOWER,2026-07-01,ACQUISITION,LOW,70,NONE,NO,NO,NEUTRAL,0,Kailash Chandra Agarwal has submitted a disclosure under SEBI Takeover Regulations.,2026-07-03 05:29,2026-07-03
RELIANCE,2026-07-01,ACQUISITION,LOW,70,NONE,NO,NO,NEUTRAL,0,Reliance Welfare Association submitted disclosure under SEBI Takeover Regulations.,2026-07-03 05:29,2026-07-03
JIOFIN,2026-07-01,ACQUISITION,LOW,70,NONE,NO,NO,NEUTRAL,0,Reliance Welfare Association submitted disclosure under SEBI Takeover Regulations.,2026-07-03 05:29,2026-07-03
TECHM,2026-07-01,ACQUISITION,LOW,70,NONE,NO,NO,POSITIVE,1,Company announced the acquisition of an entity.,2026-07-03 05:26,2026-07-03
DBOL,2026-07-01,MANAGEMENT_CHANGE,LOW,70,NONE,NO,YES,NEUTRAL,0,"Resignation of Mr. Santosh Mani as VP - Operations effective June 30, 2026.",2026-07-03 05:26,2026-07-03
ATHERENERG,2026-07-01,FUNDRAISE,LOW,70,NONE,NO,NO,POSITIVE,1,"Allotment of 189,032 equity shares to eligible ESOP holders.",2026-07-03 05:26,2026-07-03
BOSCH-HCIL,2026-07-01,ACQUISITION,LOW,70,NONE,NO,NO,NEUTRAL,0,JCHAC India Holdco Ltd has submitted a disclosure under SEBI Takeover Regulations.,2026-07-03 05:23,2026-07-03
AHCL,2026-07-01,BOARD_OUTCOME,LOW,70,INCREASE,NO,NO,POSITIVE,1,Board declared interim dividend of Rs 5 per share.,2026-07-03 05:23,2026-07-03
DEVYANI,2026-07-01,ACQUISITION,LOW,70,NONE,NO,NO,NEUTRAL,0,Devyani International Limited has submitted disclosure under SEBI Takeover Regulations.,2026-07-03 05:22,2026-07-03
PNB,2026-07-01,MANAGEMENT_CHANGE,MEDIUM,50,NONE,NO,YES,NEUTRAL,0,"Mr Bibhu Prasad Mahapatra ceased as Executive Director w.e.f. July 01, 2026.",2026-07-03 05:22,2026-07-03
WAAREERTL,2026-07-01,ACQUISITION,LOW,70,NONE,NO,NO,NEUTRAL,0,Waaree Energies Limited has submitted a disclosure under SEBI Takeover Regulations.,2026-07-03 05:22,2026-07-03
INFOMEDIA,2026-07-01,ACQUISITION,LOW,70,NONE,NO,NO,NEUTRAL,0,"Reliance Industrial Investments and Holdings Limited has acquired shares of Infomedia, as per SEBI Takeover Regulations ",2026-07-03 05:22,2026-07-03
STLTECH,2026-07-01,FUNDRAISE,LOW,70,NONE,NO,NO,NEUTRAL,0,"Board approved allotment of 25,728,500 securities under Qualified Institution Placement.",2026-07-03 05:22,2026-07-03
JBCHEPHARM,2026-07-01,ACQUISITION,LOW,70,NONE,NO,NO,NEUTRAL,0,Torrent Pharmaceuticals Limited has submitted a disclosure under SEBI Takeover Regulations.,2026-07-03 05:22,2026-07-03
DPABHUSHAN,2026-07-01,ACQUISITION,LOW,70,NONE,NO,NO,NEUTRAL,0,Disclosure under SEBI Takeover Regulations submitted by Renu Kataria.,2026-07-03 05:22,2026-07-03
NETWORK18,2026-07-01,ACQUISITION,LOW,70,NONE,NO,NO,NEUTRAL,0,Reliance Industrial Investments and Holdings Limited has acquired shares of Network18.,2026-07-03 05:22,2026-07-03
DEN,2026-07-01,ACQUISITION,LOW,70,NONE,NO,NO,NEUTRAL,0,Jio Futuristic Digital Holdings Private Limited has submitted a disclosure under SEBI Takeover Regulations.,2026-07-03 05:22,2026-07-03
KAJARIACER,2026-07-01,BUYBACK,LOW,70,NONE,NO,NO,NEUTRAL,0,Kajaria Ceramics Limited has approved a buyback of its equity shares.,2026-07-03 05:22,2026-07-03
BAJAJCON,2026-07-01,MANAGEMENT_CHANGE,MEDIUM,50,NONE,NO,YES,NEGATIVE,-1,Director resignation at Bajaj Consumer Care Limited.,2026-07-03 05:22,2026-07-03
BHARATCOAL,2026-07-01,MANAGEMENT_CHANGE,LOW,70,NONE,NO,YES,NEUTRAL,0,Change in Management,2026-07-03 05:22,2026-07-03
BRITANNIA,2026-07-01,MANAGEMENT_CHANGE,MEDIUM,50,NONE,NO,YES,NEUTRAL,0,Board approved the change in management based on Nomination and Remuneration Committee's recommendation.,2026-07-03 05:22,2026-07-03
ROLLT,2026-07-01,MANAGEMENT_CHANGE,MEDIUM,50,NONE,NO,YES,NEUTRAL,0,Director resignation announced.,2026-07-03 05:22,2026-07-03
CARERATING,2026-07-01,MANAGEMENT_CHANGE,LOW,70,NONE,NO,YES,NEUTRAL,0,"Appointment of Mr Sanjay Agarwal as Chief Risk Officer w.e.f. August 01, 2026.",2026-07-03 05:23,2026-07-03
HAL,2026-07-01,MANAGEMENT_CHANGE,MEDIUM,50,NONE,NO,YES,NEUTRAL,0,Change in Management,2026-07-03 05:23,2026-07-03
NTPCGREEN,2026-07-01,MANAGEMENT_CHANGE,MEDIUM,50,NONE,NO,YES,NEUTRAL,0,The company informed the exchange regarding a change in its management.,2026-07-03 05:25,2026-07-03
SALSTEEL,2026-07-01,BOARD_OUTCOME,LOW,70,INCREASE,NO,NO,POSITIVE,1,Board approved Q2 results and declared interim dividend of Rs 5 per share.,2026-07-03 05:23,2026-07-03
ENDURANCE,2026-07-01,ACQUISITION,LOW,70,NONE,NO,NO,POSITIVE,1,Endurance Overseas SpA acquired an additional stake in Stoeferle GmbH and Stoeferle Automotive GmbH.,2026-07-03 05:25,2026-07-03
KECL,2026-07-01,MANAGEMENT_CHANGE,LOW,70,NONE,NO,YES,POSITIVE,1,"Appointment of Ms. Irene J. Pereira as VP Human Resources Transformation effective July 01, 2026.",2026-07-03 05:25,2026-07-03
VIMTALABS,2026-07-01,FUNDRAISE,LOW,70,NONE,NO,NO,NEUTRAL,0,"Board approved allotment of 17,549 securities under ESOP/ESPS.",2026-07-03 05:25,2026-07-03
CANBK,2026-07-01,MANAGEMENT_CHANGE,MEDIUM,50,NONE,NO,YES,NEUTRAL,0,The company informed the exchange regarding a change in management.,2026-07-03 05:25,2026-07-03
ARSSINFRA,2026-07-01,MANAGEMENT_CHANGE,MEDIUM,50,NONE,NO,YES,NEUTRAL,0,The company informed the exchange regarding a change in its management.,2026-07-03 05:24,2026-07-03
LTF,2026-07-01,FUNDRAISE,LOW,70,NONE,NO,NO,NEUTRAL,0,Board approved the allotment of 380 Non Convertible Debentures.,2026-07-03 05:24,2026-07-03
WALCHANNAG,2026-07-01,BOARD_OUTCOME,LOW,70,INCREASE,NO,NO,POSITIVE,1,Board declared interim dividend of Rs 5 per share.,2026-07-03 05:23,2026-07-03
ARIHANTCAP,2026-07-01,ACQUISITION,LOW,70,NONE,NO,NO,NEUTRAL,0,Arihant Capital Markets Limited has informed the Exchange about update on Scheme of Arrangement.,2026-07-03 05:23,2026-07-03
ROUTE,2026-07-01,MANAGEMENT_CHANGE,MEDIUM,50,NONE,NO,YES,NEUTRAL,0,Director resignation at ROUTE MOBILE LIMITED.,2026-07-03 05:23,2026-07-03
ARVSMART,2026-07-01,MANAGEMENT_CHANGE,MEDIUM,50,NONE,NO,YES,NEUTRAL,0,Director resignation announced.,2026-07-03 05:23,2026-07-03
PSB,2026-07-01,MANAGEMENT_CHANGE,MEDIUM,50,NONE,NO,YES,NEUTRAL,0,Change in Management,2026-07-03 05:23,2026-07-03
RHL,2026-07-01,ACQUISITION,LOW,70,NONE,NO,NO,NEUTRAL,0,RHL has made an acquisition in reliance on SEBI Takeover Regulations.,2026-07-03 05:23,2026-07-03
INDIANB,2026-07-01,MANAGEMENT_CHANGE,MEDIUM,50,NONE,NO,YES,NEUTRAL,0,Change in Senior Management Personnel of the Bank,2026-07-03 05:23,2026-07-03
NURECA,2026-07-01,MANAGEMENT_CHANGE,MEDIUM,50,NONE,NO,YES,NEUTRAL,0,Director resignation announced.,2026-07-03 05:23,2026-07-03
ASTERDM,2026-07-01,MANAGEMENT_CHANGE,MEDIUM,50,NONE,NO,YES,NEUTRAL,0,Change in Director(s) of the company.,2026-07-03 05:23,2026-07-03
WAAREEINDO,2026-06-30,ACQUISITION,LOW,70,NONE,NO,NO,NEUTRAL,0,Waaree Energies Limited has submitted a disclosure under SEBI Takeover Regulations.,2026-07-03 05:33,2026-07-03
M&M,2026-06-30,ACQUISITION,LOW,70,NONE,NO,NO,NEUTRAL,0,Incorporation of Mahindra Kandivali Developers Limited.,2026-07-03 05:38,2026-07-03
AMBER,2026-06-30,ACQUISITION,LOW,70,NONE,NO,NO,POSITIVE,1,Company provided an update on the timeline for the second tranche of MoMagic Wireless acquisition.,2026-07-03 05:19,2026-07-03
RHIM,2026-06-30,MANAGEMENT_CHANGE,MEDIUM,50,NONE,NO,YES,NEUTRAL,0,Change in Director(s) of the company.,2026-07-03 05:37,2026-07-03
TIL,2026-06-30,ACQUISITION,LOW,70,NONE,NO,NO,NEUTRAL,0,TIL Limited has submitted disclosure under SEBI Takeover Regulations.,2026-07-03 05:37,2026-07-03
NAGAFERT,2026-06-30,BOARD_OUTCOME,LOW,70,MAINTAIN,NO,NO,NEUTRAL,0,Board approved Q4 results and declared interim dividend of Rs 5 per share.,2026-07-03 05:37,2026-07-03
GUJAPOLLO,2026-06-30,ACQUISITION,LOW,70,NONE,NO,NO,NEUTRAL,0,Asit A. Patel has submitted disclosure under SEBI Takeover Regulations.,2026-07-03 05:37,2026-07-03
AEGISLOG,2026-06-30,ACQUISITION,LOW,70,NONE,NO,NO,NEUTRAL,0,Aegis Logistics has submitted disclosure under SEBI Takeover Regulations for acquisition of shares.,2026-07-03 05:37,2026-07-03
UNIVCABLES,2026-06-30,ACQUISITION,LOW,70,NONE,NO,NO,NEUTRAL,0,The Punjab Produce & Trading Co. Pvt. Ltd. has submitted a disclosure under SEBI Takeover Regulations.,2026-07-03 05:37,2026-07-03
GFSTEELS,2026-06-30,MANAGEMENT_CHANGE,HIGH,20,NONE,NO,YES,NEUTRAL,0,Change in Auditors of GFSTEELS.,2026-07-03 05:38,2026-07-03
ACC,2026-06-30,MANAGEMENT_CHANGE,MEDIUM,50,NONE,NO,YES,NEUTRAL,0,"Ms Madhavi Isanaka resigned as Chief Digital Officer w.e.f. Jun 30, 2026.",2026-07-03 05:38,2026-07-03
NLCINDIA,2026-06-30,MANAGEMENT_CHANGE,MEDIUM,50,NONE,NO,YES,NEUTRAL,0,"Mr Prasanna Kumar Motupalli will cease as Chairman & Managing Director effective June 30, 2026.",2026-07-03 05:40,2026-07-03
BLUESTONE,2026-06-30,MANAGEMENT_CHANGE,MEDIUM,50,NONE,NO,YES,NEUTRAL,0,"Mr Paras Shah resigned as Company Secretary & Compliance Officer w.e.f. Jun 30, 2026.",2026-07-03 05:38,2026-07-03
SALONA,2026-06-30,MANAGEMENT_CHANGE,HIGH,20,NONE,NO,YES,NEUTRAL,0,Change in Auditors,2026-07-03 05:38,2026-07-03
ZYDUSWELL,2026-06-30,MANAGEMENT_CHANGE,LOW,70,NONE,NO,YES,NEUTRAL,0,Appointment of Dr. Shyam Ramakrishnan as Other of the company.,2026-07-03 05:38,2026-07-03
FMNL,2026-06-30,ACQUISITION,MEDIUM,50,NONE,NO,NO,NEUTRAL,0,Withdrawal of Scheme of amalgamation amongst FMNL and Metawear Limited.,2026-07-03 05:38,2026-07-03
DIXON,2026-06-30,MANAGEMENT_CHANGE,MEDIUM,50,NONE,NO,YES,NEUTRAL,0,Change in Senior Management,2026-07-03 05:39,2026-07-03
GPPL,2026-06-30,MANAGEMENT_CHANGE,LOW,70,NONE,NO,YES,POSITIVE,1,Appointment of Mrs. Harjeet Kaur Joshi as Non-Executive Independent Director.,2026-07-03 05:39,2026-07-03
HGINFRA,2026-06-30,ACQUISITION,LOW,70,NONE,NO,NO,POSITIVE,1,Company announced the acquisition of a business entity.,2026-07-03 05:39,2026-07-03
ZEEMEDIA,2026-06-30,FUNDRAISE,LOW,70,NONE,NO,NO,POSITIVE,1,Allotment of 3 crore equity shares following conversion of fully convertible warrants.,2026-07-03 05:39,2026-07-03
SKFINDIA,2026-06-30,ACQUISITION,LOW,70,NONE,NO,NO,NEUTRAL,0,Submission of disclosure under SEBI Takeover Regulations.,2026-07-03 05:37,2026-07-03
AMNPLST,2026-06-30,ACQUISITION,LOW,70,NONE,NO,NO,NEUTRAL,0,Disclosure of acquisition of shares under SEBI Takeover Regulations.,2026-07-03 05:37,2026-07-03
RML,2026-06-30,ACQUISITION,LOW,70,NONE,NO,NO,NEUTRAL,0,Board approved acquisition of Hindustan Composites Limited through Business Transfer Agreement.,2026-07-03 05:37,2026-07-03
SBIN,2026-06-30,MANAGEMENT_CHANGE,LOW,70,NONE,NO,YES,NEUTRAL,0,Change in Senior Management,2026-07-03 05:37,2026-07-03
LANDSMILL,2026-06-30,ACQUISITION,LOW,70,NONE,NO,NO,NEUTRAL,0,Landsmill Green Limited has submitted a disclosure under SEBI Takeover Regulations.,2026-07-03 05:36,2026-07-03
SIKKO,2026-06-30,ACQUISITION,LOW,70,NONE,NO,NO,NEUTRAL,0,Jayantibhai Mohanbhai Kumbhani has submitted a disclosure under SEBI Takeover Regulations.,2026-07-03 05:36,2026-07-03
BOMDYEING,2026-06-30,ACQUISITION,LOW,70,NONE,NO,NO,NEUTRAL,0,Nowrosjee Wadia and Sons Limited has submitted a disclosure under SEBI Takeover Regulations.,2026-07-03 05:36,2026-07-03
DCI,2026-06-30,ACQUISITION,LOW,70,NONE,NO,NO,NEUTRAL,0,Disclosure under SEBI Takeover Regulations submitted by Chetankumar Timbadia.,2026-07-03 05:36,2026-07-03
SOLARWORLD,2026-06-30,ACQUISITION,LOW,70,NONE,NO,NO,NEUTRAL,0,Disclosure under SEBI Takeover Regulations submitted by Kartik Teltia.,2026-07-03 05:36,2026-07-03
SIRCA,2026-06-30,ACQUISITION,LOW,70,NONE,NO,NO,NEUTRAL,0,Sirca Paints India Limited has submitted disclosure under SEBI Takeover Regulations.,2026-07-03 05:36,2026-07-03
GSLSU,2026-06-30,ACQUISITION,LOW,70,NONE,NO,NO,NEUTRAL,0,Disclosure under SEBI Takeover Regulations submitted by Mayank Shah.,2026-07-03 05:36,2026-07-03
CORONA,2026-06-30,CAPEX_EXPANSION,LOW,70,NONE,YES,NO,POSITIVE,1,Commencement of commercial production/operations.,2026-07-03 05:36,2026-07-03
DISHTV,2026-06-30,MANAGEMENT_CHANGE,MEDIUM,50,NONE,NO,YES,NEUTRAL,0,Resignation of Veerender Gupta as Chief Technology Officer.,2026-07-03 05:36,2026-07-03
INA,2026-06-30,MANAGEMENT_CHANGE,MEDIUM,50,NONE,NO,YES,NEUTRAL,0,Resignation of Director/KMP/SMP,2026-07-03 05:36,2026-07-03
EMMBI,2026-06-30,MANAGEMENT_CHANGE,MEDIUM,50,NONE,NO,YES,NEUTRAL,0,Director resigned.,2026-07-03 05:36,2026-07-03
HINDCOMPOS,2026-06-30,BOARD_OUTCOME,LOW,70,INCREASE,NO,NO,POSITIVE,1,Board declared interim dividend of Rs 5 per share.,2026-07-03 05:37,2026-07-03
AMBUJACEM,2026-06-30,MANAGEMENT_CHANGE,MEDIUM,50,NONE,NO,YES,NEUTRAL,0,"Ms Madhavi Isanaka resigned as Chief Digital Officer w.e.f. Jun 30, 2026.",2026-07-03 05:37,2026-07-03
SENCO,2026-06-30,ACQUISITION,LOW,70,NONE,NO,NO,NEUTRAL,0,Senco Gold Limited has informed about Update on Acquisition of August Jewellery Private Limited.,2026-07-03 05:37,2026-07-03
VPRPL,2026-06-30,MANAGEMENT_CHANGE,MEDIUM,50,NONE,NO,YES,NEUTRAL,0,Director resignation at Vishnu Prakash R Punglia Limited.,2026-07-03 05:37,2026-07-03
WEALTH,2026-06-30,ACQUISITION,LOW,70,NONE,NO,NO,NEUTRAL,0,Wealth First Portfolio Managers Limited has informed the Exchange about Acquisition.,2026-07-03 05:37,2026-07-03
JETFREIGHT,2026-06-30,MANAGEMENT_CHANGE,MEDIUM,50,NONE,NO,YES,NEUTRAL,0,Change in Management,2026-07-03 05:37,2026-07-03
THYROCARE,2026-06-30,MANAGEMENT_CHANGE,HIGH,20,NONE,NO,YES,NEGATIVE,-1,The company has informed the exchange regarding a change in its statutory auditors.,2026-07-03 05:40,2026-07-03
MUTHOOTMF,2026-06-30,MANAGEMENT_CHANGE,MEDIUM,50,NONE,NO,YES,NEUTRAL,0,The company has informed the exchange regarding a change in its Director(s).,2026-07-03 05:40,2026-07-03
APOLLOTYRE,2026-06-30,ACQUISITION,LOW,70,NONE,NO,NO,NEUTRAL,0,Onkar Kanwar has submitted disclosure under SEBI Takeover Regulations.,2026-07-03 05:36,2026-07-03
AYE,2026-06-30,FUNDRAISE,LOW,70,NONE,NO,NO,NEUTRAL,0,"Allotment of 52,885 securities pursuant to ESOP/ESPS.",2026-07-03 05:49,2026-07-03
DICIND,2026-06-30,MANAGEMENT_CHANGE,LOW,70,NONE,NO,YES,NEUTRAL,0,"Mr. Ashutosh Bishnoi has resigned as Head-Legal effective June 30, 2026.",2026-07-03 05:48,2026-07-03
SGFIN,2026-06-30,MANAGEMENT_CHANGE,MEDIUM,50,NONE,NO,YES,NEUTRAL,0,The company has informed the exchange regarding a change in its Director(s).,2026-07-03 05:48,2026-07-03
TATACOMM,2026-06-30,MANAGEMENT_CHANGE,MEDIUM,50,NONE,NO,YES,NEUTRAL,0,Resignation of a Director/KMP/SMP from the company.,2026-07-03 05:49,2026-07-03
NDLVENTURE,2026-06-30,BOARD_OUTCOME,MEDIUM,50,NONE,NO,NO,NEUTRAL,0,Board discussed updates regarding the proposed merger by absorption of Hinduja Leyland Finance Ltd.,2026-07-03 05:49,2026-07-03
DCMSHRIRAM,2026-06-30,ACQUISITION,LOW,70,NONE,NO,NO,NEUTRAL,0,Company provided an update regarding a previously intimated acquisition.,2026-07-03 05:49,2026-07-03
MATRIMONY,2026-06-30,MANAGEMENT_CHANGE,LOW,70,NONE,NO,YES,NEUTRAL,0,Director retirement announced.,2026-07-03 05:49,2026-07-03
MGL,2026-06-30,MANAGEMENT_CHANGE,LOW,70,NONE,NO,YES,NEUTRAL,0,"Appointment of Mr Sanket Dhotre as Vice President, Human Resources & Corporate Social Responsibility.",2026-07-03 05:49,2026-07-03
KRISHNADEF,2026-06-30,ACQUISITION,MEDIUM,50,NONE,NO,NO,NEUTRAL,0,Company submitted disclosures under SEBI (SAST) Regulations regarding shareholding changes.,2026-07-03 05:49,2026-07-03
GCSL,2026-06-30,MANAGEMENT_CHANGE,MEDIUM,50,NONE,NO,YES,NEUTRAL,0,"Mr. Deepak N. Shah has ceased to be a director of the company effective June 30, 2026.",2026-07-03 05:50,2026-07-03
IDEA,2026-06-30,ACQUISITION,LOW,70,NONE,NO,NO,POSITIVE,1,Company completed the acquisition of MTK Quantum Green Energy Private Limited.,2026-07-03 05:41,2026-07-03
IMFA,2026-06-30,MANAGEMENT_CHANGE,LOW,70,NONE,NO,YES,POSITIVE,1,Appointment of Dr Deepak Kumar Mohanty as Non-Executive Independent Director.,2026-07-03 05:50,2026-07-03
TATACHEM,2026-06-30,MANAGEMENT_CHANGE,MEDIUM,50,NONE,NO,YES,NEUTRAL,0,The company announced a change in its senior management personnel.,2026-07-03 05:50,2026-07-03
CHENNPETRO,2026-06-30,MANAGEMENT_CHANGE,MEDIUM,50,NONE,NO,YES,NEUTRAL,0,"Mr. P Shankar will cease to be Company Secretary & Compliance Officer effective June 30, 2026.",2026-07-03 05:50,2026-07-03
TEJASNET,2026-06-30,FUNDRAISE,LOW,70,NONE,NO,NO,NEUTRAL,0,"Allotment of 1,23,042 securities under ESOP/RSU and grant of 2,12,527 RSUs.",2026-07-03 05:50,2026-07-03
MOREPENLAB,2026-06-30,MANAGEMENT_CHANGE,LOW,70,NONE,NO,YES,NEUTRAL,0,Board approved the elevation and change in designation of Mr. Sanjay Suri.,2026-07-03 05:51,2026-07-03
DALMIASUG,2026-06-30,MANAGEMENT_CHANGE,LOW,70,NONE,NO,YES,NEUTRAL,0,The company informed the exchange regarding the retirement of a director/official.,2026-07-03 05:51,2026-07-03
ULTRACEMCO,2026-06-30,MANAGEMENT_CHANGE,LOW,70,NONE,NO,YES,NEUTRAL,0,Senior management personnel retired from the company due to superannuation.,2026-07-03 05:51,2026-07-03
MHRIL,2026-06-30,MANAGEMENT_CHANGE,MEDIUM,50,NONE,NO,YES,NEUTRAL,0,The company informed the exchange regarding the cessation of its Internal Auditor.,2026-07-03 05:51,2026-07-03
THERMAX,2026-06-30,MANAGEMENT_CHANGE,LOW,70,NONE,NO,YES,NEUTRAL,0,"Mr. Kirtiraj Jilkar will cease to be Senior Management Personnel effective June 30, 2026.",2026-07-03 05:48,2026-07-03
MAHSEAMLES,2026-06-30,MANAGEMENT_CHANGE,MEDIUM,50,NONE,NO,YES,NEUTRAL,0,The company informed the exchange regarding a change in its management.,2026-07-03 05:47,2026-07-03
INDIGO,2026-06-30,MANAGEMENT_CHANGE,MEDIUM,50,NONE,NO,YES,NEUTRAL,0,The company informed the exchange regarding a change in its management.,2026-07-03 05:47,2026-07-03
KITEX,2026-06-30,MANAGEMENT_CHANGE,HIGH,20,NONE,NO,YES,NEGATIVE,-1,The company has informed the exchange regarding a change in its statutory auditors.,2026-07-03 05:47,2026-07-03
ZFCVINDIA,2026-06-30,MANAGEMENT_CHANGE,MEDIUM,50,NONE,NO,YES,NEUTRAL,0,Resignation of a Director/KMP/SMP from the company.,2026-07-03 05:41,2026-07-03
SUVIDHAA,2026-06-30,FUNDRAISE,LOW,70,NONE,NO,NO,POSITIVE,1,Board approved a Rights Issue for an amount not exceeding Rs. 1200 lakhs.,2026-07-03 05:41,2026-07-03
QPOWER,2026-06-30,BOARD_OUTCOME,LOW,70,NONE,NO,NO,NEUTRAL,0,"Board meeting held on June 30, 2026; no specific outcomes disclosed in the text.",2026-07-03 05:41,2026-07-03
EQUITASBNK,2026-06-30,MANAGEMENT_CHANGE,MEDIUM,50,NONE,NO,YES,NEUTRAL,0,The bank informed the exchange regarding changes in Key Managerial and Senior Management Personnel.,2026-07-03 05:41,2026-07-03
REPCOHOME,2026-06-30,MANAGEMENT_CHANGE,LOW,70,NONE,NO,YES,NEUTRAL,0,Company informed the exchange regarding the retirement of a management official.,2026-07-03 05:42,2026-07-03
GLOBALE,2026-06-30,MANAGEMENT_CHANGE,LOW,70,NONE,NO,YES,NEUTRAL,0,Appointment of CS Kinnari Gosaliya as Company Secretary and Compliance Officer.,2026-07-03 05:42,2026-07-03
HMT,2026-06-30,MANAGEMENT_CHANGE,MEDIUM,50,NONE,NO,YES,NEUTRAL,0,The company informed the exchange regarding a change in its management.,2026-07-03 05:42,2026-07-03
EMCURE,2026-06-30,MANAGEMENT_CHANGE,MEDIUM,50,NONE,NO,YES,NEUTRAL,0,The company informed the exchange regarding a change in management.,2026-07-03 05:43,2026-07-03
SAKHTISUG,2026-06-30,MANAGEMENT_CHANGE,MEDIUM,50,NONE,NO,YES,NEUTRAL,0,The company informed the exchange regarding a change in management.,2026-07-03 05:43,2026-07-03
GRSE,2026-06-30,MANAGEMENT_CHANGE,MEDIUM,50,NONE,NO,YES,NEUTRAL,0,The company announced a change in its management team.,2026-07-03 05:44,2026-07-03
UCAL,2026-06-30,MANAGEMENT_CHANGE,MEDIUM,50,NONE,NO,YES,NEGATIVE,-1,Director resignation,2026-07-03 05:44,2026-07-03
ATLANTAA,2026-06-30,MANAGEMENT_CHANGE,MEDIUM,50,NONE,NO,YES,NEUTRAL,0,Director resignation announced.,2026-07-03 05:44,2026-07-03
DEVIT,2026-06-30,BOARD_OUTCOME,LOW,70,NONE,NO,NO,NEUTRAL,0,"Board meeting held on June 30, 2026; no specific outcomes disclosed in the text.",2026-07-03 05:45,2026-07-03
HEXAGON,2026-06-30,MANAGEMENT_CHANGE,HIGH,20,NONE,NO,NO,NEGATIVE,-1,The company has informed the exchange regarding a change in its statutory auditors.,2026-07-03 05:45,2026-07-03
NHPC,2026-06-30,MANAGEMENT_CHANGE,MEDIUM,50,NONE,NO,YES,NEUTRAL,0,The company informed the exchange regarding a change in senior management personnel.,2026-07-03 05:46,2026-07-03
JKPAPER,2026-06-30,CAPEX_EXPANSION,LOW,70,NONE,YES,NO,POSITIVE,1,Company has commenced commercial production/operations.,2026-07-03 05:46,2026-07-03
RVTH,2026-06-30,MANAGEMENT_CHANGE,MEDIUM,50,NONE,NO,YES,NEGATIVE,-1,Resignation of a Director/KMP/SMP from the company.,2026-07-03 05:47,2026-07-03
GNA,2026-06-30,ACQUISITION,LOW,70,NONE,NO,NO,NEUTRAL,0,GNA has submitted disclosure under SEBI Takeover Regulations.,2026-07-03 05:36,2026-07-03
KAYA,2026-06-30,ACQUISITION,LOW,70,NONE,NO,NO,NEUTRAL,0,Kaya Limited has submitted a disclosure under SEBI Takeover Regulations.,2026-07-03 05:36,2026-07-03
VERTOZ,2026-06-30,ACQUISITION,LOW,70,NONE,NO,NO,NEUTRAL,0,Vertoz Limited has submitted a disclosure under SEBI Takeover Regulations.,2026-07-03 05:33,2026-07-03
MUKKA,2026-06-30,ACQUISITION,MEDIUM,50,NONE,NO,NO,NEGATIVE,-1,"Further delay in acquisition of Mukka Proteins Vietnam Co., Ltd.",2026-07-03 05:31,2026-07-03
CMRGREEN,2026-06-30,BOARD_OUTCOME,LOW,70,MAINTAIN,NO,NO,NEUTRAL,0,Board approved Q2 results and declared interim dividend of Rs 5 per share.,2026-07-03 05:33,2026-07-03
SHARDAMOTR,2026-06-30,ACQUISITION,LOW,70,NONE,NO,NO,NEUTRAL,0,Disclosure under SEBI Takeover Regulations submitted by Sharda Relan.,2026-07-03 05:31,2026-07-03
GANESHHOU,2026-06-30,MANAGEMENT_CHANGE,MEDIUM,50,NONE,NO,YES,NEUTRAL,0,Change in Management,2026-07-03 05:31,2026-07-03
TREEHOUSE,2026-06-30,ACQUISITION,LOW,70,NONE,NO,NO,NEUTRAL,0,Disclosure of acquisition of shares under SEBI Takeover Regulations.,2026-07-03 05:31,2026-07-03
SHRENIK,2026-06-30,BOARD_OUTCOME,LOW,70,MAINTAIN,NO,NO,NEUTRAL,0,Board approved Q2 results and declared interim dividend of Rs 5 per share.,2026-07-03 05:31,2026-07-03
NDGL,2026-06-30,ACQUISITION,LOW,70,NONE,NO,NO,NEUTRAL,0,NDGL has submitted disclosure under SEBI Takeover Regulations.,2026-07-03 05:31,2026-07-03
LICI,2026-06-30,MANAGEMENT_CHANGE,MEDIUM,50,NONE,NO,YES,NEUTRAL,0,Superannuation of Senior Management Personnel.,2026-07-03 05:31,2026-07-03
IDBI,2026-06-30,BOARD_OUTCOME,LOW,70,MAINTAIN,NO,NO,NEUTRAL,0,IDBI Bank Limited has declared interim dividend of Rs 5 per share.,2026-07-03 05:31,2026-07-03
BHAGYANGR,2026-06-30,BOARD_OUTCOME,LOW,70,INCREASE,NO,NO,POSITIVE,1,Board declared interim dividend of Rs 5 per share.,2026-07-03 05:31,2026-07-03
GICHSGFIN,2026-06-30,MANAGEMENT_CHANGE,MEDIUM,50,NONE,NO,YES,NEUTRAL,0,"Cessation of Mrs Varsha Godbole as Chief Financial Officer w.e.f. Jun 30, 2026.",2026-07-03 05:30,2026-07-03
AUTOIND,2026-06-30,ACQUISITION,LOW,70,NONE,NO,NO,NEUTRAL,0,Autoline Industries Limited has approved the Amalgamation/Merger of Autoline Design Software Limited with Autoline Indus,2026-07-03 05:31,2026-07-03
HPIL,2026-06-30,BOARD_OUTCOME,LOW,70,MAINTAIN,NO,NO,NEUTRAL,0,Board approved Q2 results and declared interim dividend of Rs 5 per share.,2026-07-03 05:31,2026-07-03
SHANTIGOLD,2026-06-30,FUNDRAISE,LOW,70,NONE,NO,NO,NEUTRAL,0,Board approved rights issue to raise funds.,2026-07-03 05:31,2026-07-03
BAJAJELEC,2026-06-30,MANAGEMENT_CHANGE,MEDIUM,50,NONE,NO,YES,NEUTRAL,0,Change in Management,2026-07-03 05:31,2026-07-03
JAGSNPHARM,2026-06-30,ACQUISITION,LOW,70,NONE,NO,NO,NEUTRAL,0,Jagsonpal Pharmaceuticals Limited has submitted a disclosure under SEBI Takeover Regulations.,2026-07-03 05:31,2026-07-03
GOCOLORS,2026-06-30,ACQUISITION,LOW,70,NONE,NO,NO,NEUTRAL,0,Gautam Saraogi has submitted a disclosure under SEBI Takeover Regulations.,2026-07-03 05:31,2026-07-03
GODAVARIB,2026-06-30,MANAGEMENT_CHANGE,MEDIUM,50,NONE,NO,YES,NEUTRAL,0,Change in Director(s),2026-07-03 05:31,2026-07-03
BEML,2026-06-30,MANAGEMENT_CHANGE,MEDIUM,50,NONE,NO,YES,NEUTRAL,0,Change in Management,2026-07-03 05:30,2026-07-03
FIRSTCRY,2026-06-30,ACQUISITION,LOW,70,NONE,NO,NO,NEUTRAL,0,"Extension in timeline for remittance of initial subscription amount in Swara Corp., USA.",2026-07-03 05:32,2026-07-03
ABLBL,2026-06-30,MANAGEMENT_CHANGE,LOW,70,NONE,NO,YES,NEUTRAL,0,Board approved the superannuation of senior management personnel.,2026-07-03 05:32,2026-07-03
TOKYOPLAST,2026-06-30,ACQUISITION,LOW,70,NONE,NO,NO,NEUTRAL,0,Incorporation of a wholly owned subsidiary.,2026-07-03 05:32,2026-07-03
SRF,2026-06-30,MANAGEMENT_CHANGE,MEDIUM,50,NONE,NO,YES,NEUTRAL,0,"Appointment of Mr. Kartik Bharat Ram as Joint Managing Director w.e.f. Jun 01, 2026.",2026-07-03 05:32,2026-07-03
ELDEHSG,2026-06-30,ACQUISITION,LOW,70,NONE,NO,NO,NEUTRAL,0,Eldeco Housing And Industries Limited has submitted a disclosure under SEBI Takeover Regulations.,2026-07-03 05:33,2026-07-03
MOL,2026-06-30,ACQUISITION,LOW,70,NONE,NO,NO,NEUTRAL,0,Meghmani Organics Limited has submitted a disclosure under SEBI Takeover Regulations.,2026-07-03 05:33,2026-07-03
VRAJ,2026-06-30,ACQUISITION,LOW,70,NONE,NO,NO,NEUTRAL,0,Vraj Iron and Steel Limited has submitted a disclosure under SEBI Takeover Regulations.,2026-07-03 05:33,2026-07-03
GKENERGY,2026-06-30,ACQUISITION,LOW,70,NONE,NO,NO,NEUTRAL,0,GK Energy Limited has submitted disclosure under SEBI Takeover Regulations.,2026-07-03 05:33,2026-07-03
YATHARTH,2026-06-30,ACQUISITION,MEDIUM,50,NONE,NO,NO,NEUTRAL,0,Yatharth has submitted disclosure under SEBI Takeover Regulations.,2026-07-03 05:33,2026-07-03
ANSALAPI,2026-06-30,ACQUISITION,LOW,70,NONE,NO,NO,NEUTRAL,0,Pranav Ansal has submitted disclosure under SEBI Takeover Regulations.,2026-07-03 05:33,2026-07-03
CENTENKA,2026-06-30,ACQUISITION,LOW,70,NONE,NO,NO,NEUTRAL,0,Aditya Birla Real Estate Limited has submitted a disclosure under SEBI Takeover Regulations.,2026-07-03 05:33,2026-07-03
EPL,2026-06-30,FUNDRAISE,LOW,70,NONE,NO,NO,NEUTRAL,0,Board approved allotment of 18000 securities under ESOP/ESPS.,2026-07-03 05:32,2026-07-03
CORALFINAC,2026-06-30,ACQUISITION,LOW,70,NONE,NO,NO,NEUTRAL,0,Coral Laboratories Limited has submitted a disclosure under SEBI Takeover Regulations.,2026-07-03 05:32,2026-07-03
COHANCE,2026-06-30,ACQUISITION,LOW,70,NONE,NO,NO,NEUTRAL,0,Jusmiral Holdings Limited has submitted a disclosure under SEBI Takeover Regulations.,2026-07-03 05:32,2026-07-03
LGEINDIA,2026-06-30,ACQUISITION,LOW,70,NONE,NO,NO,NEUTRAL,0,LG Electronics Inc has submitted a disclosure under SEBI Takeover Regulations.,2026-07-03 05:32,2026-07-03
USHAMART,2026-06-30,ACQUISITION,LOW,70,NONE,NO,NO,NEUTRAL,0,Usha Martin Ventures Ltd has submitted a disclosure under SEBI Takeover Regulations.,2026-07-03 05:32,2026-07-03
UMESLTD,2026-06-30,ACQUISITION,LOW,70,NONE,NO,NO,NEUTRAL,0,Usha Martin Education & Solutions Limited submitted disclosure under SEBI Takeover Regulations.,2026-07-03 05:32,2026-07-03
NRL,2026-06-30,ACQUISITION,LOW,70,NONE,NO,NO,NEUTRAL,0,Nupur Recyclers Limited has submitted a disclosure under SEBI Takeover Regulations.,2026-07-03 05:32,2026-07-03
NATCOPHARM,2026-06-30,MANAGEMENT_CHANGE,LOW,70,NONE,NO,YES,NEUTRAL,0,"Mr. Nadella Malleswara Rao has superannuated as Vice President - Operations, Pharma Division Kothur.",2026-07-03 05:32,2026-07-03
POONAWALLA,2026-06-30,FUNDRAISE,LOW,70,NONE,NO,NO,NEUTRAL,0,Poonawalla Fincorp Limited has issued securities.,2026-07-03 05:32,2026-07-03
CHAMBLFERT,2026-06-30,ACQUISITION,LOW,70,NONE,NO,NO,NEUTRAL,0,CM Airtime Promotion LLP has submitted a disclosure under SEBI Takeover Regulations.,2026-07-03 05:30,2026-07-03
DPSCLTD,2026-06-30,MANAGEMENT_CHANGE,MEDIUM,50,NONE,NO,YES,NEUTRAL,0,Board approved Cessation of Mr. Debasish Bose as Executive Director.,2026-07-03 05:30,2026-07-03
MINDACORP,2026-06-30,ACQUISITION,LOW,70,NONE,NO,NO,NEUTRAL,0,Minda Corporation has submitted disclosure under SEBI Takeover Regulations.,2026-07-03 05:36,2026-07-03
MAHEPC,2026-06-30,MANAGEMENT_CHANGE,MEDIUM,50,NONE,NO,YES,NEUTRAL,0,"Mr K. N. Vaidyanathan ceased as Other of the company w.e.f. Jun 30, 2026.",2026-07-03 05:35,2026-07-03
OPTIEMUS,2026-06-30,ACQUISITION,LOW,70,NONE,NO,NO,NEUTRAL,0,Optiemus Infracom Limited has informed the Exchange about Acquisition.,2026-07-03 05:34,2026-07-03
AUROPHARMA,2026-06-30,ACQUISITION,LOW,70,NONE,NO,NO,NEUTRAL,0,Aurobindo Pharma USA Inc. completed the acquisition.,2026-07-03 05:34,2026-07-03
PARKHOSPS,2026-06-30,CAPEX_EXPANSION,LOW,70,NONE,YES,NO,NEUTRAL,0,Capacity addition through capacity expansion.,2026-07-03 05:35,2026-07-03
BAGFILMS,2026-06-30,ACQUISITION,LOW,70,NONE,NO,NO,NEUTRAL,0,B.A.G Live Entertainment Limited has submitted a disclosure under SEBI Takeover Regulations.,2026-07-03 05:35,2026-07-03
IGIL,2026-06-30,ACQUISITION,LOW,70,NONE,NO,NO,NEUTRAL,0,IGIL has submitted disclosure under SEBI Takeover Regulations.,2026-07-03 05:35,2026-07-03
ENERGYDEV,2026-06-30,ACQUISITION,LOW,70,NONE,NO,NO,NEUTRAL,0,Energydev has received a disclosure under SEBI Takeover Regulations regarding a potential acquisition.,2026-07-03 05:35,2026-07-03
RUSTOMJEE,2026-06-30,ACQUISITION,LOW,70,NONE,NO,NO,NEUTRAL,0,Keystone Realtors Limited has submitted a disclosure under SEBI Takeover Regulations.,2026-07-03 05:35,2026-07-03
PRUDENT,2026-06-30,BOARD_OUTCOME,LOW,70,MAINTAIN,NO,NO,NEUTRAL,0,Board approved Q2 results and declared interim dividend of Rs 5 per share.,2026-07-03 05:35,2026-07-03
BALMLAWRIE,2026-06-30,MANAGEMENT_CHANGE,MEDIUM,50,NONE,NO,YES,NEUTRAL,0,Mr. S has ceased to be a director of the company.,2026-07-03 05:35,2026-07-03
RAJOOENG,2026-06-30,MANAGEMENT_CHANGE,MEDIUM,50,NONE,NO,YES,NEUTRAL,0,Change in Management,2026-07-03 05:30,2026-07-03
GPIL,2026-06-30,ACQUISITION,LOW,70,NONE,NO,NO,NEUTRAL,0,GPIL has submitted disclosure under SEBI Takeover Regulations.,2026-07-03 05:35,2026-07-03
MMFL,2026-06-30,ACQUISITION,LOW,70,NONE,NO,NO,NEUTRAL,0,MM Forgings Limited has informed the Exchange about Amalgamation/Merger.,2026-07-03 05:35,2026-07-03
IIFLCAPS,2026-06-30,ACQUISITION,LOW,70,NONE,NO,NO,NEUTRAL,0,IIFLCAPS has submitted a disclosure under SEBI Takeover Regulations.,2026-07-03 05:35,2026-07-03
DCAL,2026-06-30,ACQUISITION,LOW,70,NONE,NO,NO,NEUTRAL,0,Adimans Technologies LLP has submitted a disclosure under SEBI Takeover Regulations.,2026-07-03 05:35,2026-07-03
VARROC,2026-06-30,ACQUISITION,LOW,70,NONE,NO,NO,NEUTRAL,0,The company has made an acquisition under SEBI Takeover Regulations.,2026-07-03 05:35,2026-07-03
MBLINFRA,2026-06-30,ACQUISITION,LOW,70,NONE,NO,NO,NEUTRAL,0,Anjanee Kumar Lakhotia has submitted disclosure under SEBI Takeover Regulations.,2026-07-03 05:35,2026-07-03
ARTEMISMED,2026-06-30,ACQUISITION,LOW,70,NONE,NO,NO,NEUTRAL,0,Onkar Kanwar has submitted a disclosure under SEBI Takeover Regulations.,2026-07-03 05:35,2026-07-03
PTL,2026-06-30,ACQUISITION,LOW,70,NONE,NO,NO,NEUTRAL,0,Onkar Kanwar has submitted a disclosure under SEBI Takeover Regulations.,2026-07-03 05:35,2026-07-03
MASFIN,2026-06-30,FUNDRAISE,LOW,70,NONE,NO,NO,NEUTRAL,0,Allotted 15000 securities pursuant to Non Convertible Securities.,2026-07-03 05:34,2026-07-03
LODHA,2026-06-30,FUNDRAISE,LOW,70,NONE,NO,NO,NEUTRAL,0,Lodha Developers Limited has allotted 30000 securities pursuant to Non Convertible Securities.,2026-07-03 05:34,2026-07-03
MUTHOOTCAP,2026-06-30,FUNDRAISE,LOW,70,NONE,NO,NO,NEUTRAL,0,Allotted 15000 securities pursuant to Non Convertible Debentures.,2026-07-03 05:34,2026-07-03
APARINDS,2026-06-30,FUNDRAISE,LOW,70,NONE,NO,NO,NEUTRAL,0,Apar Industries Limited has issued securities.,2026-07-03 05:34,2026-07-03
BHARATRAS,2026-06-30,MANAGEMENT_CHANGE,MEDIUM,50,NONE,NO,YES,NEUTRAL,0,Director resignation,2026-07-03 05:30,2026-07-03
JHS,2026-06-30,ACQUISITION,LOW,70,NONE,NO,NO,NEUTRAL,0,JHS Svendgaard Laboratories Limited has submitted disclosure under SEBI Takeover Regulations.,2026-07-03 05:30,2026-07-03
RATEGAIN,2026-06-30,ACQUISITION,LOW,70,NONE,NO,NO,NEUTRAL,0,Disclosure of acquisition under SEBI Takeover Regulations submitted to the exchange.,2026-07-03 05:30,2026-07-03
SHAH,2026-06-30,FUNDRAISE,LOW,70,NONE,NO,NO,NEUTRAL,0,The Board approved the outcome of the Rights Issue Committee meeting.,2026-07-03 05:33,2026-07-03
MAPMYINDIA,2026-06-30,MANAGEMENT_CHANGE,LOW,70,NONE,NO,YES,NEUTRAL,0,"Appointment of Rohan Verma as Joint Managing Director w.e.f. July 01, 2026.",2026-07-03 05:33,2026-07-03
TNPL,2026-06-30,MANAGEMENT_CHANGE,MEDIUM,50,NONE,NO,YES,NEUTRAL,0,Director resignation announced.,2026-07-03 05:33,2026-07-03
AXISCADES,2026-06-30,ACQUISITION,LOW,70,NONE,NO,NO,NEUTRAL,0,Jupiter Capital Private Ltd has submitted a disclosure under SEBI Takeover Regulations.,2026-07-03 05:33,2026-07-03
NTPC,2026-06-30,CAPEX_EXPANSION,LOW,70,NONE,YES,NO,NEUTRAL,0,Commencement of commercial production/operations at NTPC Limited.,2026-07-03 05:33,2026-07-03
ASIANPAINT,2026-06-30,ACQUISITION,LOW,70,NONE,NO,NO,NEUTRAL,0,The promoters have submitted a disclosure under SEBI Takeover Regulations.,2026-07-03 05:34,2026-07-03
WOCKPHARMA,2026-06-30,ACQUISITION,LOW,70,NONE,NO,NO,NEUTRAL,0,Wockhardt Limited has submitted a disclosure under SEBI Takeover Regulations.,2026-07-03 05:34,2026-07-03
JTEKTINDIA,2026-06-30,ACQUISITION,LOW,70,NONE,NO,NO,NEUTRAL,0,JTEKT Column Systems Corporation has submitted a disclosure under SEBI Takeover Regulations.,2026-07-03 05:34,2026-07-03
BAFNAPH,2026-06-30,ACQUISITION,LOW,70,NONE,NO,NO,NEUTRAL,0,Bafna Pharmaceuticals has submitted a disclosure under SEBI Takeover Regulations.,2026-07-03 05:34,2026-07-03
TRIGYN,2026-06-30,ACQUISITION,LOW,70,NONE,NO,NO,NEUTRAL,0,United Telecoms Limited has submitted a disclosure under SEBI Takeover Regulations.,2026-07-03 05:34,2026-07-03
IRFC,2026-06-30,MANAGEMENT_CHANGE,MEDIUM,50,NONE,NO,YES,NEUTRAL,0,Change in Director(s) of the company.,2026-07-03 05:34,2026-07-03
REFEX,2026-06-30,BOARD_OUTCOME,LOW,70,MAINTAIN,NO,NO,NEUTRAL,0,Board approved Q2 results and declared interim dividend of Rs 5 per share.,2026-07-03 05:34,2026-07-03
INDOBORAX,2026-06-30,FUNDRAISE,LOW,70,NONE,NO,NO,NEUTRAL,0,Indo Borax & Chemicals Limited has informed the Exchange about Options to purchase securities.,2026-07-03 05:34,2026-07-03
SMLMAH,2026-06-30,MANAGEMENT_CHANGE,HIGH,20,NONE,NO,YES,NEUTRAL,0,Change in Auditors of the company.,2026-07-03 05:34,2026-07-03
HLEGLAS,2026-06-30,ACQUISITION,LOW,70,NONE,NO,NO,NEUTRAL,0,Aalap Patel has submitted disclosure under SEBI Takeover Regulations.,2026-07-03 05:32,2026-07-03
HDFCBANK,2026-06-29,MANAGEMENT_CHANGE,MEDIUM,50,NONE,NO,NO,NEUTRAL,0,,2026-07-03 05:59,2026-07-03
SIS,2026-06-29,BOARD_OUTCOME,LOW,70,NONE,NO,NO,POSITIVE,1,Board approved the buyback of equity shares of the company.,2026-07-03 05:55,2026-07-03
VGUARD,2026-06-29,ACQUISITION,LOW,70,NONE,NO,NO,NEUTRAL,0,Promoter submitted disclosure under SEBI Substantial Acquisition of Shares and Takeover Regulations.,2026-07-03 05:53,2026-07-03
LATENTVIEW,2026-06-29,ACQUISITION,LOW,70,NONE,NO,NO,NEUTRAL,0,Submission of disclosure under SEBI Substantial Acquisition of Shares and Takeovers Regulations.,2026-07-03 05:53,2026-07-03
JAYBARMARU,2026-06-29,ACQUISITION,MEDIUM,50,NONE,NO,NO,NEUTRAL,0,Company submitted disclosure regarding substantial acquisition of shares under SEBI Takeover Regs.,2026-07-03 05:54,2026-07-03
BHARATSE,2026-06-29,ACQUISITION,LOW,70,NONE,NO,NO,NEUTRAL,0,Suzuki Motor Corporation submitted a disclosure under SEBI Takeover Regulations.,2026-07-03 05:54,2026-07-03
SUPRAJIT,2026-06-29,ACQUISITION,LOW,70,NONE,NO,NO,NEUTRAL,0,Submission of disclosure under SEBI Substantial Acquisition of Shares and Takeovers Regulations.,2026-07-03 05:54,2026-07-03
SUPRIYA,2026-06-29,ACQUISITION,LOW,70,NONE,NO,NO,NEUTRAL,0,Submission of disclosure under SEBI Substantial Acquisition of Shares and Takeovers Regulations.,2026-07-03 05:54,2026-07-03
TEXINFRA,2026-06-29,ACQUISITION,MEDIUM,50,NONE,NO,NO,NEUTRAL,0,Adventz Finance Private Limited submitted disclosure regarding substantial acquisition of shares.,2026-07-03 05:54,2026-07-03
CLEANMAX,2026-06-29,BOARD_OUTCOME,LOW,70,MAINTAIN,NO,NO,NEUTRAL,0,Board approved Q2 results and declared interim dividend of Rs 5 per share.,2026-07-03 05:55,2026-07-03
STANLEY,2026-06-29,MANAGEMENT_CHANGE,MEDIUM,50,NONE,NO,NO,NEUTRAL,0,,2026-07-03 05:59,2026-07-03
ABCAPITAL,2026-06-29,FUNDRAISE,LOW,70,NONE,NO,NO,NEUTRAL,0,Aditya Birla Capital Limited has informed the Exchange regarding allotment of Non-Convertible Securities.,2026-07-03 05:55,2026-07-03
OIL,2026-06-29,BOARD_OUTCOME,LOW,70,MAINTAIN,NO,NO,NEUTRAL,0,Board approved Q2 results and declared interim dividend of Rs 5 per share.,2026-07-03 05:55,2026-07-03
MGEL,2026-06-29,MANAGEMENT_CHANGE,LOW,70,NONE,NO,YES,NEUTRAL,0,Appointment of Mrs. Reena Unmesh Wagh as Whole-Time Director (Executive Director).,2026-07-03 05:55,2026-07-03
SOUTHBANK,2026-06-29,CAPEX_EXPANSION,LOW,70,NONE,NO,NO,NEUTRAL,0,Opening of new branch.,2026-07-03 05:56,2026-07-03
BALKRISIND,2026-06-29,CAPEX_EXPANSION,LOW,70,NONE,YES,NO,NEUTRAL,0,Capacity addition through expansion.,2026-07-03 05:57,2026-07-03
LUMAXTECH,2026-06-29,ACQUISITION,LOW,70,NONE,NO,NO,POSITIVE,1,Completed acquisition of remaining 15.97% equity stake in Lumax FAE Technologies Private Limited.,2026-07-03 05:57,2026-07-03
TRANSRAILL,2026-06-29,MANAGEMENT_CHANGE,LOW,70,NONE,NO,YES,POSITIVE,1,Board approved the re-appointment of Directors.,2026-07-03 05:57,2026-07-03
CEIGALL,2026-06-29,MANAGEMENT_CHANGE,MEDIUM,50,NONE,NO,YES,NEGATIVE,-1,Resignation of a Director/KMP/SMP from the company.,2026-07-03 05:53,2026-07-03
EVERESTIND,2026-06-29,ACQUISITION,MEDIUM,50,NONE,NO,NO,NEUTRAL,0,Falak Investment Private Limited submitted disclosure regarding substantial acquisition of shares.,2026-07-03 05:53,2026-07-03
AXISBANK,2026-06-29,MANAGEMENT_CHANGE,MEDIUM,50,NONE,NO,YES,NEUTRAL,0,The company informed the exchange regarding a change in its management.,2026-07-03 05:52,2026-07-03
ICICIBANK,2026-06-29,BOARD_OUTCOME,LOW,70,NONE,NO,NO,NEUTRAL,0,"Board meeting held on June 29, 2026; no specific decisions disclosed in the summary.",2026-07-03 05:52,2026-07-03
RELCHEMQ,2026-06-29,ACQUISITION,MEDIUM,50,NONE,NO,NO,NEUTRAL,0,,2026-07-03 05:59,2026-07-03
GPTINFRA,2026-06-29,ACQUISITION,MEDIUM,50,NONE,NO,NO,NEUTRAL,0,,2026-07-03 05:59,2026-07-03
IONEXCHANG,2026-06-29,ACQUISITION,MEDIUM,50,NONE,NO,NO,NEUTRAL,0,,2026-07-03 05:59,2026-07-03
ROSSTECH,2026-06-29,ACQUISITION,MEDIUM,50,NONE,NO,NO,NEUTRAL,0,,2026-07-03 05:59,2026-07-03
ATCOM,2026-06-29,ACQUISITION,MEDIUM,50,NONE,NO,NO,NEUTRAL,0,,2026-07-03 05:59,2026-07-03
JUNIPER,2026-06-29,MANAGEMENT_CHANGE,MEDIUM,50,NONE,NO,YES,NEGATIVE,-1,Resignation of a Director/KMP/SMP from the company.,2026-07-03 05:51,2026-07-03
EPACKPEB,2026-06-29,ACQUISITION,MEDIUM,50,NONE,NO,NO,NEUTRAL,0,,2026-07-03 05:59,2026-07-03
SAIL,2026-06-29,ACQUISITION,MEDIUM,50,NONE,NO,NO,NEUTRAL,0,,2026-07-03 05:59,2026-07-03
CNL,2026-06-29,ACQUISITION,MEDIUM,50,NONE,NO,NO,NEUTRAL,0,,2026-07-03 05:59,2026-07-03
FAZE3Q,2026-06-29,FUNDRAISE,MEDIUM,50,NONE,NO,NO,NEUTRAL,0,,2026-07-03 05:59,2026-07-03
RECLTD,2026-06-29,MANAGEMENT_CHANGE,MEDIUM,50,NONE,NO,NO,NEUTRAL,0,,2026-07-03 05:59,2026-07-03
KWIL,2026-06-29,MANAGEMENT_CHANGE,MEDIUM,50,NONE,NO,NO,NEUTRAL,0,,2026-07-03 05:59,2026-07-03
SANOFICONR,2026-06-29,MANAGEMENT_CHANGE,MEDIUM,50,NONE,NO,NO,NEUTRAL,0,,2026-07-03 05:59,2026-07-03
ORIENTPPR,2026-06-29,MANAGEMENT_CHANGE,LOW,70,NONE,NO,YES,NEUTRAL,0,"Appointment of Mr Yogendra K Varshney as a director effective June 29, 2026.",2026-07-03 05:52,2026-07-03
VEDL,2026-06-29,ACQUISITION,LOW,70,NONE,NO,NO,NEUTRAL,0,Submission of disclosure under SEBI Substantial Acquisition of Shares and Takeovers Regulations.,2026-07-03 05:52,2026-07-03
AFIL,2026-06-29,MANAGEMENT_CHANGE,HIGH,20,NONE,NO,YES,NEGATIVE,-1,The company has informed the exchange regarding a change in its statutory auditors.,2026-07-03 05:57,2026-07-03
BANDHANBNK,2026-06-29,MANAGEMENT_CHANGE,HIGH,20,NONE,NO,YES,NEGATIVE,-1,The company informed the exchange regarding the resignation of the Chief Financial Officer.,2026-07-03 05:57,2026-07-03
BANCOINDIA,2026-06-29,MANAGEMENT_CHANGE,MEDIUM,50,NONE,NO,YES,NEUTRAL,0,The company informed the exchange regarding a change in Senior Management Personnel (SMP).,2026-07-03 05:57,2026-07-03
EPIGRAL,2026-06-29,ACQUISITION,MEDIUM,50,NONE,NO,NO,NEUTRAL,0,,2026-07-03 05:59,2026-07-03
LIKHITHA,2026-06-29,ACQUISITION,MEDIUM,50,NONE,NO,NO,NEUTRAL,0,,2026-07-03 05:59,2026-07-03
YESBANK,2026-06-29,BOARD_OUTCOME,MEDIUM,50,NONE,NO,NO,NEUTRAL,0,,2026-07-03 05:59,2026-07-03
AWFIS,2026-06-29,MANAGEMENT_CHANGE,MEDIUM,50,NONE,NO,NO,NEUTRAL,0,,2026-07-03 05:59,2026-07-03
GABRIEL,2026-06-29,ACQUISITION,MEDIUM,50,NONE,NO,NO,NEUTRAL,0,,2026-07-03 05:59,2026-07-03
TREJHARA,2026-06-29,ACQUISITION,MEDIUM,50,NONE,NO,NO,NEUTRAL,0,,2026-07-03 05:59,2026-07-03
KRISHIVAL,2026-06-29,ACQUISITION,MEDIUM,50,NONE,NO,NO,NEUTRAL,0,,2026-07-03 05:59,2026-07-03
SHRADHA,2026-06-29,ACQUISITION,MEDIUM,50,NONE,NO,NO,NEUTRAL,0,,2026-07-03 05:59,2026-07-03
KAUSHALYA,2026-06-29,ACQUISITION,MEDIUM,50,NONE,NO,NO,NEUTRAL,0,,2026-07-03 05:59,2026-07-03
EXXARO,2026-06-29,ACQUISITION,MEDIUM,50,NONE,NO,NO,NEUTRAL,0,,2026-07-03 05:59,2026-07-03
SMARTWORKS,2026-06-29,ACQUISITION,MEDIUM,50,NONE,NO,NO,NEUTRAL,0,,2026-07-03 05:59,2026-07-03
INDIAMART,2026-06-29,MANAGEMENT_CHANGE,MEDIUM,50,NONE,NO,NO,NEUTRAL,0,,2026-07-03 05:59,2026-07-03
STLNETWORK,2026-06-29,ACQUISITION,MEDIUM,50,NONE,NO,NO,NEUTRAL,0,,2026-07-03 05:59,2026-07-03
BIOCON,2026-06-29,FUNDRAISE,MEDIUM,50,NONE,NO,NO,NEUTRAL,0,,2026-07-03 05:59,2026-07-03
SERVOTECH,2026-06-29,ACQUISITION,MEDIUM,50,NONE,NO,NO,NEUTRAL,0,,2026-07-03 05:59,2026-07-03
AURIONPRO,2026-06-29,ACQUISITION,MEDIUM,50,NONE,NO,NO,NEUTRAL,0,,2026-07-03 05:59,2026-07-03
VIKRAN,2026-06-29,ACQUISITION,MEDIUM,50,NONE,NO,NO,NEUTRAL,0,,2026-07-03 05:59,2026-07-03
VIPULLTD,2026-06-29,MANAGEMENT_CHANGE,MEDIUM,50,NONE,NO,NO,NEUTRAL,0,,2026-07-03 05:59,2026-07-03
SSDL,2026-06-29,ACQUISITION,MEDIUM,50,NONE,NO,NO,NEUTRAL,0,,2026-07-03 05:59,2026-07-03
ANGELONE,2026-06-29,ACQUISITION,MEDIUM,50,NONE,NO,NO,NEUTRAL,0,,2026-07-03 05:59,2026-07-03
VLSFINANCE,2026-06-29,MANAGEMENT_CHANGE,MEDIUM,50,NONE,NO,NO,NEUTRAL,0,,2026-07-03 05:59,2026-07-03
VIJIFIN,2026-06-29,FUNDRAISE,MEDIUM,50,NONE,NO,NO,NEUTRAL,0,,2026-07-03 05:59,2026-07-03
TRU,2026-06-29,FUNDRAISE,MEDIUM,50,NONE,NO,NO,NEUTRAL,0,,2026-07-03 05:59,2026-07-03
ICRA,2026-06-29,ACQUISITION,MEDIUM,50,NONE,NO,NO,NEUTRAL,0,,2026-07-03 05:59,2026-07-03
NARMADA,2026-06-29,BOARD_OUTCOME,MEDIUM,50,NONE,NO,NO,NEUTRAL,0,,2026-07-03 05:59,2026-07-03
MANORAMA,2026-06-29,BOARD_OUTCOME,MEDIUM,50,NONE,NO,NO,NEUTRAL,0,,2026-07-03 05:59,2026-07-03
NRBBEARING,2026-06-29,ACQUISITION,MEDIUM,50,NONE,NO,NO,NEUTRAL,0,,2026-07-03 05:59,2026-07-03
CRAFTSMAN,2026-06-29,CAPEX_EXPANSION,MEDIUM,50,NONE,NO,NO,NEUTRAL,0,,2026-07-03 05:59,2026-07-03
AAKASH,2026-06-29,ACQUISITION,MEDIUM,50,NONE,NO,NO,NEUTRAL,0,,2026-07-03 05:59,2026-07-03
BANSALWIRE,2026-06-29,ACQUISITION,MEDIUM,50,NONE,NO,NO,NEUTRAL,0,,2026-07-03 05:59,2026-07-03
VETO,2026-06-29,ACQUISITION,MEDIUM,50,NONE,NO,NO,NEUTRAL,0,,2026-07-03 05:59,2026-07-03
GODIGIT,2026-06-29,ACQUISITION,MEDIUM,50,NONE,NO,NO,NEUTRAL,0,,2026-07-03 05:59,2026-07-03
STYLEBAAZA,2026-06-29,ACQUISITION,MEDIUM,50,NONE,NO,NO,NEUTRAL,0,,2026-07-03 05:59,2026-07-03
TEXRAIL,2026-06-29,ACQUISITION,MEDIUM,50,NONE,NO,NO,NEUTRAL,0,,2026-07-03 05:59,2026-07-03
AJOONI,2026-06-29,BOARD_OUTCOME,MEDIUM,50,NONE,NO,NO,NEUTRAL,0,,2026-07-03 05:59,2026-07-03
VHLTD,2026-06-29,BOARD_OUTCOME,MEDIUM,50,NONE,NO,NO,NEUTRAL,0,,2026-07-03 05:59,2026-07-03
GPTHEALTH,2026-06-29,ACQUISITION,MEDIUM,50,NONE,NO,NO,NEUTRAL,0,,2026-07-03 05:49,2026-07-03
