symbol,sector,close_now,as_of_date,price_score,ath_proximity_score,sector_flow_score,deal_score,corporate_score,base_score,market_regime,regime_multiplier,bull_run_score,label,trend_signal,driving_participant,ret_30d,ret_90d,ret_365d,vol_ratio
EBGNG,IT,640.3,2026-07-08,87.06,85.72,32.11,97.28,50.0,72.29,NEUTRAL,0.9,65.06,BULL_RUN,STRONG_UPTREND,RETAIL,52.25,71.02,,0.861
POCL,METAL,1461.6,2026-07-08,90.55,80.56,36.73,96.74,38.89,71.28,NEUTRAL,0.9,64.15,BULL_RUN,STRONG_UPTREND,DII,13.62,32.68,52.38,2.345
RAMCOSYS,IT,856.45,2026-07-08,86.99,77.04,32.11,95.65,50.0,70.21,NEUTRAL,0.9,63.19,BULL_RUN,STRONG_UPTREND,RETAIL,52.33,109.22,,0.725
AJANTPHARM,PHARMA,3278.8,2026-07-08,79.66,87.0,32.55,98.91,38.89,69.44,NEUTRAL,0.9,62.5,BULL_RUN,STRONG_UPTREND,RETAIL,10.16,20.92,21.54,0.79
LENSKART,RETAIL,536.55,2026-07-08,62.08,92.44,37.66,99.73,50.0,68.99,NEUTRAL,0.9,62.09,BULL_RUN,INSUFFICIENT_DATA,RETAIL,5.94,7.17,,0.72
CORONA,PHARMA,1979.4,2026-07-08,76.21,88.46,32.55,99.46,38.89,68.98,NEUTRAL,0.9,62.08,BULL_RUN,INSUFFICIENT_DATA,RETAIL,14.75,30.55,,0.187
BAJAJCON,FMCG,613.9,2026-07-08,89.76,94.08,33.85,50.0,66.67,68.03,NEUTRAL,0.9,61.23,BULL_RUN,STRONG_UPTREND,RETAIL,11.2,58.24,163.95,0.754
GOKEX,TEXTILES,808.65,2026-07-08,78.91,69.36,37.2,95.92,50.0,67.72,NEUTRAL,0.9,60.95,BULL_RUN,STRONG_UPTREND,RETAIL,16.55,31.0,-12.37,0.594
SENORES,PHARMA,1409.8,2026-07-08,98.18,95.56,32.55,50.0,50.0,67.67,NEUTRAL,0.9,60.9,BULL_RUN,STRONG_UPTREND,RETAIL,36.25,82.55,124.53,1.467
CERA,REALTY,6323.5,2026-07-08,79.66,78.12,34.05,97.01,38.89,67.58,NEUTRAL,0.9,60.82,BULL_RUN,STRONG_UPTREND,RETAIL,14.71,31.49,-2.82,0.314
WELSPUNLIV,TEXTILES,162.93,2026-07-08,86.6,87.92,37.2,50.0,72.22,67.51,NEUTRAL,0.9,60.76,BULL_RUN,STRONG_UPTREND,RETAIL,13.83,36.56,17.42,0.796
ATHERENERG,AUTO,1200.0,2026-07-08,94.23,97.7,34.53,50.0,50.0,67.5,NEUTRAL,0.9,60.75,BULL_RUN,STRONG_UPTREND,RETAIL,16.1,57.69,249.6,2.161
RML,AUTO,1258.2,2026-07-08,95.45,97.22,34.53,47.96,50.0,67.3,NEUTRAL,0.9,60.57,BULL_RUN,STRONG_UPTREND,RETAIL,39.58,83.97,45.52,0.769
EMCURE,PHARMA,1809.3,2026-07-08,64.49,86.14,32.55,97.83,50.0,66.93,NEUTRAL,0.9,60.24,BULL_RUN,STRONG_UPTREND,RETAIL,2.99,16.36,32.88,0.526
NYKAA,RETAIL,317.95,2026-07-08,91.08,95.36,37.66,50.0,50.0,66.87,NEUTRAL,0.9,60.18,BULL_RUN,STRONG_UPTREND,RETAIL,21.22,28.24,47.16,1.064
AETHER,CHEMICALS,1413.4,2026-07-08,93.51,98.52,29.88,50.0,50.0,66.56,NEUTRAL,0.9,59.9,EMERGING,STRONG_UPTREND,RETAIL,24.18,30.29,71.49,1.99
THANGAMAYL,FMCG,6806.0,2026-07-08,98.16,95.88,33.85,50.0,38.89,66.32,NEUTRAL,0.9,59.69,EMERGING,STRONG_UPTREND,RETAIL,27.17,76.2,255.81,2.486
SPAL,TEXTILES,1161.0,2026-07-08,93.9,91.12,37.2,47.96,50.0,66.23,NEUTRAL,0.9,59.61,EMERGING,STRONG_UPTREND,RETAIL,42.95,56.87,44.06,0.621
CRAFTSMAN,AUTO,9181.5,2026-07-08,67.19,84.78,34.53,98.37,38.89,66.17,NEUTRAL,0.9,59.55,EMERGING,UPTREND,RETAIL,1.29,36.13,49.8,0.565
DIACABS,FINANCIAL_SERVICES,231.33,2026-07-08,92.41,92.86,34.81,50.0,50.0,66.14,NEUTRAL,0.9,59.53,EMERGING,STRONG_UPTREND,RETAIL,13.62,80.66,33.78,2.219
ASTRAMICRO,DEFENCE,1809.3,2026-07-08,95.4,93.4,38.51,50.0,38.89,66.07,NEUTRAL,0.9,59.46,EMERGING,STRONG_UPTREND,RETAIL,27.46,81.49,81.93,0.728
JAYBARMARU,AUTO,178.22,2026-07-08,96.98,86.62,34.53,50.0,50.0,65.97,NEUTRAL,0.9,59.37,EMERGING,INSUFFICIENT_DATA,RETAIL,39.27,112.09,134.19,0.809
RISHABH,CAPITAL_GOODS,650.8,2026-07-08,97.57,87.88,32.5,50.0,50.0,65.97,NEUTRAL,0.9,59.37,EMERGING,INSUFFICIENT_DATA,RETAIL,27.0,59.73,118.98,3.143
LODHA,REALTY,1115.1,2026-07-08,83.98,52.6,34.05,100.0,50.0,65.82,NEUTRAL,0.9,59.24,EMERGING,STRONG_UPTREND,RETAIL,24.67,55.38,-22.24,3.267
NGLFINE,PHARMA,3224.6,2026-07-08,91.41,94.26,32.55,50.0,50.0,65.71,NEUTRAL,0.9,59.14,EMERGING,STRONG_UPTREND,RETAIL,17.57,45.8,135.79,0.672
RATEGAIN,IT,916.85,2026-07-08,95.59,89.04,32.11,50.0,50.0,65.63,NEUTRAL,0.9,59.07,EMERGING,STRONG_UPTREND,RETAIL,20.84,80.73,93.69,0.936
DBSTOCKBRO,FINANCIAL_SERVICES,44.67,2026-07-08,98.17,84.2,34.81,47.96,50.0,65.44,NEUTRAL,0.9,58.9,EMERGING,STRONG_UPTREND,RETAIL,39.81,72.94,55.64,10.807
J&KBANK,BANKING,165.96,2026-07-08,90.32,94.1,32.37,50.0,50.0,65.37,NEUTRAL,0.9,58.83,EMERGING,STRONG_UPTREND,RETAIL,12.5,42.03,47.73,2.481
SKYGOLD,FMCG,585.5,2026-07-08,91.16,93.48,33.85,47.96,50.0,65.35,NEUTRAL,0.9,58.82,EMERGING,STRONG_UPTREND,RETAIL,10.8,58.54,79.6,2.091
ZYDUSLIFE,PHARMA,1148.0,2026-07-08,76.53,94.32,32.55,50.0,72.22,65.34,NEUTRAL,0.9,58.81,EMERGING,STRONG_UPTREND,RETAIL,5.42,31.43,18.64,1.783
AEQUS,DEFENCE,256.14,2026-07-08,89.27,89.04,38.51,50.0,50.0,65.33,NEUTRAL,0.9,58.8,EMERGING,INSUFFICIENT_DATA,RETAIL,37.01,108.14,,4.379
MAYURUNIQ,TEXTILES,853.25,2026-07-08,90.91,88.14,37.2,50.0,50.0,65.3,NEUTRAL,0.9,58.77,EMERGING,STRONG_UPTREND,RETAIL,16.3,59.43,43.33,0.653
SPARC,CHEMICALS,269.98,2026-07-08,97.8,86.84,29.88,50.0,50.0,65.29,NEUTRAL,0.9,58.76,EMERGING,STRONG_UPTREND,RETAIL,26.86,113.63,66.4,2.348
HONASA,FMCG,467.6,2026-07-08,88.57,96.06,33.85,47.96,50.0,65.22,NEUTRAL,0.9,58.7,EMERGING,STRONG_UPTREND,RETAIL,12.38,54.5,56.07,0.566
RANEHOLDIN,FINANCIAL_SERVICES,1728.4,2026-07-08,89.18,92.26,34.81,50.0,50.0,65.21,NEUTRAL,0.9,58.69,EMERGING,STRONG_UPTREND,RETAIL,19.51,71.17,9.58,0.584
FUSION,FINANCIAL_SERVICES,220.29,2026-07-08,92.56,87.5,34.81,50.0,50.0,65.1,NEUTRAL,0.9,58.59,EMERGING,STRONG_UPTREND,RETAIL,27.98,45.75,13.46,1.351
WELCORP,METAL,1529.2,2026-07-08,90.82,95.3,36.73,50.0,38.89,64.94,NEUTRAL,0.9,58.45,EMERGING,STRONG_UPTREND,DII,10.11,73.94,68.8,1.272
AMAGI,IT,573.3,2026-07-08,88.62,93.52,32.11,50.0,50.0,64.78,NEUTRAL,0.9,58.3,EMERGING,INSUFFICIENT_DATA,RETAIL,36.08,79.04,,2.086
RPEL,CAPITAL_GOODS,1289.1,2026-07-08,94.63,93.84,32.5,50.0,38.89,64.76,NEUTRAL,0.9,58.28,EMERGING,STRONG_UPTREND,RETAIL,16.12,102.35,83.1,1.215
RADICO,FMCG,4077.6,2026-07-08,91.76,95.96,33.85,50.0,38.89,64.74,NEUTRAL,0.9,58.27,EMERGING,STRONG_UPTREND,RETAIL,16.81,55.1,48.48,0.792
CREDITACC,FINANCIAL_SERVICES,1536.7,2026-07-08,88.03,91.12,34.81,50.0,50.0,64.69,NEUTRAL,0.9,58.22,EMERGING,STRONG_UPTREND,RETAIL,21.57,25.68,18.34,0.93
SGMART,METAL,669.0,2026-07-08,83.28,95.04,36.73,50.0,50.0,64.67,NEUTRAL,0.9,58.2,EMERGING,STRONG_UPTREND,DII,16.28,33.41,,16.024
STOVEKRAFT,FMCG,782.45,2026-07-08,94.22,92.26,33.85,50.0,38.89,64.61,NEUTRAL,0.9,58.15,EMERGING,STRONG_UPTREND,RETAIL,20.52,60.93,31.32,1.608
ADANIENSOL,POWER,1655.5,2026-07-08,86.42,93.4,34.0,50.0,50.0,64.59,NEUTRAL,0.9,58.13,EMERGING,STRONG_UPTREND,MIXED,4.84,67.86,88.18,1.583
CUPID,FMCG,196.98,2026-07-08,98.27,74.32,33.85,50.0,55.56,64.54,NEUTRAL,0.9,58.09,EMERGING,STRONG_UPTREND,RETAIL,43.68,128.14,47.65,2.381
IRISDOREME,TEXTILES,44.59,2026-07-08,82.79,94.3,37.2,50.0,50.0,64.5,NEUTRAL,0.9,58.05,EMERGING,INSUFFICIENT_DATA,RETAIL,21.3,39.87,,0.691
SUVEN,HEALTHCARE,317.1,2026-07-08,86.05,88.76,38.31,50.0,50.0,64.43,NEUTRAL,0.9,57.99,EMERGING,STRONG_UPTREND,DII,33.6,90.03,,0.671
CYIENTDLM,CAPITAL_GOODS,521.1,2026-07-08,90.53,88.8,32.5,50.0,50.0,64.39,NEUTRAL,0.9,57.95,EMERGING,STRONG_UPTREND,RETAIL,14.93,83.42,7.61,2.544
ORCHPHARMA,PHARMA,1002.25,2026-07-08,94.72,83.22,32.55,50.0,50.0,64.33,NEUTRAL,0.9,57.9,EMERGING,STRONG_UPTREND,RETAIL,18.71,93.34,35.45,10.944
JBCHEPHARM,PHARMA,2435.8,2026-07-08,86.46,97.42,32.55,50.0,44.44,64.28,NEUTRAL,0.9,57.85,EMERGING,STRONG_UPTREND,RETAIL,12.29,24.16,47.62,3.588
PAISALO,FINANCIAL_SERVICES,70.42,2026-07-08,96.78,88.04,34.81,47.96,38.89,64.19,NEUTRAL,0.9,57.77,EMERGING,STRONG_UPTREND,RETAIL,21.69,88.49,128.93,1.242
SIGNPOST,MEDIA,310.15,2026-07-08,89.34,90.86,41.22,47.96,38.89,64.18,NEUTRAL,0.9,57.76,EMERGING,STRONG_UPTREND,RETAIL,16.97,33.38,25.38,0.962
GRWRHITECH,CAPITAL_GOODS,6821.5,2026-07-08,93.8,91.7,32.5,50.0,38.89,64.12,NEUTRAL,0.9,57.71,EMERGING,STRONG_UPTREND,RETAIL,15.76,83.44,84.66,1.035
INDSWFTLAB,PHARMA,225.47,2026-07-08,88.58,89.48,32.55,50.0,50.0,64.05,NEUTRAL,0.9,57.64,EMERGING,INSUFFICIENT_DATA,RETAIL,42.7,62.95,,3.175
IOLCP,PHARMA,167.11,2026-07-08,98.04,87.86,32.55,47.96,38.89,64.02,NEUTRAL,0.9,57.62,EMERGING,STRONG_UPTREND,RETAIL,26.91,112.61,78.59,5.009
MEGASTAR,FMCG,359.95,2026-07-08,87.57,90.96,33.85,47.96,50.0,63.95,NEUTRAL,0.9,57.56,EMERGING,INSUFFICIENT_DATA,RETAIL,16.7,33.84,32.26,0.55
SBC,TEXTILES,42.06,2026-07-08,87.74,86.94,37.2,47.96,50.0,63.86,NEUTRAL,0.9,57.47,EMERGING,STRONG_UPTREND,RETAIL,13.37,32.93,167.22,0.532
STARHEALTH,FINANCIAL_SERVICES,584.2,2026-07-08,83.14,92.86,34.81,50.0,50.0,63.82,NEUTRAL,0.9,57.44,EMERGING,STRONG_UPTREND,RETAIL,11.06,26.77,36.38,0.535
CGCL,FINANCIAL_SERVICES,237.06,2026-07-08,92.11,92.0,34.81,47.96,38.89,63.82,NEUTRAL,0.9,57.44,EMERGING,STRONG_UPTREND,RETAIL,16.91,39.43,34.02,3.779
ZSARACOM,FINANCIAL_SERVICES,13644.0,2026-07-08,77.28,100.0,34.81,50.0,50.0,63.78,NEUTRAL,0.9,57.4,EMERGING,INSUFFICIENT_DATA,RETAIL,47.5,,,7.959
PARAS,DEFENCE,1276.4,2026-07-08,94.38,76.9,38.51,47.96,50.0,63.77,NEUTRAL,0.9,57.39,EMERGING,STRONG_UPTREND,RETAIL,32.94,99.22,57.89,0.492
OFSS,FINANCIAL_SERVICES,11002.0,2026-07-08,85.45,93.7,34.81,50.0,44.44,63.73,NEUTRAL,0.9,57.36,EMERGING,STRONG_UPTREND,RETAIL,10.72,52.98,25.38,0.534
SONACOMS,AUTO,662.05,2026-07-08,84.94,94.5,34.53,50.0,44.44,63.71,NEUTRAL,0.9,57.34,EMERGING,STRONG_UPTREND,RETAIL,9.92,28.52,45.39,1.535
UFBL,HOSPITALITY,692.4,2026-07-08,85.07,88.4,36.15,50.0,50.0,63.68,NEUTRAL,0.9,57.31,EMERGING,INSUFFICIENT_DATA,RETAIL,36.84,210.86,,0.347
AVL,RETAIL,642.4,2026-07-08,88.68,82.24,37.66,50.0,50.0,63.65,NEUTRAL,0.9,57.28,EMERGING,STRONG_UPTREND,RETAIL,16.55,38.91,75.69,0.255
VENUSPIPES,METAL,1733.1,2026-07-08,90.61,84.86,36.73,50.0,44.44,63.64,NEUTRAL,0.9,57.28,EMERGING,STRONG_UPTREND,DII,19.61,64.83,5.94,1.078
TALBROAUTO,AUTO,406.75,2026-07-08,90.42,87.02,34.53,50.0,44.44,63.58,NEUTRAL,0.9,57.22,EMERGING,STRONG_UPTREND,RETAIL,15.97,63.22,38.14,0.709
CAPLIPOINT,PHARMA,2528.4,2026-07-08,90.23,89.04,32.55,50.0,44.44,63.54,NEUTRAL,0.9,57.19,EMERGING,STRONG_UPTREND,RETAIL,24.36,56.99,21.97,0.466
MOTILALOFS,FINANCIAL_SERVICES,909.6,2026-07-08,74.02,65.82,34.81,95.38,38.89,63.54,NEUTRAL,0.9,57.19,EMERGING,UPTREND,RETAIL,6.34,30.16,-3.71,0.748
RPTECH,IT,740.45,2026-07-08,94.35,82.18,32.11,47.96,50.0,63.54,NEUTRAL,0.9,57.19,EMERGING,STRONG_UPTREND,RETAIL,35.55,100.61,143.81,0.134
SHILPAMED,PHARMA,595.35,2026-07-08,76.52,93.6,32.55,50.0,61.11,63.53,NEUTRAL,0.9,57.18,EMERGING,STRONG_UPTREND,RETAIL,10.65,52.13,,0.533
SJS,AUTO,2216.5,2026-07-08,88.03,93.86,34.53,50.0,38.89,63.52,NEUTRAL,0.9,57.17,EMERGING,STRONG_UPTREND,RETAIL,10.61,37.72,76.73,1.637
DLINKINDIA,IT,538.25,2026-07-08,84.91,95.88,32.11,50.0,44.44,63.49,NEUTRAL,0.9,57.14,EMERGING,STRONG_UPTREND,RETAIL,12.72,33.26,0.47,3.873
IKS,IT,1831.9,2026-07-08,84.65,91.92,32.11,50.0,50.0,63.47,NEUTRAL,0.9,57.12,EMERGING,STRONG_UPTREND,RETAIL,10.42,29.76,13.95,1.241
SHRIPISTON,AUTO,4116.8,2026-07-08,90.5,86.22,34.53,50.0,44.44,63.44,NEUTRAL,0.9,57.1,EMERGING,STRONG_UPTREND,RETAIL,20.87,38.31,74.71,0.502
PWL,HEALTHCARE,146.64,2026-07-08,88.26,81.04,38.31,50.0,50.0,63.44,NEUTRAL,0.9,57.1,EMERGING,INSUFFICIENT_DATA,DII,42.74,54.34,,4.77
BANSALWIRE,METAL,330.2,2026-07-08,74.18,52.06,36.73,98.1,50.0,63.42,NEUTRAL,0.9,57.08,EMERGING,STRONG_UPTREND,DII,8.07,30.15,-19.2,1.38
ICIL,TEXTILES,411.2,2026-07-08,91.81,77.32,37.2,50.0,50.0,63.36,NEUTRAL,0.9,57.02,EMERGING,STRONG_UPTREND,RETAIL,25.14,66.64,40.7,0.246
KSL,METAL,893.4,2026-07-08,83.36,88.18,36.73,50.0,50.0,63.32,NEUTRAL,0.9,56.99,EMERGING,STRONG_UPTREND,DII,10.36,41.03,-2.39,3.801
SGFIN,FINANCIAL_SERVICES,669.1,2026-07-08,82.86,90.66,34.81,50.0,50.0,63.31,NEUTRAL,0.9,56.98,EMERGING,STRONG_UPTREND,RETAIL,17.31,48.19,,0.825
WABAG,INFRASTRUCTURE,2081.4,2026-07-08,95.23,86.62,31.4,50.0,38.89,63.24,NEUTRAL,0.9,56.92,EMERGING,STRONG_UPTREND,RETAIL,30.05,65.07,41.64,0.995
KAJARIACER,CAPITAL_GOODS,1193.4,2026-07-08,75.68,80.56,32.5,50.0,77.78,63.2,NEUTRAL,0.9,56.88,EMERGING,STRONG_UPTREND,RETAIL,10.11,19.56,0.68,0.437
ABDL,FMCG,674.8,2026-07-08,90.69,89.64,33.85,50.0,38.89,63.2,NEUTRAL,0.9,56.88,EMERGING,STRONG_UPTREND,RETAIL,16.2,60.63,37.31,0.702
TORNTPHARM,PHARMA,4866.4,2026-07-08,82.69,96.7,32.55,50.0,44.44,63.19,NEUTRAL,0.9,56.87,EMERGING,STRONG_UPTREND,RETAIL,10.08,20.12,41.48,2.004
MANAPPURAM,FINANCIAL_SERVICES,332.55,2026-07-08,81.72,91.18,34.81,50.0,50.0,63.13,NEUTRAL,0.9,56.82,EMERGING,STRONG_UPTREND,RETAIL,7.9,29.88,23.46,0.924
MARKSANS,PHARMA,263.45,2026-07-08,85.09,88.98,32.55,50.0,50.0,63.08,NEUTRAL,0.9,56.77,EMERGING,STRONG_UPTREND,RETAIL,12.98,54.97,0.8,1.424
NAM-INDIA,AMC,1168.0,2026-07-08,78.09,89.38,45.03,50.0,44.44,63.07,NEUTRAL,0.9,56.76,EMERGING,STRONG_UPTREND,RETAIL,4.93,40.55,38.13,1.134
TRIVENI,CAPITAL_GOODS,449.1,2026-07-08,84.82,89.28,32.5,50.0,50.0,63.06,NEUTRAL,0.9,56.75,EMERGING,STRONG_UPTREND,RETAIL,22.3,15.36,23.4,0.823
KMEW,INFRASTRUCTURE,2236.9,2026-07-08,91.79,85.72,31.4,50.0,44.44,63.04,NEUTRAL,0.9,56.74,EMERGING,STRONG_UPTREND,RETAIL,21.42,34.69,28.4,1.271
PSPPROJECT,INFRASTRUCTURE,1039.3,2026-07-08,91.59,81.86,31.4,50.0,50.0,63.05,NEUTRAL,0.9,56.74,EMERGING,STRONG_UPTREND,RETAIL,18.99,61.85,25.58,0.765
HAPPYFORGE,CAPITAL_GOODS,1520.8,2026-07-08,83.21,91.24,32.5,50.0,50.0,63.05,NEUTRAL,0.9,56.74,EMERGING,STRONG_UPTREND,RETAIL,9.57,25.8,59.97,0.641
AUROPHARMA,PHARMA,1557.4,2026-07-08,73.88,90.3,32.55,50.0,66.67,63.04,NEUTRAL,0.9,56.74,EMERGING,STRONG_UPTREND,RETAIL,6.5,17.1,35.19,0.719
SANGHVIMOV,CAPITAL_GOODS,441.25,2026-07-08,93.14,87.0,32.5,50.0,38.89,63.02,NEUTRAL,0.9,56.72,EMERGING,STRONG_UPTREND,RETAIL,18.25,58.62,64.37,0.83
AKUMS,PHARMA,647.35,2026-07-08,88.33,92.86,32.55,50.0,38.89,63.0,NEUTRAL,0.9,56.7,EMERGING,STRONG_UPTREND,RETAIL,16.89,32.23,16.25,1.653
INDOBORAX,CHEMICALS,415.45,2026-07-08,91.76,93.24,29.88,47.96,38.89,62.99,NEUTRAL,0.9,56.69,EMERGING,INSUFFICIENT_DATA,RETAIL,13.08,63.54,76.04,1.01
CHOLAFIN,FINANCIAL_SERVICES,1769.4,2026-07-08,86.05,88.74,34.81,50.0,44.44,62.89,NEUTRAL,0.9,56.6,EMERGING,STRONG_UPTREND,RETAIL,17.71,25.05,13.64,0.882
GANDHAR,ENERGY,189.79,2026-07-08,89.98,93.86,28.95,50.0,38.89,62.89,NEUTRAL,0.9,56.6,EMERGING,STRONG_UPTREND,RETAIL,18.08,49.61,11.62,0.893
MANGLMCEM,CEMENT,923.45,2026-07-08,78.04,90.8,38.56,50.0,50.0,62.88,NEUTRAL,0.9,56.59,EMERGING,STRONG_UPTREND,DII,10.16,10.69,22.24,1.304
GODREJIND,REALTY,1216.4,2026-07-08,87.35,83.6,34.05,50.0,50.0,62.87,NEUTRAL,0.9,56.58,EMERGING,STRONG_UPTREND,RETAIL,16.67,42.9,8.43,0.799
CNL,RETAIL,785.25,2026-07-08,80.63,96.56,37.66,50.0,38.89,62.83,NEUTRAL,0.9,56.55,EMERGING,INSUFFICIENT_DATA,RETAIL,24.51,29.63,,0.492
HFCL,TELECOM,214.74,2026-07-08,92.12,87.14,32.51,50.0,38.89,62.79,NEUTRAL,0.9,56.51,EMERGING,STRONG_UPTREND,MIXED,14.69,195.62,159.6,0.592
GMRAIRPORT,INFRASTRUCTURE,111.01,2026-07-08,82.04,92.0,31.4,50.0,50.0,62.69,NEUTRAL,0.9,56.42,EMERGING,STRONG_UPTREND,RETAIL,8.8,22.08,20.82,1.18
ABCAPITAL,FINANCIAL_SERVICES,385.75,2026-07-08,82.53,87.86,34.81,50.0,50.0,62.67,NEUTRAL,0.9,56.4,EMERGING,STRONG_UPTREND,RETAIL,7.9,25.02,42.47,1.218
SFL,REALTY,740.4,2026-07-08,88.82,89.12,34.05,50.0,38.89,62.67,NEUTRAL,0.9,56.4,EMERGING,STRONG_UPTREND,RETAIL,15.19,47.89,8.08,1.615
GRANULES,PHARMA,859.55,2026-07-08,84.79,95.56,32.55,50.0,38.89,62.65,NEUTRAL,0.9,56.38,EMERGING,STRONG_UPTREND,RETAIL,8.82,34.56,74.79,1.253
NRBBEARING,AUTO,424.95,2026-07-08,85.67,81.76,34.53,47.96,55.56,62.6,NEUTRAL,0.9,56.34,EMERGING,UPTREND,RETAIL,10.19,78.89,47.63,0.346
GALAPREC,CAPITAL_GOODS,1140.4,2026-07-08,91.16,81.02,32.5,47.96,50.0,62.59,NEUTRAL,0.9,56.33,EMERGING,STRONG_UPTREND,RETAIL,25.26,58.17,29.03,0.38
GLAND,PHARMA,2495.8,2026-07-08,85.56,93.96,32.55,50.0,38.89,62.53,NEUTRAL,0.9,56.28,EMERGING,STRONG_UPTREND,RETAIL,9.8,45.41,31.65,1.176
PHARMABEES,OTHER,26.16,2026-07-08,73.42,93.34,39.73,50.0,50.0,62.47,NEUTRAL,0.9,56.22,EMERGING,STRONG_UPTREND,DII,5.06,16.63,12.9,1.169
FEDERALBNK,BANKING,326.55,2026-07-08,77.7,95.36,32.37,50.0,50.0,62.47,NEUTRAL,0.9,56.22,EMERGING,STRONG_UPTREND,RETAIL,7.36,18.68,54.27,0.586
BOSCHLTD,AUTO,41610.0,2026-07-08,82.37,95.52,34.53,50.0,38.89,62.44,NEUTRAL,0.9,56.2,EMERGING,STRONG_UPTREND,RETAIL,11.73,24.41,8.59,1.328
GOODLUCK,METAL,1453.6,2026-07-08,84.12,88.92,36.73,47.96,44.44,62.42,NEUTRAL,0.9,56.18,EMERGING,STRONG_UPTREND,DII,8.51,37.15,27.62,0.778
ADOR,CAPITAL_GOODS,1285.1,2026-07-08,89.18,88.98,32.5,50.0,38.89,62.42,NEUTRAL,0.9,56.18,EMERGING,STRONG_UPTREND,RETAIL,13.49,50.87,18.8,1.194
QUESS,OTHER,290.5,2026-07-08,86.18,81.06,39.73,50.0,44.44,62.37,NEUTRAL,0.9,56.13,EMERGING,STRONG_UPTREND,DII,23.24,59.29,-5.51,0.764
SUYOG,TELECOM,874.95,2026-07-08,81.89,89.18,32.51,50.0,50.0,62.31,NEUTRAL,0.9,56.08,EMERGING,STRONG_UPTREND,MIXED,18.85,29.94,,1.073
PNBHOUSING,FINANCIAL_SERVICES,1072.2,2026-07-08,77.72,92.06,34.81,50.0,50.0,62.3,NEUTRAL,0.9,56.07,EMERGING,STRONG_UPTREND,RETAIL,7.47,31.24,-2.49,1.638
PANSARI,REALTY,356.4,2026-07-08,84.57,84.2,34.05,50.0,50.0,62.29,NEUTRAL,0.9,56.06,EMERGING,INSUFFICIENT_DATA,RETAIL,25.25,32.27,,1.94
THELEELA,HOSPITALITY,480.6,2026-07-08,79.65,88.1,36.15,50.0,50.0,62.26,NEUTRAL,0.9,56.03,EMERGING,STRONG_UPTREND,RETAIL,14.61,16.06,10.41,0.636
LTF,FINANCIAL_SERVICES,314.3,2026-07-08,89.3,85.64,34.81,50.0,38.89,62.25,NEUTRAL,0.9,56.02,EMERGING,STRONG_UPTREND,RETAIL,17.01,23.47,52.98,1.304
PGIL,TEXTILES,1951.7,2026-07-08,84.98,84.5,37.2,50.0,44.44,62.25,NEUTRAL,0.9,56.02,EMERGING,STRONG_UPTREND,RETAIL,17.18,27.89,22.63,0.248
VADILALIND,FMCG,6284.0,2026-07-08,84.25,92.62,33.85,50.0,38.89,62.19,NEUTRAL,0.9,55.97,EMERGING,STRONG_UPTREND,RETAIL,8.71,43.89,22.42,0.816
OBEROIRLTY,REALTY,1870.1,2026-07-08,80.86,88.32,34.05,50.0,50.0,62.19,NEUTRAL,0.9,55.97,EMERGING,STRONG_UPTREND,RETAIL,14.49,19.86,2.75,0.844
NEULANDLAB,PHARMA,18889.0,2026-07-08,86.3,91.32,32.55,50.0,38.89,62.18,NEUTRAL,0.9,55.96,EMERGING,STRONG_UPTREND,RETAIL,12.36,43.36,23.68,0.854
INNOVACAP,PHARMA,982.85,2026-07-08,86.76,90.56,32.55,50.0,38.89,62.15,NEUTRAL,0.9,55.94,EMERGING,STRONG_UPTREND,RETAIL,13.3,43.43,8.25,1.988
MIRZAINT,TEXTILES,37.82,2026-07-08,91.08,71.9,37.2,50.0,50.0,62.09,NEUTRAL,0.9,55.88,EMERGING,STRONG_UPTREND,RETAIL,25.82,29.21,15.13,8.568
WELENT,METAL,600.9,2026-07-08,83.91,89.64,36.73,50.0,38.89,62.09,NEUTRAL,0.9,55.88,EMERGING,STRONG_UPTREND,DII,10.99,36.82,13.98,0.615
PHOENIXLTD,REALTY,2022.5,2026-07-08,86.02,89.48,34.05,50.0,38.89,62.04,NEUTRAL,0.9,55.84,EMERGING,STRONG_UPTREND,RETAIL,15.5,26.64,35.59,0.624
HEALTHIETF,OTHER,165.45,2026-07-08,71.25,93.96,39.73,50.0,50.0,62.05,NEUTRAL,0.9,55.84,EMERGING,STRONG_UPTREND,DII,4.54,15.1,9.32,1.203
MONQ50,OTHER,146.33,2026-07-08,67.33,98.76,39.73,50.0,50.0,62.03,NEUTRAL,0.9,55.83,EMERGING,STRONG_UPTREND,DII,-0.17,31.37,92.06,1.502
DELHIVERY,LOGISTICS,501.8,2026-07-08,79.26,91.9,33.54,47.96,50.0,62.0,NEUTRAL,0.9,55.8,EMERGING,STRONG_UPTREND,RETAIL,12.7,13.53,20.18,0.679
RUBICON,PHARMA,1386.3,2026-07-08,80.91,88.78,32.55,50.0,50.0,61.99,NEUTRAL,0.9,55.79,EMERGING,INSUFFICIENT_DATA,RETAIL,15.28,78.03,,0.514
GINNIFILA,TEXTILES,51.59,2026-07-08,85.42,78.36,37.2,50.0,50.0,61.97,NEUTRAL,0.9,55.77,EMERGING,INSUFFICIENT_DATA,RETAIL,24.58,42.91,,1.202
MOHEALTH,OTHER,49.83,2026-07-08,72.01,92.5,39.73,50.0,50.0,61.95,NEUTRAL,0.9,55.76,EMERGING,STRONG_UPTREND,DII,4.71,18.28,8.94,0.875
AURUM,IT,217.89,2026-07-08,85.06,83.88,32.11,50.0,50.0,61.96,NEUTRAL,0.9,55.76,EMERGING,STRONG_UPTREND,RETAIL,14.63,32.43,15.67,0.503
SKFINDUS,CAPITAL_GOODS,2896.7,2026-07-08,83.24,93.88,32.5,50.0,38.89,61.92,NEUTRAL,0.9,55.73,EMERGING,INSUFFICIENT_DATA,RETAIL,19.88,30.38,,1.777
PAYTM,RETAIL,1223.4,2026-07-08,85.49,77.08,37.66,50.0,50.0,61.82,NEUTRAL,0.9,55.64,EMERGING,STRONG_UPTREND,RETAIL,14.85,18.96,23.77,1.394
IPCALAB,PHARMA,1762.4,2026-07-08,75.63,94.48,32.55,50.0,50.0,61.81,NEUTRAL,0.9,55.63,EMERGING,STRONG_UPTREND,RETAIL,7.34,22.2,19.82,0.655
SATIN,FINANCIAL_SERVICES,248.85,2026-07-08,80.21,86.26,34.81,50.0,50.0,61.77,NEUTRAL,0.9,55.59,EMERGING,STRONG_UPTREND,RETAIL,3.09,69.47,53.62,1.529
RATNAVEER,METAL,180.69,2026-07-08,82.56,83.44,36.73,47.96,50.0,61.77,NEUTRAL,0.9,55.59,EMERGING,STRONG_UPTREND,DII,6.98,29.7,19.68,2.053
GNA,AUTO,459.4,2026-07-08,85.04,90.62,34.53,47.96,38.89,61.72,NEUTRAL,0.9,55.55,EMERGING,STRONG_UPTREND,RETAIL,20.09,20.99,39.57,0.252
CARTRADE,RETAIL,2775.9,2026-07-08,93.25,68.72,37.66,47.96,50.0,61.68,NEUTRAL,0.9,55.51,EMERGING,STRONG_UPTREND,RETAIL,41.74,57.36,45.75,0.458
GCSL,FINANCIAL_SERVICES,472.85,2026-07-08,79.45,88.76,34.81,47.96,50.0,61.67,NEUTRAL,0.9,55.5,EMERGING,INSUFFICIENT_DATA,RETAIL,11.52,39.26,,0.956
INOXINDIA,CAPITAL_GOODS,1875.9,2026-07-08,94.3,78.74,32.5,50.0,38.89,61.66,NEUTRAL,0.9,55.49,EMERGING,UPTREND,RETAIL,18.82,53.08,48.39,1.604
MMFL,AUTO,500.1,2026-07-08,83.82,89.8,34.53,50.0,38.89,61.65,NEUTRAL,0.9,55.48,EMERGING,STRONG_UPTREND,RETAIL,11.0,22.48,35.18,1.209
MUTHOOTMF,FINANCIAL_SERVICES,206.39,2026-07-08,85.58,78.78,34.81,50.0,50.0,61.61,NEUTRAL,0.9,55.45,EMERGING,STRONG_UPTREND,RETAIL,13.48,33.39,23.95,0.627
GREAVESCOT,CAPITAL_GOODS,224.57,2026-07-08,90.0,83.84,32.5,50.0,38.89,61.6,NEUTRAL,0.9,55.44,EMERGING,STRONG_UPTREND,RETAIL,16.84,62.85,5.69,1.397
UNIMECH,DEFENCE,1163.9,2026-07-08,75.15,87.86,38.51,50.0,50.0,61.56,NEUTRAL,0.9,55.4,EMERGING,STRONG_UPTREND,RETAIL,7.94,56.41,,0.555
BALAMINES,CHEMICALS,2196.7,2026-07-08,87.51,89.38,29.88,50.0,38.89,61.56,NEUTRAL,0.9,55.4,EMERGING,STRONG_UPTREND,RETAIL,7.51,112.27,23.24,5.498
CEMPRO,INFRASTRUCTURE,1490.0,2026-07-08,88.45,86.56,31.4,50.0,38.89,61.54,NEUTRAL,0.9,55.39,EMERGING,STRONG_UPTREND,RETAIL,33.9,165.05,,1.361
WEWORK,REALTY,714.1,2026-07-08,79.95,86.2,34.05,50.0,50.0,61.54,NEUTRAL,0.9,55.39,EMERGING,INSUFFICIENT_DATA,RETAIL,11.4,57.83,,0.773
VARROC,AUTO,636.75,2026-07-08,81.65,83.32,34.53,50.0,50.0,61.48,NEUTRAL,0.9,55.33,EMERGING,STRONG_UPTREND,RETAIL,8.6,34.58,11.46,1.159
NUVAMA,FINANCIAL_SERVICES,1848.1,2026-07-08,73.4,89.06,34.81,50.0,55.56,61.46,NEUTRAL,0.9,55.31,EMERGING,STRONG_UPTREND,RETAIL,17.38,57.11,-75.46,0.759
BHARATFORG,AUTO,2100.5,2026-07-08,81.35,87.72,34.53,50.0,44.44,61.45,NEUTRAL,0.9,55.31,EMERGING,STRONG_UPTREND,RETAIL,8.85,25.68,69.75,0.6
YASHO,CHEMICALS,2914.1,2026-07-08,91.85,83.26,29.88,50.0,38.89,61.42,NEUTRAL,0.9,55.28,EMERGING,STRONG_UPTREND,RETAIL,17.97,100.76,48.36,0.423
AADHARHFC,FINANCIAL_SERVICES,525.2,2026-07-08,78.53,86.58,34.81,50.0,50.0,61.41,NEUTRAL,0.9,55.27,EMERGING,STRONG_UPTREND,RETAIL,12.19,15.1,9.9,0.715
AEGISVOPAK,ENERGY,276.61,2026-07-08,92.62,83.18,28.95,50.0,38.89,61.41,NEUTRAL,0.9,55.27,EMERGING,STRONG_UPTREND,RETAIL,45.44,58.49,3.75,1.783
APOLLOHOSP,HEALTHCARE,8753.5,2026-07-08,75.11,95.6,38.31,50.0,38.89,61.39,NEUTRAL,0.9,55.25,EMERGING,STRONG_UPTREND,DII,5.41,19.48,18.93,0.826
EXIDEIND,AUTO,421.35,2026-07-08,78.18,95.52,34.53,50.0,38.89,61.39,NEUTRAL,0.9,55.25,EMERGING,STRONG_UPTREND,RETAIL,5.46,41.75,9.02,1.954
SCHNEIDER,CAPITAL_GOODS,1496.6,2026-07-08,74.73,93.36,32.5,50.0,50.0,61.35,NEUTRAL,0.9,55.22,EMERGING,INSUFFICIENT_DATA,RETAIL,27.67,,,0.946
HAWKINCOOK,FMCG,8799.0,2026-07-08,71.94,95.34,33.85,50.0,50.0,61.32,NEUTRAL,0.9,55.19,EMERGING,INSUFFICIENT_DATA,RETAIL,15.91,,,0.994
DIVGIITTS,DEFENCE,946.6,2026-07-08,90.48,77.76,38.51,47.96,38.89,61.3,NEUTRAL,0.9,55.17,EMERGING,STRONG_UPTREND,RETAIL,21.25,47.42,52.47,0.136
SANGAMIND,TEXTILES,548.65,2026-07-08,76.59,90.18,37.2,50.0,44.44,61.29,NEUTRAL,0.9,55.16,EMERGING,STRONG_UPTREND,RETAIL,4.23,23.56,18.26,3.247
MOREPENLAB,PHARMA,58.96,2026-07-08,85.84,81.08,32.55,47.96,50.0,61.28,NEUTRAL,0.9,55.15,EMERGING,STRONG_UPTREND,RETAIL,34.77,53.9,-6.44,0.644
INDUSINDBK,BANKING,994.65,2026-07-08,82.48,91.64,32.37,50.0,38.89,61.26,NEUTRAL,0.9,55.13,EMERGING,STRONG_UPTREND,RETAIL,9.93,26.74,12.9,1.464
MODEFENCE,OTHER,102.68,2026-07-08,71.03,90.16,39.73,50.0,50.0,61.24,NEUTRAL,0.9,55.12,EMERGING,UPTREND,DII,3.13,19.98,10.27,1.477
BTTL,TEXTILES,52.26,2026-07-08,74.77,87.98,37.2,50.0,50.0,61.23,NEUTRAL,0.9,55.11,EMERGING,INSUFFICIENT_DATA,RETAIL,48.34,,,0.772
UNICHEMLAB,PHARMA,572.7,2026-07-08,90.87,74.08,32.55,47.96,50.0,61.14,NEUTRAL,0.9,55.03,EMERGING,STRONG_UPTREND,RETAIL,57.75,82.45,-4.23,2.025
TBZ,FMCG,201.7,2026-07-08,90.61,79.3,33.85,50.0,38.89,61.12,NEUTRAL,0.9,55.01,EMERGING,STRONG_UPTREND,RETAIL,20.66,52.16,2.89,5.404
AUBANK,BANKING,1038.8,2026-07-08,76.14,90.54,32.37,50.0,50.0,61.12,NEUTRAL,0.9,55.01,EMERGING,STRONG_UPTREND,RETAIL,7.16,16.92,28.24,0.791
UNITDSPR,FMCG,1408.8,2026-07-08,79.19,89.36,33.85,50.0,44.44,61.11,NEUTRAL,0.9,55.0,EMERGING,STRONG_UPTREND,RETAIL,13.0,13.79,2.82,2.422
HEALTHY,OTHER,16.58,2026-07-08,69.67,91.24,39.73,50.0,50.0,61.11,NEUTRAL,0.9,55.0,EMERGING,STRONG_UPTREND,DII,4.15,15.46,9.66,0.826
ABSLAMC,RETAIL,1124.5,2026-07-08,77.36,83.6,37.66,50.0,50.0,61.09,NEUTRAL,0.9,54.98,EMERGING,UPTREND,RETAIL,7.22,20.89,30.05,0.335
EQUITASBNK,BANKING,76.82,2026-07-08,75.03,91.72,32.37,50.0,50.0,61.08,NEUTRAL,0.9,54.97,EMERGING,STRONG_UPTREND,RETAIL,3.88,37.62,21.13,0.865
UTLSOLAR,CAPITAL_GOODS,347.15,2026-07-08,76.15,90.22,32.5,50.0,50.0,61.08,NEUTRAL,0.9,54.97,EMERGING,INSUFFICIENT_DATA,RETAIL,5.74,55.69,,1.7
SPANDANA,FINANCIAL_SERVICES,289.55,2026-07-08,81.2,81.3,34.81,50.0,50.0,61.02,NEUTRAL,0.9,54.92,EMERGING,STRONG_UPTREND,RETAIL,13.55,42.5,-9.08,0.847
INDNIPPON,CAPITAL_GOODS,1007.4,2026-07-08,88.22,83.18,32.5,50.0,38.89,61.02,NEUTRAL,0.9,54.92,EMERGING,STRONG_UPTREND,RETAIL,11.2,40.39,29.21,1.447
LUPIN,PHARMA,2459.0,2026-07-08,72.32,94.62,32.55,50.0,50.0,61.01,NEUTRAL,0.9,54.91,EMERGING,STRONG_UPTREND,RETAIL,8.44,6.99,26.06,1.484
GABRIEL,AUTO,1231.0,2026-07-08,87.77,77.38,34.53,50.0,44.44,60.99,NEUTRAL,0.9,54.89,EMERGING,STRONG_UPTREND,RETAIL,23.03,38.4,12.57,0.511
HDFCSML250,OTHER,177.26,2026-07-08,67.66,93.12,39.73,50.0,50.0,60.98,NEUTRAL,0.9,54.88,EMERGING,STRONG_UPTREND,DII,3.53,17.93,-1.86,1.265
GHCLTEXTIL,TEXTILES,105.34,2026-07-08,81.81,86.12,37.2,50.0,38.89,60.95,NEUTRAL,0.9,54.86,EMERGING,STRONG_UPTREND,RETAIL,6.65,37.07,13.82,1.267
COMSYN,AUTO,191.61,2026-07-08,90.43,79.92,34.53,47.96,38.89,60.92,NEUTRAL,0.9,54.83,EMERGING,INSUFFICIENT_DATA,RETAIL,25.23,24.89,45.26,0.998
CMRGREEN,OTHER,230.4,2026-07-08,47.67,71.32,39.73,96.47,50.0,60.92,NEUTRAL,0.9,54.83,EMERGING,INSUFFICIENT_DATA,DII,,,,0.183
MUFIN,FINANCIAL_SERVICES,128.25,2026-07-08,77.07,85.86,34.81,50.0,50.0,60.9,NEUTRAL,0.9,54.81,EMERGING,UPTREND,RETAIL,4.69,28.31,36.92,0.754
CONSOFINVT,FINANCIAL_SERVICES,247.76,2026-07-08,69.69,95.08,34.81,50.0,50.0,60.9,NEUTRAL,0.9,54.81,EMERGING,INSUFFICIENT_DATA,RETAIL,4.24,,23.73,8.445
JINDALSAW,METAL,259.65,2026-07-08,76.96,92.4,36.73,50.0,38.89,60.9,NEUTRAL,0.9,54.81,EMERGING,STRONG_UPTREND,DII,3.62,36.01,15.58,0.978
SYRMA,CAPITAL_GOODS,1366.2,2026-07-08,90.03,80.04,32.5,50.0,38.89,60.85,NEUTRAL,0.9,54.76,EMERGING,STRONG_UPTREND,RETAIL,11.36,68.99,96.45,0.703
SKMEGGPROD,FMCG,296.25,2026-07-08,83.44,82.64,33.85,50.0,44.44,60.82,NEUTRAL,0.9,54.74,EMERGING,INSUFFICIENT_DATA,RETAIL,20.51,80.6,,0.452
GRASIM,CEMENT,3134.8,2026-07-08,66.73,94.58,38.56,50.0,50.0,60.81,NEUTRAL,0.9,54.73,EMERGING,UPTREND,DII,1.53,19.6,12.82,0.75
MSTCLTD,METAL,655.75,2026-07-08,90.98,76.3,36.73,47.96,38.89,60.78,NEUTRAL,0.9,54.7,EMERGING,UPTREND,DII,27.99,64.39,22.07,0.3
PRUDENT,FINANCIAL_SERVICES,2916.9,2026-07-08,77.58,84.6,34.81,50.0,50.0,60.78,NEUTRAL,0.9,54.7,EMERGING,UPTREND,RETAIL,8.16,29.55,6.43,0.449
GROWWHOSPI,OTHER,53.28,2026-07-08,67.81,91.82,39.73,50.0,50.0,60.76,NEUTRAL,0.9,54.68,EMERGING,INSUFFICIENT_DATA,DII,4.59,17.59,,3.833
MINDACORP,AUTO,683.35,2026-07-08,78.88,91.5,34.53,50.0,38.89,60.76,NEUTRAL,0.9,54.68,EMERGING,STRONG_UPTREND,RETAIL,6.21,35.26,31.58,0.721
MANBA,FINANCIAL_SERVICES,135.96,2026-07-08,81.01,80.08,34.81,50.0,50.0,60.73,NEUTRAL,0.9,54.66,EMERGING,STRONG_UPTREND,RETAIL,14.75,27.4,-4.17,0.955
XPROINDIA,CHEMICALS,1433.5,2026-07-08,89.8,82.06,29.88,50.0,38.89,60.67,NEUTRAL,0.9,54.6,EMERGING,STRONG_UPTREND,RETAIL,22.45,40.54,18.8,0.645
BHAGCHEM,CHEMICALS,291.1,2026-07-08,85.38,79.14,29.88,50.0,50.0,60.65,NEUTRAL,0.9,54.58,EMERGING,STRONG_UPTREND,RETAIL,19.57,34.14,-4.59,1.658
DIFFNKG,CAPITAL_GOODS,381.05,2026-07-08,86.77,74.72,32.5,50.0,50.0,60.64,NEUTRAL,0.9,54.58,EMERGING,UPTREND,RETAIL,17.26,39.65,13.14,0.514
CHOICEIN,INFRASTRUCTURE,769.1,2026-07-08,84.44,78.76,31.4,50.0,50.0,60.64,NEUTRAL,0.9,54.58,EMERGING,STRONG_UPTREND,RETAIL,15.89,19.44,9.06,1.348
ELECTHERM,METAL,1110.9,2026-07-08,85.34,73.98,36.73,47.96,50.0,60.57,NEUTRAL,0.9,54.51,EMERGING,UPTREND,DII,14.45,84.69,3.59,0.241
SEDEMAC,AUTO,2705.6,2026-07-08,79.26,81.72,34.53,50.0,50.0,60.57,NEUTRAL,0.9,54.51,EMERGING,INSUFFICIENT_DATA,RETAIL,14.0,58.67,,0.343
ARVIND,TEXTILES,525.5,2026-07-08,82.27,75.16,37.2,50.0,50.0,60.54,NEUTRAL,0.9,54.49,EMERGING,UPTREND,RETAIL,6.44,40.1,53.99,0.558
SETL,CAPITAL_GOODS,265.6,2026-07-08,86.82,74.0,32.5,50.0,50.0,60.5,NEUTRAL,0.9,54.45,EMERGING,INSUFFICIENT_DATA,RETAIL,71.66,109.68,,0.671
KABRAEXTRU,CAPITAL_GOODS,280.45,2026-07-08,83.01,78.66,32.5,50.0,50.0,60.48,NEUTRAL,0.9,54.43,EMERGING,STRONG_UPTREND,RETAIL,19.11,33.76,-9.65,1.019
LALPATHLAB,HEALTHCARE,1653.5,2026-07-08,61.12,83.42,38.31,50.0,72.22,60.46,NEUTRAL,0.9,54.41,EMERGING,STRONG_UPTREND,DII,7.59,21.3,-44.41,0.259
ITDC,CAPITAL_GOODS,723.4,2026-07-08,87.18,83.7,32.5,47.96,38.89,60.46,NEUTRAL,0.9,54.41,EMERGING,STRONG_UPTREND,RETAIL,7.98,75.2,19.7,13.386
LLOYDSENGG,CAPITAL_GOODS,81.73,2026-07-08,84.51,76.54,32.5,50.0,50.0,60.44,NEUTRAL,0.9,54.4,EMERGING,UPTREND,RETAIL,12.44,78.84,4.27,0.422
TEXINFRA,CAPITAL_GOODS,113.2,2026-07-08,78.75,91.86,32.5,50.0,38.89,60.39,NEUTRAL,0.9,54.35,EMERGING,STRONG_UPTREND,RETAIL,13.81,14.59,11.3,0.543
AEGISLOG,ENERGY,1245.4,2026-07-08,95.1,74.98,28.95,50.0,38.89,60.39,NEUTRAL,0.9,54.35,EMERGING,STRONG_UPTREND,RETAIL,61.66,111.8,65.82,0.467
EBBETF0433,OTHER,1312.33,2026-07-08,61.47,97.68,39.73,50.0,50.0,60.35,NEUTRAL,0.9,54.32,EMERGING,STRONG_UPTREND,DII,3.05,4.48,5.2,3.578
GROWWDEFNC,OTHER,93.43,2026-07-08,69.24,87.92,39.73,50.0,50.0,60.34,NEUTRAL,0.9,54.31,EMERGING,UPTREND,DII,2.72,19.38,10.18,1.135
BHARATSE,AUTO,229.69,2026-07-08,81.56,79.62,34.53,47.96,50.0,60.31,NEUTRAL,0.9,54.28,EMERGING,STRONG_UPTREND,RETAIL,24.34,40.9,,0.291
HMVL,MEDIA,87.54,2026-07-08,78.12,75.08,41.22,50.0,50.0,60.29,NEUTRAL,0.9,54.26,EMERGING,STRONG_UPTREND,RETAIL,8.57,33.61,-2.92,0.712
NITINSPIN,TEXTILES,541.55,2026-07-08,72.09,86.58,37.2,50.0,50.0,60.28,NEUTRAL,0.9,54.25,EMERGING,UPTREND,RETAIL,1.07,40.41,39.27,0.91
TITAN,FMCG,4586.4,2026-07-08,74.42,97.02,33.85,47.96,38.89,60.2,NEUTRAL,0.9,54.18,EMERGING,STRONG_UPTREND,RETAIL,7.66,8.41,34.3,1.14
AZAD,CAPITAL_GOODS,2229.4,2026-07-08,72.96,89.74,32.5,50.0,50.0,60.19,NEUTRAL,0.9,54.17,EMERGING,STRONG_UPTREND,RETAIL,0.98,41.85,44.32,1.498
SHADOWFAX,LOGISTICS,218.86,2026-07-08,78.95,81.16,33.54,50.0,50.0,60.18,NEUTRAL,0.9,54.16,EMERGING,INSUFFICIENT_DATA,RETAIL,8.85,85.07,,0.755
GREENPLY,REALTY,313.95,2026-07-08,80.65,78.4,34.05,50.0,50.0,60.15,NEUTRAL,0.9,54.14,EMERGING,STRONG_UPTREND,RETAIL,7.59,57.26,3.1,0.826
TIMEX,FMCG,522.2,2026-07-08,70.94,90.58,33.85,50.0,50.0,60.12,NEUTRAL,0.9,54.11,EMERGING,INSUFFICIENT_DATA,RETAIL,19.24,,,0.451
SEIL,HEALTHCARE,221.96,2026-07-08,71.83,85.0,38.31,50.0,50.0,60.12,NEUTRAL,0.9,54.11,EMERGING,INSUFFICIENT_DATA,DII,20.32,,,0.58
RAMCOIND,METAL,344.35,2026-07-08,84.23,73.02,36.73,47.96,50.0,60.1,NEUTRAL,0.9,54.09,EMERGING,STRONG_UPTREND,DII,12.07,34.24,21.96,0.413
ANANDRATHI,FINANCIAL_SERVICES,2059.8,2026-07-08,57.11,94.32,34.81,50.0,66.67,60.1,NEUTRAL,0.9,54.09,EMERGING,STRONG_UPTREND,RETAIL,17.48,-37.44,-16.15,0.573
DIAMONDYD,FMCG,1190.7,2026-07-08,68.24,93.78,33.85,50.0,50.0,60.09,NEUTRAL,0.9,54.08,EMERGING,STRONG_UPTREND,RETAIL,2.13,22.42,8.91,0.997
SHAREINDIA,FINANCIAL_SERVICES,177.72,2026-07-08,89.33,68.46,34.81,47.96,50.0,60.08,NEUTRAL,0.9,54.07,EMERGING,STRONG_UPTREND,RETAIL,31.36,34.2,-0.1,11.843
BLSE,IT,261.4,2026-07-08,81.69,82.86,32.11,50.0,44.44,60.08,NEUTRAL,0.9,54.07,EMERGING,STRONG_UPTREND,RETAIL,13.81,66.38,,0.645
KIMS,HEALTHCARE,805.95,2026-07-08,69.4,87.86,38.31,50.0,50.0,60.08,NEUTRAL,0.9,54.07,EMERGING,STRONG_UPTREND,DII,2.15,25.99,12.69,0.957
SANSERA,AUTO,3096.7,2026-07-08,80.93,85.48,34.53,50.0,38.89,60.07,NEUTRAL,0.9,54.06,EMERGING,STRONG_UPTREND,RETAIL,5.15,43.99,125.05,1.016
KAPSTON,OTHER,354.5,2026-07-08,70.49,80.76,39.73,50.0,55.56,60.05,NEUTRAL,0.9,54.04,EMERGING,INSUFFICIENT_DATA,DII,5.18,,44.11,0.828
MOREALTY,OTHER,87.23,2026-07-08,79.48,73.5,39.73,50.0,50.0,60.02,NEUTRAL,0.9,54.02,EMERGING,STRONG_UPTREND,DII,13.61,25.2,-11.27,3.139
GROWWRLTY,OTHER,9.81,2026-07-08,79.19,73.62,39.73,50.0,50.0,59.97,NEUTRAL,0.9,53.97,EMERGING,INSUFFICIENT_DATA,DII,14.07,25.61,,1.299
CMPDI,INFRASTRUCTURE,259.31,2026-07-08,78.43,82.82,31.4,50.0,50.0,59.95,NEUTRAL,0.9,53.96,EMERGING,INSUFFICIENT_DATA,RETAIL,9.28,71.2,,0.598
BETA,PHARMA,1998.0,2026-07-08,81.51,77.6,32.55,50.0,50.0,59.91,NEUTRAL,0.9,53.92,EMERGING,INSUFFICIENT_DATA,RETAIL,36.22,30.99,,0.461
FLUOROCHEM,CHEMICALS,3849.4,2026-07-08,79.74,90.66,29.88,50.0,38.89,59.88,NEUTRAL,0.9,53.89,EMERGING,STRONG_UPTREND,RETAIL,8.17,18.95,11.46,1.924
NPBET,OTHER,286.41,2026-07-08,68.39,86.58,39.73,50.0,50.0,59.86,NEUTRAL,0.9,53.87,EMERGING,UPTREND,DII,5.67,9.27,-1.06,4.469
BANKBETF,OTHER,58.72,2026-07-08,70.64,83.78,39.73,50.0,50.0,59.86,NEUTRAL,0.9,53.87,EMERGING,STRONG_UPTREND,DII,6.24,9.92,2.03,4.111
VERANDA,HEALTHCARE,242.18,2026-07-08,76.43,77.74,38.31,50.0,50.0,59.82,NEUTRAL,0.9,53.84,EMERGING,STRONG_UPTREND,DII,5.42,75.33,-7.18,1.205
PRIVISCL,CHEMICALS,3547.6,2026-07-08,81.1,88.7,29.88,50.0,38.89,59.82,NEUTRAL,0.9,53.84,EMERGING,STRONG_UPTREND,RETAIL,9.81,19.12,44.88,0.587
SHREEPUSHK,CHEMICALS,424.65,2026-07-08,89.13,78.42,29.88,50.0,38.89,59.78,NEUTRAL,0.9,53.8,EMERGING,STRONG_UPTREND,RETAIL,18.17,27.58,18.6,2.283
TBOTEK,HOSPITALITY,1481.4,2026-07-08,85.78,67.88,36.15,50.0,50.0,59.75,NEUTRAL,0.9,53.78,EMERGING,STRONG_UPTREND,RETAIL,20.91,36.82,5.5,0.461
NAVINFLUOR,CHEMICALS,7363.0,2026-07-08,77.51,88.56,29.88,50.0,44.44,59.73,NEUTRAL,0.9,53.76,EMERGING,UPTREND,RETAIL,4.7,26.48,44.92,0.697
SAILIFE,CHEMICALS,1208.3,2026-07-08,71.5,91.8,29.88,50.0,50.0,59.71,NEUTRAL,0.9,53.74,EMERGING,UPTREND,RETAIL,1.85,27.77,48.97,0.618
AARVI,OTHER,139.71,2026-07-08,72.5,80.62,39.73,50.0,50.0,59.7,NEUTRAL,0.9,53.73,EMERGING,UPTREND,DII,7.87,10.26,30.77,0.413
PRESTIGE,REALTY,1635.3,2026-07-08,83.94,80.3,34.05,50.0,38.89,59.69,NEUTRAL,0.9,53.72,EMERGING,STRONG_UPTREND,RETAIL,18.41,33.81,-5.18,1.104
3MINDIA,DIVERSIFIED,34255.0,2026-07-08,77.04,80.14,42.78,50.0,38.89,59.68,NEUTRAL,0.9,53.71,EMERGING,STRONG_UPTREND,RETAIL,7.06,17.07,15.1,1.028
ESAFSFB,BANKING,32.78,2026-07-08,81.73,76.24,32.37,50.0,50.0,59.65,NEUTRAL,0.9,53.68,EMERGING,STRONG_UPTREND,RETAIL,18.0,39.73,-3.98,0.316
SHRIRAMFIN,FINANCIAL_SERVICES,1014.4,2026-07-08,77.48,83.1,34.81,50.0,44.44,59.62,NEUTRAL,0.9,53.66,EMERGING,STRONG_UPTREND,RETAIL,9.87,9.0,48.21,1.11
VMART,RETAIL,784.95,2026-07-08,83.57,76.8,37.66,50.0,38.89,59.62,NEUTRAL,0.9,53.66,EMERGING,STRONG_UPTREND,RETAIL,17.94,25.2,0.8,0.853
GRAVITA,METAL,1727.9,2026-07-08,77.03,77.32,36.73,50.0,50.0,59.57,NEUTRAL,0.9,53.61,EMERGING,STRONG_UPTREND,DII,5.96,23.91,0.22,2.886
RELTD,CAPITAL_GOODS,179.84,2026-07-08,85.6,87.24,32.5,50.0,27.78,59.52,NEUTRAL,0.9,53.57,EMERGING,STRONG_UPTREND,RETAIL,40.38,32.92,,1.864
ALPL30IETF,OTHER,27.37,2026-07-08,63.71,90.6,39.73,50.0,50.0,59.49,NEUTRAL,0.9,53.54,EMERGING,STRONG_UPTREND,DII,4.51,8.27,-1.26,0.993
RELIGARE,ENERGY,266.1,2026-07-08,80.48,80.4,28.95,50.0,50.0,59.49,NEUTRAL,0.9,53.54,EMERGING,STRONG_UPTREND,RETAIL,16.64,19.07,-0.78,0.725
CEATLTD,AUTO,3858.6,2026-07-08,81.05,73.88,34.53,50.0,50.0,59.44,NEUTRAL,0.9,53.5,EMERGING,STRONG_UPTREND,RETAIL,20.9,13.72,-0.77,1.821
GILT10BETA,OTHER,27.05,2026-07-08,56.38,99.34,39.73,50.0,50.0,59.41,NEUTRAL,0.9,53.47,EMERGING,INSUFFICIENT_DATA,DII,4.44,4.36,,0.62
AYE,FINANCIAL_SERVICES,162.5,2026-07-08,78.98,75.86,34.81,50.0,50.0,59.38,NEUTRAL,0.9,53.44,EMERGING,INSUFFICIENT_DATA,RETAIL,10.65,80.42,,0.539
FILATEX,TEXTILES,58.05,2026-07-08,83.93,75.64,37.2,50.0,38.89,59.38,NEUTRAL,0.9,53.44,EMERGING,STRONG_UPTREND,RETAIL,11.96,39.01,-1.76,2.251
MACPOWER,CAPITAL_GOODS,1331.9,2026-07-08,83.14,81.22,32.5,50.0,38.89,59.36,NEUTRAL,0.9,53.42,EMERGING,STRONG_UPTREND,RETAIL,32.3,44.88,,0.396
BAJFINANCE,FINANCIAL_SERVICES,1010.4,2026-07-08,81.24,83.3,34.81,47.96,38.89,59.36,NEUTRAL,0.9,53.42,EMERGING,STRONG_UPTREND,RETAIL,13.6,18.16,8.83,0.912
WSTCSTPAPR,CHEMICALS,541.95,2026-07-08,74.76,85.92,29.88,50.0,50.0,59.35,NEUTRAL,0.9,53.42,EMERGING,STRONG_UPTREND,RETAIL,5.59,21.69,-1.7,4.989
MID150BEES,OTHER,233.12,2026-07-08,60.2,94.28,39.73,50.0,50.0,59.35,NEUTRAL,0.9,53.42,EMERGING,UPTREND,DII,1.36,12.1,3.02,1.176
SHIVAUM,METAL,425.1,2026-07-08,76.2,79.36,36.73,47.96,50.0,59.36,NEUTRAL,0.9,53.42,EMERGING,INSUFFICIENT_DATA,DII,27.28,,,2.319
GROWWSC250,OTHER,10.18,2026-07-08,66.5,86.44,39.73,50.0,50.0,59.36,NEUTRAL,0.9,53.42,EMERGING,INSUFFICIENT_DATA,DII,3.98,18.65,,1.482
HONAUT,CAPITAL_GOODS,38045.0,2026-07-08,79.45,85.78,32.5,50.0,38.89,59.35,NEUTRAL,0.9,53.42,EMERGING,STRONG_UPTREND,RETAIL,9.64,39.79,-6.59,1.119
EBBETF0431,OTHER,1436.14,2026-07-08,57.57,97.42,39.73,50.0,50.0,59.32,NEUTRAL,0.9,53.39,EMERGING,STRONG_UPTREND,DII,2.5,3.85,5.19,0.941
BBETF0432,OTHER,1352.45,2026-07-08,56.77,98.28,39.73,50.0,50.0,59.29,NEUTRAL,0.9,53.36,EMERGING,STRONG_UPTREND,DII,3.06,3.79,5.61,0.38
KIRLOSENG,CAPITAL_GOODS,2277.0,2026-07-08,93.83,67.42,32.5,50.0,38.89,59.28,NEUTRAL,0.9,53.35,EMERGING,STRONG_UPTREND,RETAIL,19.01,62.84,148.85,0.739
HEALTHCARE,OTHER,20.9,2026-07-08,65.14,87.7,39.73,50.0,50.0,59.27,NEUTRAL,0.9,53.34,EMERGING,INSUFFICIENT_DATA,DII,4.92,17.68,,0.582
KOVAI,HEALTHCARE,5968.5,2026-07-08,65.75,88.28,38.31,50.0,50.0,59.26,NEUTRAL,0.9,53.33,EMERGING,INSUFFICIENT_DATA,DII,10.57,,,0.21
KRISHNADEF,DEFENCE,1282.7,2026-07-08,77.85,83.24,38.51,47.96,38.89,59.24,NEUTRAL,0.9,53.32,EMERGING,INSUFFICIENT_DATA,RETAIL,10.11,45.91,,0.767
ADANIGREEN,POWER,1504.6,2026-07-08,69.93,89.36,34.0,47.96,50.0,59.25,NEUTRAL,0.9,53.32,EMERGING,UPTREND,MIXED,-1.38,62.6,45.64,0.854
RAIN,CHEMICALS,198.72,2026-07-08,74.62,85.58,29.88,50.0,50.0,59.25,NEUTRAL,0.9,53.32,EMERGING,STRONG_UPTREND,RETAIL,0.83,80.05,31.93,2.141
CANFINHOME,FINANCIAL_SERVICES,892.3,2026-07-08,75.44,83.7,34.81,50.0,44.44,59.23,NEUTRAL,0.9,53.31,EMERGING,STRONG_UPTREND,RETAIL,10.45,9.1,11.96,1.137
PIDILITIND,CHEMICALS,1570.4,2026-07-08,61.85,93.08,29.88,50.0,61.11,59.22,NEUTRAL,0.9,53.3,EMERGING,UPTREND,RETAIL,6.35,21.26,-47.62,0.758
FINIETF,OTHER,32.07,2026-07-08,63.37,89.66,39.73,50.0,50.0,59.22,NEUTRAL,0.9,53.3,EMERGING,UPTREND,DII,4.09,10.55,4.09,0.298
NEXT50,OTHER,731.1,2026-07-08,59.77,94.08,39.73,50.0,50.0,59.2,NEUTRAL,0.9,53.28,EMERGING,UPTREND,DII,1.02,12.65,4.12,1.067
INTERNET,OTHER,13.16,2026-07-08,76.48,73.16,39.73,50.0,50.0,59.2,NEUTRAL,0.9,53.28,EMERGING,STRONG_UPTREND,DII,10.31,17.08,-3.24,1.925
HDFCPVTBAN,OTHER,28.0,2026-07-08,66.47,85.62,39.73,50.0,50.0,59.19,NEUTRAL,0.9,53.27,EMERGING,DOWNTREND,DII,4.99,8.82,-1.62,3.815
MIDSELIETF,OTHER,18.72,2026-07-08,65.01,87.2,39.73,50.0,50.0,59.14,NEUTRAL,0.9,53.23,EMERGING,UPTREND,DII,2.52,13.52,5.11,1.174
CONSUMER,OTHER,11.56,2026-07-08,71.06,79.64,39.73,50.0,50.0,59.14,NEUTRAL,0.9,53.23,EMERGING,STRONG_UPTREND,DII,5.86,13.67,-1.53,3.204
MEDANTA,HEALTHCARE,1305.0,2026-07-08,72.53,79.2,38.31,50.0,50.0,59.13,NEUTRAL,0.9,53.22,EMERGING,STRONG_UPTREND,DII,5.24,26.29,-1.6,0.863
NELCO,IT,886.25,2026-07-08,86.39,78.36,32.11,47.96,38.89,59.12,NEUTRAL,0.9,53.21,EMERGING,STRONG_UPTREND,RETAIL,27.04,45.87,0.88,0.279
NACLIND,CHEMICALS,221.73,2026-07-08,87.24,85.78,29.88,50.0,27.78,59.11,NEUTRAL,0.9,53.2,EMERGING,INSUFFICIENT_DATA,RETAIL,37.57,45.59,,2.034
PIRAMALFIN,FINANCIAL_SERVICES,2124.5,2026-07-08,72.1,91.4,34.81,50.0,38.89,59.1,NEUTRAL,0.9,53.19,EMERGING,INSUFFICIENT_DATA,RETAIL,7.44,24.86,,0.803
TAALTECH,AVIATION,3818.5,2026-07-08,63.01,86.46,42.44,50.0,50.0,59.03,NEUTRAL,0.9,53.13,EMERGING,INSUFFICIENT_DATA,DII,11.38,,,0.767
IDFCFIRSTB,BANKING,77.82,2026-07-08,77.1,78.9,32.37,50.0,50.0,59.03,NEUTRAL,0.9,53.13,EMERGING,UPTREND,RETAIL,7.56,27.18,6.71,0.752
DEFENCE,OTHER,77.74,2026-07-08,63.18,88.88,39.73,50.0,50.0,59.02,NEUTRAL,0.9,53.12,EMERGING,INSUFFICIENT_DATA,DII,2.38,21.43,,1.266
JUNIORBEES,OTHER,765.88,2026-07-08,60.65,91.94,39.73,50.0,50.0,59.0,NEUTRAL,0.9,53.1,EMERGING,UPTREND,DII,1.07,12.49,4.05,1.602
JTLIND,METAL,77.61,2026-07-08,80.85,78.0,36.73,50.0,38.89,58.99,NEUTRAL,0.9,53.09,EMERGING,UPTREND,DII,9.9,59.17,-6.63,0.891
MIDCAPETF,OTHER,23.02,2026-07-08,60.56,91.84,39.73,50.0,50.0,58.95,NEUTRAL,0.9,53.06,EMERGING,UPTREND,DII,1.23,12.24,3.09,1.578
SUNPHARMA,PHARMA,1888.2,2026-07-08,68.18,95.72,32.55,47.96,44.44,58.96,NEUTRAL,0.9,53.06,EMERGING,STRONG_UPTREND,RETAIL,5.95,9.91,9.3,1.395
SMALLADD,OTHER,17.7,2026-07-08,62.85,88.9,39.73,50.0,50.0,58.94,NEUTRAL,0.9,53.05,EMERGING,INSUFFICIENT_DATA,DII,3.75,18.08,,0.525
MOCAPITAL,OTHER,53.54,2026-07-08,64.26,87.04,39.73,50.0,50.0,58.92,NEUTRAL,0.9,53.03,EMERGING,CONSOLIDATING,DII,0.96,17.64,15.51,1.335
MIDCAPIETF,OTHER,23.32,2026-07-08,59.46,92.88,39.73,50.0,50.0,58.89,NEUTRAL,0.9,53.0,EMERGING,UPTREND,DII,1.35,12.12,3.05,0.903
TPLPLASTEH,CHEMICALS,79.99,2026-07-08,86.64,77.1,29.88,50.0,38.89,58.89,NEUTRAL,0.9,53.0,EMERGING,STRONG_UPTREND,RETAIL,20.21,32.63,-0.34,1.349
MOGSEC,OTHER,65.23,2026-07-08,56.81,96.2,39.73,50.0,50.0,58.89,NEUTRAL,0.9,53.0,EMERGING,STRONG_UPTREND,DII,1.92,3.08,4.75,3.297
RPGLIFE,PHARMA,2452.3,2026-07-08,81.58,80.64,32.55,50.0,38.89,58.87,NEUTRAL,0.9,52.98,EMERGING,STRONG_UPTREND,RETAIL,13.45,29.7,-4.09,4.656
EBBETF0430,OTHER,1607.42,2026-07-08,55.35,97.76,39.73,50.0,50.0,58.84,NEUTRAL,0.9,52.96,EMERGING,STRONG_UPTREND,DII,2.18,3.55,5.38,0.682
SHREEJISPG,LOGISTICS,501.1,2026-07-08,74.79,88.04,33.54,50.0,38.89,58.85,NEUTRAL,0.9,52.96,EMERGING,STRONG_UPTREND,RETAIL,5.95,46.63,,0.91
ABSLNN50ET,OTHER,74.47,2026-07-08,58.31,94.06,39.73,50.0,50.0,58.84,NEUTRAL,0.9,52.96,EMERGING,UPTREND,DII,1.1,11.92,4.07,0.773
SBIETFPB,OTHER,281.39,2026-07-08,65.66,84.78,39.73,50.0,50.0,58.82,NEUTRAL,0.9,52.94,EMERGING,UPTREND,DII,4.79,7.83,-1.3,10.556
HDFCMID150,OTHER,22.77,2026-07-08,59.1,92.88,39.73,50.0,50.0,58.8,NEUTRAL,0.9,52.92,EMERGING,UPTREND,DII,1.11,12.11,2.99,1.032
RAJRATAN,AUTO,464.9,2026-07-08,79.63,72.18,34.53,50.0,50.0,58.75,NEUTRAL,0.9,52.88,EMERGING,STRONG_UPTREND,RETAIL,7.58,25.67,14.56,2.054
EXICOM,CAPITAL_GOODS,158.43,2026-07-08,82.07,73.24,32.5,47.96,50.0,58.76,NEUTRAL,0.9,52.88,EMERGING,UPTREND,RETAIL,18.36,77.14,-11.05,0.221
INGERRAND,CAPITAL_GOODS,4360.3,2026-07-08,75.7,83.36,32.5,50.0,44.44,58.76,NEUTRAL,0.9,52.88,EMERGING,UPTREND,RETAIL,10.09,17.32,2.86,0.587
ACUTAAS,PHARMA,3454.5,2026-07-08,77.55,84.74,32.55,50.0,38.89,58.68,NEUTRAL,0.9,52.81,EMERGING,STRONG_UPTREND,RETAIL,3.79,56.03,190.29,1.088
SCANSTL,METAL,39.86,2026-07-08,68.69,83.26,36.73,50.0,50.0,58.67,NEUTRAL,0.9,52.8,EMERGING,INSUFFICIENT_DATA,DII,8.73,,,1.334
MANINDS,METAL,549.45,2026-07-08,74.31,76.2,36.73,50.0,50.0,58.66,NEUTRAL,0.9,52.79,EMERGING,UPTREND,DII,2.21,44.12,34.18,0.463
GRANDOAK,FINANCIAL_SERVICES,50.18,2026-07-08,72.77,79.98,34.81,50.0,50.0,58.65,NEUTRAL,0.9,52.78,EMERGING,INSUFFICIENT_DATA,RETAIL,92.63,,,0.223
BELRISE,CAPITAL_GOODS,225.74,2026-07-08,75.19,79.16,32.5,50.0,50.0,58.63,NEUTRAL,0.9,52.77,EMERGING,UPTREND,RETAIL,4.52,18.75,89.7,0.604
NITTAGELA,CHEMICALS,1845.7,2026-07-08,65.53,93.84,29.88,50.0,50.0,58.63,NEUTRAL,0.9,52.77,EMERGING,INSUFFICIENT_DATA,RETAIL,5.75,,,3.067
AMBIKCO,TEXTILES,1693.1,2026-07-08,72.24,86.44,37.2,50.0,38.89,58.62,NEUTRAL,0.9,52.76,EMERGING,STRONG_UPTREND,RETAIL,3.62,29.72,3.15,0.793
PACEDIGITK,TELECOM,206.17,2026-07-08,77.75,77.78,32.51,47.96,50.0,58.59,NEUTRAL,0.9,52.73,EMERGING,INSUFFICIENT_DATA,MIXED,10.59,44.59,,0.617
ADFFOODS,FMCG,308.45,2026-07-08,83.31,77.8,33.85,47.96,38.89,58.58,NEUTRAL,0.9,52.72,EMERGING,STRONG_UPTREND,RETAIL,9.07,75.49,16.26,0.32
SUPRAJIT,AUTO,492.0,2026-07-08,67.96,90.08,34.53,50.0,44.44,58.58,NEUTRAL,0.9,52.72,EMERGING,STRONG_UPTREND,RETAIL,3.42,17.65,5.34,4.498
LTGILTBEES,OTHER,29.85,2026-07-08,55.14,96.7,39.73,50.0,50.0,58.57,NEUTRAL,0.9,52.71,EMERGING,STRONG_UPTREND,DII,1.7,3.18,3.32,1.339
GSEC10IETF,OTHER,265.16,2026-07-08,52.8,99.36,39.73,50.0,50.0,58.52,NEUTRAL,0.9,52.67,EMERGING,STRONG_UPTREND,DII,1.99,3.29,2.68,0.471
JSWINFRA,INFRASTRUCTURE,314.25,2026-07-08,81.58,80.08,31.4,50.0,38.89,58.52,NEUTRAL,0.9,52.67,EMERGING,STRONG_UPTREND,RETAIL,13.0,34.12,1.37,0.488
ASTERDM,HEALTHCARE,779.6,2026-07-08,70.94,86.4,38.31,50.0,38.89,58.51,NEUTRAL,0.9,52.66,EMERGING,UPTREND,DII,3.4,18.89,30.25,0.599
MOSMALL250,OTHER,17.62,2026-07-08,66.74,81.84,39.73,50.0,50.0,58.5,NEUTRAL,0.9,52.65,EMERGING,UPTREND,DII,3.22,17.86,-2.11,1.297
KIRLOSIND,CAPITAL_GOODS,4006.2,2026-07-08,82.32,69.54,32.5,50.0,50.0,58.49,NEUTRAL,0.9,52.64,EMERGING,STRONG_UPTREND,RETAIL,24.75,42.39,-9.03,0.147
PPAP,AUTO,257.43,2026-07-08,81.48,74.66,34.53,47.96,44.44,58.47,NEUTRAL,0.9,52.62,EMERGING,INSUFFICIENT_DATA,RETAIL,24.14,31.07,,0.672
EVINDIA,OTHER,31.01,2026-07-08,59.69,90.48,39.73,50.0,50.0,58.46,NEUTRAL,0.9,52.61,EMERGING,UPTREND,DII,0.78,13.3,4.69,1.29
GSEC10ABSL,OTHER,114.93,2026-07-08,52.15,99.88,39.73,50.0,50.0,58.46,NEUTRAL,0.9,52.61,EMERGING,INSUFFICIENT_DATA,DII,,4.01,4.64,1.038
JNKINDIA,CAPITAL_GOODS,464.9,2026-07-08,86.81,74.12,32.5,47.96,38.89,58.45,NEUTRAL,0.9,52.6,EMERGING,UPTREND,RETAIL,10.35,76.37,50.72,0.237
BLUSPRING,POWER,105.61,2026-07-08,89.94,60.24,34.0,47.96,50.0,58.42,NEUTRAL,0.9,52.58,EMERGING,UPTREND,MIXED,13.13,78.18,30.27,0.705
DHANBANK,BANKING,33.63,2026-07-08,71.78,82.52,32.37,50.0,50.0,58.42,NEUTRAL,0.9,52.58,EMERGING,STRONG_UPTREND,RETAIL,2.28,38.91,13.5,2.034
BANKBEES,OTHER,587.67,2026-07-08,64.66,83.94,39.73,50.0,50.0,58.4,NEUTRAL,0.9,52.56,EMERGING,DOWNTREND,DII,4.37,8.04,0.02,1.542
SETF10GILT,OTHER,265.16,2026-07-08,53.12,98.38,39.73,50.0,50.0,58.4,NEUTRAL,0.9,52.56,EMERGING,STRONG_UPTREND,DII,1.98,3.73,2.59,0.496
CEIGALL,INFRASTRUCTURE,366.15,2026-07-08,73.99,80.5,31.4,50.0,50.0,58.38,NEUTRAL,0.9,52.54,EMERGING,UPTREND,RETAIL,2.13,31.57,29.38,0.987
SML100CASE,OTHER,10.65,2026-07-08,66.6,81.44,39.73,50.0,50.0,58.38,NEUTRAL,0.9,52.54,EMERGING,STRONG_UPTREND,DII,4.0,18.46,,1.608
BANKIETF,OTHER,58.36,2026-07-08,65.58,82.66,39.73,50.0,50.0,58.37,NEUTRAL,0.9,52.53,EMERGING,DOWNTREND,DII,4.59,8.07,0.14,2.111
ASHIANA,REALTY,372.4,2026-07-08,72.84,83.44,34.05,50.0,44.44,58.37,NEUTRAL,0.9,52.53,EMERGING,UPTREND,RETAIL,5.56,20.03,11.31,0.465
EQUAL50,OTHER,328.0,2026-07-08,58.08,91.98,39.73,50.0,50.0,58.36,NEUTRAL,0.9,52.52,EMERGING,STRONG_UPTREND,DII,1.44,6.26,3.71,11.452
MOM100,OTHER,66.13,2026-07-08,58.63,91.12,39.73,50.0,50.0,58.33,NEUTRAL,0.9,52.5,EMERGING,UPTREND,DII,0.87,12.29,3.22,1.074
SILVERTUC,IT,187.9,2026-07-08,66.18,76.68,32.11,50.0,66.67,58.3,NEUTRAL,0.9,52.47,EMERGING,UPTREND,RETAIL,5.07,52.2,-73.64,1.657
BUTTERFLY,FMCG,717.5,2026-07-08,76.79,74.18,33.85,50.0,50.0,58.3,NEUTRAL,0.9,52.47,EMERGING,STRONG_UPTREND,RETAIL,9.33,15.92,0.93,1.698
ECAPINSURE,OTHER,24.12,2026-07-08,62.22,86.4,39.73,50.0,50.0,58.28,NEUTRAL,0.9,52.45,EMERGING,CONSOLIDATING,DII,2.29,9.99,1.52,3.534
BORORENEW,CAPITAL_GOODS,594.6,2026-07-08,85.18,64.94,32.5,50.0,50.0,58.28,NEUTRAL,0.9,52.45,EMERGING,STRONG_UPTREND,RETAIL,13.41,41.0,6.86,0.762
INVPRECQ,CAPITAL_GOODS,786.85,2026-07-08,72.71,80.48,32.5,50.0,50.0,58.27,NEUTRAL,0.9,52.44,EMERGING,INSUFFICIENT_DATA,RETAIL,30.64,,,0.463
ALIVUS,PHARMA,1130.1,2026-07-08,72.2,89.32,32.55,50.0,38.89,58.26,NEUTRAL,0.9,52.43,EMERGING,STRONG_UPTREND,RETAIL,9.45,8.68,7.26,1.375
MIDCAPBETA,OTHER,227.68,2026-07-08,56.81,92.94,39.73,50.0,50.0,58.24,NEUTRAL,0.9,52.42,EMERGING,INSUFFICIENT_DATA,DII,1.23,12.14,,4.599
PVTBKGROWW,OTHER,27.71,2026-07-08,61.26,87.42,39.73,50.0,50.0,58.24,NEUTRAL,0.9,52.42,EMERGING,INSUFFICIENT_DATA,DII,5.36,,,0.645
SIKA,DEFENCE,1184.0,2026-07-08,72.85,74.2,38.51,50.0,50.0,58.25,NEUTRAL,0.9,52.42,EMERGING,INSUFFICIENT_DATA,RETAIL,27.11,,,0.556
EICHERMOT,AUTO,7418.5,2026-07-08,71.08,80.28,34.53,50.0,50.0,58.23,NEUTRAL,0.9,52.41,EMERGING,UPTREND,RETAIL,4.93,12.31,32.69,1.324
KERNEX,LOGISTICS,2038.6,2026-07-08,82.67,66.76,33.54,50.0,50.0,58.23,NEUTRAL,0.9,52.41,EMERGING,UPTREND,RETAIL,11.03,93.96,,1.529
EPL,CHEMICALS,233.85,2026-07-08,70.73,89.46,29.88,50.0,44.44,58.22,NEUTRAL,0.9,52.4,EMERGING,STRONG_UPTREND,RETAIL,7.6,9.31,-1.07,1.409
JAMNAAUTO,AUTO,132.35,2026-07-08,79.81,73.46,34.53,50.0,44.44,58.22,NEUTRAL,0.9,52.4,EMERGING,STRONG_UPTREND,RETAIL,8.8,15.27,38.88,2.246
GSEC10YEAR,OTHER,30.39,2026-07-08,55.87,94.0,39.73,50.0,50.0,58.21,NEUTRAL,0.9,52.39,EMERGING,STRONG_UPTREND,DII,1.98,3.93,3.83,0.957
AVALON,CAPITAL_GOODS,1631.2,2026-07-08,75.95,76.06,32.5,50.0,50.0,58.2,NEUTRAL,0.9,52.38,EMERGING,UPTREND,RETAIL,1.45,68.95,86.52,1.038
PANACHE,IT,417.2,2026-07-08,70.07,83.76,32.11,50.0,50.0,58.19,NEUTRAL,0.9,52.37,EMERGING,INSUFFICIENT_DATA,RETAIL,16.88,,,0.335
DOMS,FMCG,2247.9,2026-07-08,54.48,62.3,33.85,97.55,38.89,58.19,NEUTRAL,0.9,52.37,EMERGING,DOWNTREND,RETAIL,7.4,-4.17,-7.17,0.065
PIXTRANS,CHEMICALS,1741.0,2026-07-08,76.12,80.42,29.88,47.96,50.0,58.18,NEUTRAL,0.9,52.36,EMERGING,STRONG_UPTREND,RETAIL,8.21,20.36,12.43,0.132
MANKIND,PHARMA,2491.2,2026-07-08,68.79,84.88,32.55,50.0,50.0,58.18,NEUTRAL,0.9,52.36,EMERGING,STRONG_UPTREND,RETAIL,6.64,22.11,-6.03,0.643
PVTBANIETF,OTHER,27.88,2026-07-08,63.79,83.9,39.73,50.0,50.0,58.17,NEUTRAL,0.9,52.35,EMERGING,UPTREND,DII,5.17,9.16,-1.1,0.548
KDDL,FMCG,3057.2,2026-07-08,75.6,79.0,33.85,50.0,44.44,58.14,NEUTRAL,0.9,52.33,EMERGING,UPTREND,RETAIL,5.25,37.53,10.05,0.388
STYLAMIND,REALTY,3060.2,2026-07-08,69.45,82.3,34.05,50.0,50.0,58.13,NEUTRAL,0.9,52.32,EMERGING,UPTREND,RETAIL,0.22,37.98,79.69,1.501
CPPLUS,CAPITAL_GOODS,3554.6,2026-07-08,66.25,87.72,32.5,50.0,50.0,58.11,NEUTRAL,0.9,52.3,EMERGING,STRONG_UPTREND,RETAIL,1.5,94.07,,0.826
GILT5BETA,OTHER,66.79,2026-07-08,50.67,99.94,39.73,50.0,50.0,58.1,NEUTRAL,0.9,52.29,EMERGING,INSUFFICIENT_DATA,DII,2.36,5.41,,0.201
LAURUSLABS,PHARMA,1469.2,2026-07-08,68.45,88.96,32.55,50.0,44.44,58.08,NEUTRAL,0.9,52.27,EMERGING,STRONG_UPTREND,RETAIL,1.55,38.94,77.64,0.743
KIRANVYPAR,FINANCIAL_SERVICES,193.85,2026-07-08,67.67,83.36,34.81,50.0,50.0,58.05,NEUTRAL,0.9,52.24,EMERGING,INSUFFICIENT_DATA,RETAIL,13.53,,,0.185
GAEL,AGRICULTURE,159.3,2026-07-08,68.57,79.06,37.99,50.0,50.0,58.05,NEUTRAL,0.9,52.24,EMERGING,CONSOLIDATING,DII,2.21,10.79,42.82,0.961
KSB,CAPITAL_GOODS,927.6,2026-07-08,78.4,80.42,32.5,50.0,38.89,58.02,NEUTRAL,0.9,52.22,EMERGING,STRONG_UPTREND,RETAIL,13.94,11.38,6.38,1.189
BANK10ADD,OTHER,17.13,2026-07-08,65.87,80.42,39.73,50.0,50.0,58.0,NEUTRAL,0.9,52.2,EMERGING,INSUFFICIENT_DATA,DII,6.6,8.42,,2.589
BANKETF,OTHER,577.9,2026-07-08,63.05,83.96,39.73,50.0,50.0,58.0,NEUTRAL,0.9,52.2,EMERGING,DOWNTREND,DII,4.24,8.09,0.21,0.829
SPECTRUM,CAPITAL_GOODS,1875.4,2026-07-08,79.62,70.5,32.5,50.0,50.0,58.0,NEUTRAL,0.9,52.2,EMERGING,STRONG_UPTREND,RETAIL,6.01,40.3,16.1,0.694
AVANTEL,DEFENCE,182.2,2026-07-08,82.2,69.48,38.51,50.0,38.89,57.98,NEUTRAL,0.9,52.18,EMERGING,STRONG_UPTREND,RETAIL,7.21,33.94,17.16,2.67
SARLAPOLY,TEXTILES,100.8,2026-07-08,60.7,76.84,37.2,50.0,66.67,57.98,NEUTRAL,0.9,52.18,EMERGING,STRONG_UPTREND,RETAIL,0.59,29.13,,1.123
MARICO,FMCG,840.1,2026-07-08,67.55,92.46,33.85,50.0,38.89,57.98,NEUTRAL,0.9,52.18,EMERGING,STRONG_UPTREND,RETAIL,3.63,11.53,13.5,0.936
METROPOLIS,HEALTHCARE,549.35,2026-07-08,54.73,83.12,38.31,50.0,66.67,57.97,NEUTRAL,0.9,52.17,EMERGING,STRONG_UPTREND,DII,3.03,26.46,-70.64,0.611
NEXT50IETF,OTHER,74.69,2026-07-08,57.28,91.04,39.73,50.0,50.0,57.97,NEUTRAL,0.9,52.17,EMERGING,UPTREND,DII,0.78,12.23,3.92,0.786
CCL,FMCG,1181.2,2026-07-08,68.49,91.1,33.85,50.0,38.89,57.95,NEUTRAL,0.9,52.16,EMERGING,STRONG_UPTREND,RETAIL,9.46,3.06,32.97,0.185
VIYASH,PHARMA,270.6,2026-07-08,70.27,81.62,32.55,50.0,50.0,57.9,NEUTRAL,0.9,52.11,EMERGING,INSUFFICIENT_DATA,RETAIL,6.01,39.23,,0.796
ELPROINTL,REALTY,173.63,2026-07-08,57.8,95.64,34.05,50.0,50.0,57.89,NEUTRAL,0.9,52.1,EMERGING,INSUFFICIENT_DATA,RETAIL,3.51,,,0.647
ACMESOLAR,POWER,365.25,2026-07-08,74.22,83.48,34.0,50.0,38.89,57.88,NEUTRAL,0.9,52.09,EMERGING,STRONG_UPTREND,MIXED,2.41,31.76,29.23,0.559
AUTOBEES,OTHER,275.56,2026-07-08,62.73,83.76,39.73,50.0,50.0,57.88,NEUTRAL,0.9,52.09,EMERGING,DOWNTREND,DII,2.19,10.14,12.62,0.978
LICNETFGSC,OTHER,29.5,2026-07-08,53.33,95.5,39.73,50.0,50.0,57.88,NEUTRAL,0.9,52.09,EMERGING,STRONG_UPTREND,DII,2.04,3.95,3.69,0.278
NESTLEIND,FMCG,1450.5,2026-07-08,59.47,93.64,33.85,50.0,50.0,57.87,NEUTRAL,0.9,52.08,EMERGING,STRONG_UPTREND,RETAIL,4.64,18.62,-39.97,0.992
BAJAJ-AUTO,AUTO,10164.0,2026-07-08,50.39,87.64,34.53,50.0,72.22,57.86,NEUTRAL,0.9,52.07,EMERGING,CONSOLIDATING,RETAIL,-1.72,12.32,22.3,0.708
LIQUIDCASE,OTHER,114.89,2026-07-08,49.67,99.96,39.73,50.0,50.0,57.86,NEUTRAL,0.9,52.07,EMERGING,STRONG_UPTREND,DII,0.41,1.22,4.93,1.274
ACSTECH,CEMENT,41.48,2026-07-08,71.25,76.24,38.56,47.96,50.0,57.86,NEUTRAL,0.9,52.07,EMERGING,INSUFFICIENT_DATA,DII,20.62,,,0.378
HDFCLIQUID,OTHER,1068.31,2026-07-08,50.31,99.18,39.73,50.0,50.0,57.86,NEUTRAL,0.9,52.07,EMERGING,STRONG_UPTREND,DII,0.42,1.23,4.81,1.957
SBISMLETF,OTHER,17.63,2026-07-08,60.4,86.56,39.73,50.0,50.0,57.86,NEUTRAL,0.9,52.07,EMERGING,INSUFFICIENT_DATA,DII,3.64,,,1.436
TATACAP,FINANCIAL_SERVICES,346.25,2026-07-08,67.7,82.26,34.81,50.0,50.0,57.84,NEUTRAL,0.9,52.06,EMERGING,INSUFFICIENT_DATA,RETAIL,9.99,12.25,,0.33
AYMSYNTEX,TEXTILES,235.9,2026-07-08,77.38,67.76,37.2,50.0,50.0,57.84,NEUTRAL,0.9,52.06,EMERGING,STRONG_UPTREND,RETAIL,5.91,27.37,4.14,1.355
MID150,OTHER,22.93,2026-07-08,61.16,85.3,39.73,50.0,50.0,57.8,NEUTRAL,0.9,52.02,EMERGING,UPTREND,DII,1.73,12.79,3.43,0.931
HDBFS,FINANCIAL_SERVICES,726.9,2026-07-08,76.72,74.94,34.81,50.0,44.44,57.8,NEUTRAL,0.9,52.02,EMERGING,STRONG_UPTREND,RETAIL,13.23,24.84,-13.59,0.879
NEXT50ADD,OTHER,71.4,2026-07-08,56.63,90.9,39.73,50.0,50.0,57.78,NEUTRAL,0.9,52.0,EMERGING,INSUFFICIENT_DATA,DII,1.12,13.06,,1.638
JYOTHYLAB,FMCG,189.12,2026-07-08,14.35,7.24,33.85,50.0,38.89,27.64,NEUTRAL,0.9,24.88,ACCUMULATION,DOWNTREND,RETAIL,-5.68,-11.36,-46.01,0.68
CELLO,FMCG,358.0,2026-07-08,14.94,6.26,33.85,50.0,38.89,27.59,NEUTRAL,0.9,24.83,ACCUMULATION,DOWNTREND,RETAIL,-6.31,-11.09,-43.92,0.958
GTPL,MEDIA,59.6,2026-07-08,13.36,0.0,41.22,50.0,38.89,27.42,NEUTRAL,0.9,24.68,ACCUMULATION,DOWNTREND,RETAIL,-7.54,-5.55,-48.47,0.371
GICL,LOGISTICS,16.39,2026-07-08,13.86,0.0,33.54,47.96,50.0,27.26,NEUTRAL,0.9,24.53,ACCUMULATION,INSUFFICIENT_DATA,RETAIL,-34.86,-59.94,,1.082
SULA,FMCG,148.27,2026-07-08,18.62,0.0,33.85,50.0,38.89,27.26,NEUTRAL,0.9,24.53,ACCUMULATION,DOWNTREND,RETAIL,-4.91,-5.31,-50.54,1.013
OSWALGREEN,AUTO,21.56,2026-07-08,11.05,0.0,34.53,50.0,50.0,27.17,NEUTRAL,0.9,24.45,ACCUMULATION,DOWNTREND,RETAIL,-8.22,-12.43,-53.27,1.333
CRIZAC,RETAIL,195.11,2026-07-08,13.76,0.58,37.66,50.0,38.89,26.92,NEUTRAL,0.9,24.23,ACCUMULATION,DOWNTREND,RETAIL,-8.99,-2.57,-42.35,0.696
EMUDHRA,IT,432.3,2026-07-08,15.29,3.36,32.11,50.0,38.89,26.75,NEUTRAL,0.9,24.08,ACCUMULATION,DOWNTREND,RETAIL,-7.22,-3.95,-45.98,0.556
NATCAPSUQ,PHARMA,142.47,2026-07-08,10.36,0.0,32.55,50.0,50.0,26.6,NEUTRAL,0.9,23.94,ACCUMULATION,DOWNTREND,RETAIL,-9.54,-7.05,-34.2,0.444
LEMERITE,TEXTILES,22.29,2026-07-08,11.44,0.0,37.2,47.96,44.44,26.56,NEUTRAL,0.9,23.9,ACCUMULATION,INSUFFICIENT_DATA,RETAIL,-24.34,-95.04,,0.486
TICL,REALTY,11.75,2026-07-08,10.62,0.0,34.05,47.96,50.0,26.56,NEUTRAL,0.9,23.9,ACCUMULATION,INSUFFICIENT_DATA,RETAIL,-45.93,-51.65,,0.239
RSYSTEMS,IT,234.95,2026-07-08,14.74,0.0,32.11,50.0,38.89,25.94,NEUTRAL,0.9,23.35,ACCUMULATION,DOWNTREND,RETAIL,-7.97,-12.1,-47.77,4.145
ZENSARTECH,FMCG,451.1,2026-07-08,10.24,3.82,33.85,47.96,38.89,25.52,NEUTRAL,0.9,22.97,ACCUMULATION,DOWNTREND,RETAIL,-6.96,-17.67,-44.34,0.298
SHRADHA,REALTY,32.41,2026-07-08,16.84,0.0,34.05,50.0,27.78,25.19,NEUTRAL,0.9,22.67,ACCUMULATION,DOWNTREND,RETAIL,-7.35,0.37,-54.97,0.884
GANGAFORGE,CAPITAL_GOODS,2.13,2026-07-08,12.3,2.66,32.5,50.0,27.78,24.27,NEUTRAL,0.9,21.84,ACCUMULATION,DOWNTREND,RETAIL,-8.58,-17.44,-43.05,2.009
MAHAPEXLTD,FINANCIAL_SERVICES,44.48,2026-07-08,10.43,0.0,34.81,50.0,27.78,23.74,NEUTRAL,0.9,21.37,ACCUMULATION,DOWNTREND,RETAIL,-7.66,-6.12,-58.72,0.299
ALLCARGO,LOGISTICS,7.9,2026-07-08,12.75,0.0,33.54,0.54,33.33,15.0,NEUTRAL,0.9,13.5,ACCUMULATION,DOWNTREND,RETAIL,-10.23,0.13,-77.78,0.777
