symbol,sector,label,bull_run_score,consensus_score,consensus_label,signals_used,concall_norm,insider_norm,news_norm,deal_norm,concall_score,insider_score,insider_conviction,sentiment_7d,sentiment_label,news_count_7d,inst_net_value_cr,as_of_date
ADANIENT,INFRASTRUCTURE,EMERGING,52.4,66.67,BUY,NEWS|DEALS,,,83.33333333333333,100.0,,,,0.6666666666666666,BULLISH,3.0,4789.6249,2026-07-03
KMEW,INFRASTRUCTURE,EMERGING,46.34,63.61,BUY,CONCALL,88.8888888888889,,,,1.6,,,,,,,2026-07-03
LTTS,IT,NEUTRAL,27.2,63.61,BUY,CONCALL,88.8888888888889,,,,1.6,,,,,,,2026-07-03
HDFCAMC,FINANCIAL_SERVICES,WATCHLIST,35.78,63.61,BUY,CONCALL,88.8888888888889,,,,1.6,,,,,,,2026-07-03
KIRLOSENG,CAPITAL_GOODS,EMERGING,47.67,63.61,BUY,CONCALL,88.8888888888889,,,,1.6,,,,,,,2026-07-03
VIYASH,PHARMA,EMERGING,45.8,63.61,BUY,CONCALL,88.8888888888889,,,,1.6,,,,,,,2026-07-03
PNBHOUSING,FINANCIAL_SERVICES,WATCHLIST,37.84,63.61,BUY,CONCALL,88.8888888888889,,,,1.6,,,,,,,2026-07-03
AVONMORE,FINANCIAL_SERVICES,WATCHLIST,30.74,63.61,BUY,CONCALL,88.8888888888889,,,,1.6,,,,,,,2026-07-03
KIOCL,METAL,WATCHLIST,37.24,63.61,BUY,CONCALL,88.8888888888889,,,,1.6,,,,,,,2026-07-03
DEVIT,IT,WATCHLIST,32.83,63.61,BUY,CONCALL,88.8888888888889,,,,1.6,,,,,,,2026-07-03
PATELENG,INFRASTRUCTURE,WATCHLIST,42.64,63.61,BUY,CONCALL,88.8888888888889,,,,1.6,,,,,,,2026-07-03
M&M,HOSPITALITY,WATCHLIST,32.54,63.07,BUY,CONCALL||DEALS,88.8888888888889,,,47.27979274611399,1.6,,,,,,0.0,2026-07-03
AMBER,CAPITAL_GOODS,WATCHLIST,36.38,63.07,BUY,CONCALL||DEALS,88.8888888888889,,,47.27979274611399,1.6,,,,,,0.0,2026-07-03
DENTA,IT,EMERGING,47.05,63.07,BUY,CONCALL||DEALS,88.8888888888889,,,47.27979274611399,1.6,,,,,,0.0,2026-07-03
HCLTECH,IT,NEUTRAL,27.94,62.5,BUY,INSIDER|NEWS,,100.0,50.0,,,20.0,STRONG_BUY,0.0,NEUTRAL,2.0,,2026-07-03
VEDL,METAL,NEUTRAL,23.98,61.4,BUY,CONCALL|NEWS|DEALS,55.55555555555556,,100.0,47.27979274611399,0.4,,,1.0,BULLISH,3.0,0.0,2026-07-03
ANANTRAJ,REALTY,WATCHLIST,41.03,60.0,BUY,NEWS,,,100.0,,,,,1.0,BULLISH,1.0,,2026-07-03
COFORGE,IT,WATCHLIST,40.48,60.0,BUY,NEWS,,,100.0,,,,,1.0,BULLISH,1.0,,2026-07-03
MARICO,FMCG,WATCHLIST,38.75,60.0,BUY,NEWS,,,100.0,,,,,1.0,BULLISH,1.0,,2026-07-03
VOLTAS,FMCG,WATCHLIST,33.73,60.0,BUY,NEWS,,,100.0,,,,,1.0,BULLISH,1.0,,2026-07-03
CONCOR,LOGISTICS,WATCHLIST,35.18,60.0,BUY,NEWS,,,100.0,,,,,1.0,BULLISH,1.0,,2026-07-03
INDHOTEL,HOSPITALITY,WATCHLIST,41.62,60.0,BUY,NEWS,,,100.0,,,,,1.0,BULLISH,1.0,,2026-07-03
CIPLA,PHARMA,WATCHLIST,38.92,60.0,BUY,NEWS,,,100.0,,,,,1.0,BULLISH,1.0,,2026-07-03
APOLLOTYRE,AUTO,WATCHLIST,39.2,60.0,BUY,NEWS,,,100.0,,,,,1.0,BULLISH,1.0,,2026-07-03
TATATECH,FMCG,WATCHLIST,34.24,60.0,BUY,NEWS,,,100.0,,,,,1.0,BULLISH,1.0,,2026-07-03
LENSKART,RETAIL,EMERGING,47.22,59.95,BUY,DEALS,,,,99.74093264248705,,,,,,,3510.6655,2026-07-03
LODHA,REALTY,EMERGING,52.59,59.9,BUY,DEALS,,,,99.48186528497409,,,,,,,2758.4978,2026-07-03
GMRAIRPORT,INFRASTRUCTURE,EMERGING,57.8,59.84,BUY,DEALS,,,,99.22279792746113,,,,,,,1774.2103,2026-07-03
ADANIENSOL,POWER,EMERGING,53.65,59.74,BUY,DEALS,,,,98.70466321243524,,,,,,,957.925,2026-07-03
CORONA,PHARMA,EMERGING,53.56,59.69,BUY,DEALS,,,,98.44559585492227,,,,,,,474.04190000000006,2026-07-03
MCX,FINANCIAL_SERVICES,WATCHLIST,39.73,59.64,BUY,DEALS,,,,98.18652849740933,,,,,,,425.01,2026-07-03
AJANTPHARM,PHARMA,EMERGING,55.05,59.59,BUY,DEALS,,,,97.92746113989638,,,,,,,400.0,2026-07-03
ANTHEM,PHARMA,EMERGING,47.45,59.53,BUY,DEALS,,,,97.66839378238342,,,,,,,316.35,2026-07-03
IFCI,FINANCIAL_SERVICES,EMERGING,45.64,59.46,BUY,NEWS|DEALS,,,100.0,47.27979274611399,,,,1.0,BULLISH,1.0,0.0,2026-07-03
CRAFTSMAN,AUTO,EMERGING,55.56,59.43,BUY,DEALS,,,,97.15025906735751,,,,,,,210.6226,2026-07-03
BANSALWIRE,METAL,EMERGING,54.93,59.33,BUY,DEALS,,,,96.6321243523316,,,,,,,189.404,2026-07-03
EMCURE,PHARMA,EMERGING,53.69,59.27,BUY,DEALS,,,,96.37305699481865,,,,,,,172.5009,2026-07-03
DOMS,FMCG,EMERGING,45.66,59.22,BUY,DEALS,,,,96.11398963730569,,,,,,,156.5161,2026-07-03
GODIGIT,FINANCIAL_SERVICES,EMERGING,49.25,59.12,BUY,DEALS,,,,95.59585492227978,,,,,,,100.005,2026-07-03
CERA,REALTY,EMERGING,53.26,59.07,BUY,DEALS,,,,95.33678756476684,,,,,,,64.9259,2026-07-03
SAPPHIRE,HOSPITALITY,WATCHLIST,44.43,58.91,BUY,DEALS,,,,94.55958549222798,,,,,,,44.3091,2026-07-03
IKS,IT,EMERGING,51.49,58.86,BUY,DEALS,,,,94.30051813471503,,,,,,,33.098,2026-07-03
RAMCOSYS,IT,EMERGING,57.93,58.76,BUY,DEALS,,,,93.78238341968913,,,,,,,14.7353,2026-07-03
MOTILALOFS,FINANCIAL_SERVICES,EMERGING,52.36,58.7,BUY,DEALS,,,,93.52331606217616,,,,,,,0.0001000000000139,2026-07-03
BHARATFORG,AUTO,EMERGING,46.03,58.06,BUY,CONCALL|NEWS,44.44444444444445,,100.0,,0.0,,,1.0,BULLISH,1.0,,2026-07-03
ALKEM,PHARMA,EMERGING,48.15,57.85,NEUTRAL,CONCALL||DEALS,44.44444444444445,,,98.96373056994818,0.0,,,,,,1109.7017999999998,2026-07-03
AXISBANK,BANKING,WATCHLIST,36.86,57.51,NEUTRAL,CONCALL|NEWS|DEALS,44.44444444444445,,100.0,47.27979274611399,0.0,,,1.0,BULLISH,1.0,0.0,2026-07-03
TCS,IT,NEUTRAL,26.25,57.51,NEUTRAL,CONCALL|NEWS|DEALS,44.44444444444445,,100.0,47.27979274611399,0.0,,,1.0,BULLISH,3.0,0.0,2026-07-03
CGCL,FINANCIAL_SERVICES,EMERGING,56.85,57.43,NEUTRAL,CONCALL||DEALS,44.44444444444445,,,96.89119170984456,0.0,,,,,,192.5,2026-07-03
EBGNG,IT,EMERGING,57.92,57.23,NEUTRAL,CONCALL||DEALS,44.44444444444445,,,95.85492227979275,0.0,,,,,,150.001,2026-07-03
POCL,METAL,EMERGING,54.81,57.07,NEUTRAL,CONCALL||DEALS,44.44444444444445,,,95.07772020725389,0.0,,,,,,59.944,2026-07-03
CMRGREEN,OTHER,EMERGING,49.82,57.02,NEUTRAL,CONCALL||DEALS,44.44444444444445,,,94.81865284974094,0.0,,,,,,49.8143,2026-07-03
GOKEX,TEXTILES,EMERGING,59.23,56.86,NEUTRAL,CONCALL||DEALS,44.44444444444445,,,94.04145077720207,0.0,,,,,,32.5916,2026-07-03
RKFORGE,AUTO,WATCHLIST,35.29,53.89,NEUTRAL,CONCALL,61.111111111111114,,,,0.6,,,,,,,2026-07-03
INFY,IT,WATCHLIST,30.89,52.31,NEUTRAL,NEWS|DEALS,,,64.28571428571428,47.27979274611399,,,,0.2857142857142857,BULLISH,7.0,0.0,2026-07-03
FRACTAL,IT,WATCHLIST,30.82,51.94,NEUTRAL,CONCALL,55.55555555555556,,,,0.4,,,,,,,2026-07-03
IDEA,TELECOM,WATCHLIST,44.79,51.94,NEUTRAL,CONCALL,55.55555555555556,,,,0.4,,,,,,,2026-07-03
ADANIPOWER,POWER,WATCHLIST,32.56,51.94,NEUTRAL,CONCALL,55.55555555555556,,,,0.4,,,,,,,2026-07-03
NAUKRI,RETAIL,WATCHLIST,32.85,51.94,NEUTRAL,CONCALL,55.55555555555556,,,,0.4,,,,,,,2026-07-03
DMART,RETAIL,WATCHLIST,42.16,50.65,NEUTRAL,INSIDER,,52.61625000000001,,,,1.0465,BUY,,,,,2026-07-03
TVSMOTOR,AUTO,WATCHLIST,37.37,50.0,NEUTRAL,NEWS,,,50.0,,,,,0.0,NEUTRAL,1.0,,2026-07-03
MRF,AUTO,WATCHLIST,35.27,50.0,NEUTRAL,NEWS,,,50.0,,,,,0.0,NEUTRAL,1.0,,2026-07-03
INDIGO,AVIATION,EMERGING,49.26,50.0,NEUTRAL,NEWS,,,50.0,,,,,0.0,NEUTRAL,1.0,,2026-07-03
NTPC,POWER,WATCHLIST,31.72,50.0,NEUTRAL,NEWS,,,50.0,,,,,0.0,NEUTRAL,1.0,,2026-07-03
WIPRO,IT,WATCHLIST,30.18,50.0,NEUTRAL,NEWS,,,50.0,,,,,0.0,NEUTRAL,1.0,,2026-07-03
BAJAJFINSV,FINANCIAL_SERVICES,WATCHLIST,33.05,49.97,NEUTRAL,INSIDER,,49.86149999999995,,,,-0.0554000000000201,MILD_SELL,,,,,2026-07-03
SOUTHWEST,ENERGY,NEUTRAL,26.78,49.46,NEUTRAL,DEALS,,,,47.27979274611399,,,,,,,0.0,2026-07-03
JNKINDIA,CAPITAL_GOODS,EMERGING,46.63,49.46,NEUTRAL,DEALS,,,,47.27979274611399,,,,,,,0.0,2026-07-03
MOREPENLAB,PHARMA,EMERGING,46.47,49.46,NEUTRAL,DEALS,,,,47.27979274611399,,,,,,,0.0,2026-07-03
MEGASTAR,FMCG,EMERGING,47.37,49.46,NEUTRAL,DEALS,,,,47.27979274611399,,,,,,,0.0,2026-07-03
QUESS,OTHER,EMERGING,47.39,49.46,NEUTRAL,DEALS,,,,47.27979274611399,,,,,,,0.0,2026-07-03
SHAH,METAL,NEUTRAL,23.71,49.46,NEUTRAL,DEALS,,,,47.27979274611399,,,,,,,0.0,2026-07-03
GALAPREC,CAPITAL_GOODS,EMERGING,47.3,49.46,NEUTRAL,DEALS,,,,47.27979274611399,,,,,,,0.0,2026-07-03
PAISALO,FINANCIAL_SERVICES,EMERGING,47.04,49.46,NEUTRAL,DEALS,,,,47.27979274611399,,,,,,,0.0,2026-07-03
NRBBEARING,AUTO,EMERGING,50.7,49.46,NEUTRAL,DEALS,,,,47.27979274611399,,,,,,,0.0,2026-07-03
JAGSNPHARM,PHARMA,EMERGING,49.99,49.46,NEUTRAL,DEALS,,,,47.27979274611399,,,,,,,0.0,2026-07-03
MARSONS,CAPITAL_GOODS,NEUTRAL,27.1,49.46,NEUTRAL,DEALS,,,,47.27979274611399,,,,,,,0.0,2026-07-03
SPAL,TEXTILES,EMERGING,51.5,49.46,NEUTRAL,DEALS,,,,47.27979274611399,,,,,,,0.0,2026-07-03
BLUSPRING,POWER,EMERGING,49.46,49.46,NEUTRAL,DEALS,,,,47.27979274611399,,,,,,,0.0,2026-07-03
RML,AUTO,EMERGING,49.52,49.46,NEUTRAL,DEALS,,,,47.27979274611399,,,,,,,0.0,2026-07-03
SAKSOFT,IT,EMERGING,45.24,49.46,NEUTRAL,DEALS,,,,47.27979274611399,,,,,,,0.0,2026-07-03
SKMEGGPROD,FMCG,EMERGING,45.4,49.46,NEUTRAL,DEALS,,,,47.27979274611399,,,,,,,0.0,2026-07-03
KITEX,TEXTILES,WATCHLIST,32.71,49.46,NEUTRAL,DEALS,,,,47.27979274611399,,,,,,,0.0,2026-07-03
GOODLUCK,METAL,EMERGING,46.04,49.46,NEUTRAL,DEALS,,,,47.27979274611399,,,,,,,0.0,2026-07-03
TARSONS,HEALTHCARE,EMERGING,45.86,49.46,NEUTRAL,DEALS,,,,47.27979274611399,,,,,,,0.0,2026-07-03
NIITLTD,HEALTHCARE,EMERGING,45.84,49.46,NEUTRAL,DEALS,,,,47.27979274611399,,,,,,,0.0,2026-07-03
MAHSEAMLES,METAL,WATCHLIST,32.51,49.46,NEUTRAL,DEALS,,,,47.27979274611399,,,,,,,0.0,2026-07-03
MANCREDIT,FINANCIAL_SERVICES,EMERGING,46.06,49.46,NEUTRAL,DEALS,,,,47.27979274611399,,,,,,,0.0,2026-07-03
TRUALT,AGRICULTURE,WATCHLIST,32.46,49.46,NEUTRAL,DEALS,,,,47.27979274611399,,,,,,,0.0,2026-07-03
POWERGRID,POWER,WATCHLIST,32.38,49.46,NEUTRAL,DEALS,,,,47.27979274611399,,,,,,,0.0,2026-07-03
CAPITALSFB,BANKING,WATCHLIST,33.39,49.46,NEUTRAL,DEALS,,,,47.27979274611399,,,,,,,0.0,2026-07-03
ANMOL,FINANCIAL_SERVICES,WATCHLIST,33.58,49.46,NEUTRAL,DEALS,,,,47.27979274611399,,,,,,,0.0,2026-07-03
KSCL,AGRICULTURE,WATCHLIST,33.23,49.46,NEUTRAL,DEALS,,,,47.27979274611399,,,,,,,0.0,2026-07-03
GOKUL,FMCG,WATCHLIST,33.08,49.46,NEUTRAL,DEALS,,,,47.27979274611399,,,,,,,0.0,2026-07-03
PONNIERODE,FMCG,WATCHLIST,34.43,49.46,NEUTRAL,DEALS,,,,47.27979274611399,,,,,,,0.0,2026-07-03
RBA,HOSPITALITY,EMERGING,45.86,49.46,NEUTRAL,DEALS,,,,47.27979274611399,,,,,,,0.0,2026-07-03
VGL,TEXTILES,WATCHLIST,34.36,49.46,NEUTRAL,DEALS,,,,47.27979274611399,,,,,,,0.0,2026-07-03
INDOBORAX,CHEMICALS,WATCHLIST,44.92,49.46,NEUTRAL,DEALS,,,,47.27979274611399,,,,,,,0.0,2026-07-03
HINDWAREAP,REALTY,WATCHLIST,44.82,49.46,NEUTRAL,DEALS,,,,47.27979274611399,,,,,,,0.0,2026-07-03
HONASA,FMCG,EMERGING,46.36,49.46,NEUTRAL,DEALS,,,,47.27979274611399,,,,,,,0.0,2026-07-03
SUPREME,FINANCIAL_SERVICES,WATCHLIST,32.31,49.46,NEUTRAL,DEALS,,,,47.27979274611399,,,,,,,0.0,2026-07-03
QUADFUTURE,CAPITAL_GOODS,EMERGING,46.24,49.46,NEUTRAL,DEALS,,,,47.27979274611399,,,,,,,0.0,2026-07-03
EPACKPEB,CAPITAL_GOODS,EMERGING,46.09,49.46,NEUTRAL,DEALS,,,,47.27979274611399,,,,,,,0.0,2026-07-03
AURIGROW,CAPITAL_GOODS,WATCHLIST,31.0,49.46,NEUTRAL,DEALS,,,,47.27979274611399,,,,,,,0.0,2026-07-03
MICEL,CAPITAL_GOODS,WATCHLIST,32.24,49.46,NEUTRAL,DEALS,,,,47.27979274611399,,,,,,,0.0,2026-07-03
TCIEXP,LOGISTICS,WATCHLIST,32.26,49.46,NEUTRAL,DEALS,,,,47.27979274611399,,,,,,,0.0,2026-07-03
PROZONER,REALTY,WATCHLIST,32.29,49.46,NEUTRAL,DEALS,,,,47.27979274611399,,,,,,,0.0,2026-07-03
AQYLON,MEDIA,WATCHLIST,32.93,49.46,NEUTRAL,DEALS,,,,47.27979274611399,,,,,,,0.0,2026-07-03
HDFCBANK,BANKING,WATCHLIST,32.9,49.46,NEUTRAL,DEALS,,,,47.27979274611399,,,,,,,0.0,2026-07-03
RPTECH,IT,EMERGING,48.98,49.46,NEUTRAL,DEALS,,,,47.27979274611399,,,,,,,0.0,2026-07-03
ORIENTHOT,HOSPITALITY,EMERGING,47.22,49.46,NEUTRAL,DEALS,,,,47.27979274611399,,,,,,,0.0,2026-07-03
PANACEABIO,PHARMA,EMERGING,49.54,49.46,NEUTRAL,DEALS,,,,47.27979274611399,,,,,,,0.0,2026-07-03
JISLDVREQS,CAPITAL_GOODS,WATCHLIST,34.71,49.46,NEUTRAL,DEALS,,,,47.27979274611399,,,,,,,0.0,2026-07-03
BHARTIARTL,TELECOM,WATCHLIST,34.78,49.46,NEUTRAL,DEALS,,,,47.27979274611399,,,,,,,0.0,2026-07-03
EXXARO,CAPITAL_GOODS,WATCHLIST,34.82,49.46,NEUTRAL,DEALS,,,,47.27979274611399,,,,,,,0.0,2026-07-03
EPACK,FMCG,WATCHLIST,34.92,49.46,NEUTRAL,DEALS,,,,47.27979274611399,,,,,,,0.0,2026-07-03
PIXTRANS,CHEMICALS,EMERGING,45.43,49.46,NEUTRAL,DEALS,,,,47.27979274611399,,,,,,,0.0,2026-07-03
UNICHEMLAB,PHARMA,EMERGING,45.58,49.46,NEUTRAL,DEALS,,,,47.27979274611399,,,,,,,0.0,2026-07-03
EXICOM,CAPITAL_GOODS,EMERGING,45.68,49.46,NEUTRAL,DEALS,,,,47.27979274611399,,,,,,,0.0,2026-07-03
TEJASNET,TELECOM,EMERGING,45.68,49.46,NEUTRAL,DEALS,,,,47.27979274611399,,,,,,,0.0,2026-07-03
IGARASHI,AUTO,EMERGING,45.7,49.46,NEUTRAL,DEALS,,,,47.27979274611399,,,,,,,0.0,2026-07-03
SBC,TEXTILES,EMERGING,45.71,49.46,NEUTRAL,DEALS,,,,47.27979274611399,,,,,,,0.0,2026-07-03
FAIRCHEMOR,CHEMICALS,EMERGING,45.71,49.46,NEUTRAL,DEALS,,,,47.27979274611399,,,,,,,0.0,2026-07-03
NELCO,IT,WATCHLIST,44.74,49.46,NEUTRAL,DEALS,,,,47.27979274611399,,,,,,,0.0,2026-07-03
AERONEU,CHEMICALS,WATCHLIST,44.76,49.46,NEUTRAL,DEALS,,,,47.27979274611399,,,,,,,0.0,2026-07-03
PNBGILTS,FINANCIAL_SERVICES,WATCHLIST,44.06,49.46,NEUTRAL,DEALS,,,,47.27979274611399,,,,,,,0.0,2026-07-03
APOLLO,DEFENCE,EMERGING,45.04,49.46,NEUTRAL,DEALS,,,,47.27979274611399,,,,,,,0.0,2026-07-03
RICOAUTO,AUTO,WATCHLIST,44.11,49.46,NEUTRAL,DEALS,,,,47.27979274611399,,,,,,,0.0,2026-07-03
DELTACORP,HOSPITALITY,WATCHLIST,30.08,49.46,NEUTRAL,DEALS,,,,47.27979274611399,,,,,,,0.0,2026-07-03
PROTEAN,IT,WATCHLIST,30.46,49.46,NEUTRAL,DEALS,,,,47.27979274611399,,,,,,,0.0,2026-07-03
RHETAN,METAL,WATCHLIST,30.01,49.46,NEUTRAL,DEALS,,,,47.27979274611399,,,,,,,0.0,2026-07-03
JSLL,PHARMA,NEUTRAL,29.9,49.46,NEUTRAL,DEALS,,,,47.27979274611399,,,,,,,0.0,2026-07-03
NEWGEN,IT,WATCHLIST,35.41,49.46,NEUTRAL,DEALS,,,,47.27979274611399,,,,,,,0.0,2026-07-03
GNA,AUTO,WATCHLIST,43.55,49.46,NEUTRAL,DEALS,,,,47.27979274611399,,,,,,,0.0,2026-07-03
BORANA,TEXTILES,WATCHLIST,35.62,49.46,NEUTRAL,DEALS,,,,47.27979274611399,,,,,,,0.0,2026-07-03
SONATSOFTW,IT,WATCHLIST,35.42,49.46,NEUTRAL,DEALS,,,,47.27979274611399,,,,,,,0.0,2026-07-03
RELAXO,FMCG,WATCHLIST,44.64,49.46,NEUTRAL,DEALS,,,,47.27979274611399,,,,,,,0.0,2026-07-03
MANGLMCEM,CEMENT,WATCHLIST,43.1,49.46,NEUTRAL,DEALS,,,,47.27979274611399,,,,,,,0.0,2026-07-03
AGIIL,REALTY,WATCHLIST,35.39,49.46,NEUTRAL,DEALS,,,,47.27979274611399,,,,,,,0.0,2026-07-03
SJS,AUTO,EMERGING,45.08,49.46,NEUTRAL,DEALS,,,,47.27979274611399,,,,,,,0.0,2026-07-03
VIPULLTD,REALTY,EMERGING,45.01,49.46,NEUTRAL,DEALS,,,,47.27979274611399,,,,,,,0.0,2026-07-03
ACSTECH,CEMENT,WATCHLIST,44.16,49.46,NEUTRAL,DEALS,,,,47.27979274611399,,,,,,,0.0,2026-07-03
20MICRONS,METAL,WATCHLIST,44.22,49.46,NEUTRAL,DEALS,,,,47.27979274611399,,,,,,,0.0,2026-07-03
STUDDS,AUTO,WATCHLIST,34.44,49.46,NEUTRAL,DEALS,,,,47.27979274611399,,,,,,,0.0,2026-07-03
DJML,LOGISTICS,WATCHLIST,42.88,49.46,NEUTRAL,DEALS,,,,47.27979274611399,,,,,,,0.0,2026-07-03
PPAP,AUTO,WATCHLIST,42.96,49.46,NEUTRAL,DEALS,,,,47.27979274611399,,,,,,,0.0,2026-07-03
SOMICONVEY,CAPITAL_GOODS,WATCHLIST,36.18,49.46,NEUTRAL,DEALS,,,,47.27979274611399,,,,,,,0.0,2026-07-03
RMDRIP,CAPITAL_GOODS,WATCHLIST,42.7,49.46,NEUTRAL,DEALS,,,,47.27979274611399,,,,,,,0.0,2026-07-03
SIMPLEXINF,INFRASTRUCTURE,WATCHLIST,42.58,49.46,NEUTRAL,DEALS,,,,47.27979274611399,,,,,,,0.0,2026-07-03
ROTO,CAPITAL_GOODS,WATCHLIST,42.57,49.46,NEUTRAL,DEALS,,,,47.27979274611399,,,,,,,0.0,2026-07-03
RITCO,LOGISTICS,WATCHLIST,35.92,49.46,NEUTRAL,DEALS,,,,47.27979274611399,,,,,,,0.0,2026-07-03
GENESYS,IT,WATCHLIST,42.83,49.46,NEUTRAL,DEALS,,,,47.27979274611399,,,,,,,0.0,2026-07-03
ATALREAL,REALTY,WATCHLIST,35.68,49.46,NEUTRAL,DEALS,,,,47.27979274611399,,,,,,,0.0,2026-07-03
BIOFILCHEM,PHARMA,WATCHLIST,36.77,49.46,NEUTRAL,DEALS,,,,47.27979274611399,,,,,,,0.0,2026-07-03
FINOPB,BANKING,WATCHLIST,36.68,49.46,NEUTRAL,DEALS,,,,47.27979274611399,,,,,,,0.0,2026-07-03
URAVIDEF,AUTO,WATCHLIST,36.68,49.46,NEUTRAL,DEALS,,,,47.27979274611399,,,,,,,0.0,2026-07-03
VINCOFE,FMCG,WATCHLIST,36.59,49.46,NEUTRAL,DEALS,,,,47.27979274611399,,,,,,,0.0,2026-07-03
TFCILTD,FINANCIAL_SERVICES,WATCHLIST,36.59,49.46,NEUTRAL,DEALS,,,,47.27979274611399,,,,,,,0.0,2026-07-03
SUNPHARMA,PHARMA,WATCHLIST,36.42,49.46,NEUTRAL,DEALS,,,,47.27979274611399,,,,,,,0.0,2026-07-03
FEDDERSHOL,FINANCIAL_SERVICES,WATCHLIST,42.73,49.46,NEUTRAL,DEALS,,,,47.27979274611399,,,,,,,0.0,2026-07-03
EIMCOELECO,CAPITAL_GOODS,WATCHLIST,37.16,49.46,NEUTRAL,DEALS,,,,47.27979274611399,,,,,,,0.0,2026-07-03
ASIANPAINT,CHEMICALS,WATCHLIST,37.1,49.46,NEUTRAL,DEALS,,,,47.27979274611399,,,,,,,0.0,2026-07-03
HLEGLAS,CAPITAL_GOODS,WATCHLIST,42.34,49.46,NEUTRAL,DEALS,,,,47.27979274611399,,,,,,,0.0,2026-07-03
UDS,OTHER,WATCHLIST,42.43,49.46,NEUTRAL,DEALS,,,,47.27979274611399,,,,,,,0.0,2026-07-03
TARIL,CAPITAL_GOODS,WATCHLIST,42.2,49.46,NEUTRAL,DEALS,,,,47.27979274611399,,,,,,,0.0,2026-07-03
MEESHO,RETAIL,WATCHLIST,42.14,49.46,NEUTRAL,DEALS,,,,47.27979274611399,,,,,,,0.0,2026-07-03
INDOCO,PHARMA,WATCHLIST,42.02,49.46,NEUTRAL,DEALS,,,,47.27979274611399,,,,,,,0.0,2026-07-03
SHAILY,CAPITAL_GOODS,WATCHLIST,43.06,49.46,NEUTRAL,DEALS,,,,47.27979274611399,,,,,,,0.0,2026-07-03
PGEL,CAPITAL_GOODS,WATCHLIST,37.01,49.46,NEUTRAL,DEALS,,,,47.27979274611399,,,,,,,0.0,2026-07-03
COMSYN,AUTO,WATCHLIST,37.96,49.46,NEUTRAL,DEALS,,,,47.27979274611399,,,,,,,0.0,2026-07-03
NOCIL,CHEMICALS,WATCHLIST,37.69,49.46,NEUTRAL,DEALS,,,,47.27979274611399,,,,,,,0.0,2026-07-03
PANAMAPET,ENERGY,WATCHLIST,44.49,49.46,NEUTRAL,DEALS,,,,47.27979274611399,,,,,,,0.0,2026-07-03
VIPIND,REALTY,WATCHLIST,35.24,49.46,NEUTRAL,DEALS,,,,47.27979274611399,,,,,,,0.0,2026-07-03
HINDUNILVR,FMCG,WATCHLIST,30.79,49.46,NEUTRAL,DEALS,,,,47.27979274611399,,,,,,,0.0,2026-07-03
ADANIGREEN,POWER,WATCHLIST,44.42,49.46,NEUTRAL,DEALS,,,,47.27979274611399,,,,,,,0.0,2026-07-03
SOTL,ENERGY,WATCHLIST,44.24,49.46,NEUTRAL,DEALS,,,,47.27979274611399,,,,,,,0.0,2026-07-03
ADSL,IT,WATCHLIST,38.78,49.46,NEUTRAL,DEALS,,,,47.27979274611399,,,,,,,0.0,2026-07-03
CDSL,REALTY,WATCHLIST,38.82,49.46,NEUTRAL,DEALS,,,,47.27979274611399,,,,,,,0.0,2026-07-03
KSR,OTHER,WATCHLIST,38.83,49.46,NEUTRAL,DEALS,,,,47.27979274611399,,,,,,,0.0,2026-07-03
AARTECH,CAPITAL_GOODS,WATCHLIST,38.85,49.46,NEUTRAL,DEALS,,,,47.27979274611399,,,,,,,0.0,2026-07-03
HEXAGON,OTHER,WATCHLIST,38.89,49.46,NEUTRAL,DEALS,,,,47.27979274611399,,,,,,,0.0,2026-07-03
ASHOKA,INFRASTRUCTURE,WATCHLIST,38.77,49.46,NEUTRAL,DEALS,,,,47.27979274611399,,,,,,,0.0,2026-07-03
SAMPANN,CHEMICALS,WATCHLIST,38.62,49.46,NEUTRAL,DEALS,,,,47.27979274611399,,,,,,,0.0,2026-07-03
RMC,OTHER,WATCHLIST,38.66,49.46,NEUTRAL,DEALS,,,,47.27979274611399,,,,,,,0.0,2026-07-03
KAYNES,CAPITAL_GOODS,NEUTRAL,28.78,49.46,NEUTRAL,DEALS,,,,47.27979274611399,,,,,,,0.0,2026-07-03
LXCHEM,CHEMICALS,WATCHLIST,39.5,49.46,NEUTRAL,DEALS,,,,47.27979274611399,,,,,,,0.0,2026-07-03
UMESLTD,OTHER,WATCHLIST,39.3,49.46,NEUTRAL,DEALS,,,,47.27979274611399,,,,,,,0.0,2026-07-03
ICICIBANK,BANKING,WATCHLIST,39.69,49.46,NEUTRAL,DEALS,,,,47.27979274611399,,,,,,,0.0,2026-07-03
EFCIL,REALTY,NEUTRAL,29.62,49.46,NEUTRAL,DEALS,,,,47.27979274611399,,,,,,,0.0,2026-07-03
SINTERCOM,AUTO,NEUTRAL,29.6,49.46,NEUTRAL,DEALS,,,,47.27979274611399,,,,,,,0.0,2026-07-03
SHRADHA,REALTY,NEUTRAL,29.22,49.46,NEUTRAL,DEALS,,,,47.27979274611399,,,,,,,0.0,2026-07-03
BANG,TEXTILES,NEUTRAL,28.97,49.46,NEUTRAL,DEALS,,,,47.27979274611399,,,,,,,0.0,2026-07-03
MARKOLINES,INFRASTRUCTURE,WATCHLIST,41.8,49.46,NEUTRAL,DEALS,,,,47.27979274611399,,,,,,,0.0,2026-07-03
MOTISONS,FMCG,WATCHLIST,41.62,49.46,NEUTRAL,DEALS,,,,47.27979274611399,,,,,,,0.0,2026-07-03
BAJFINANCE,FINANCIAL_SERVICES,WATCHLIST,41.62,49.46,NEUTRAL,NEWS|DEALS,,,50.0,47.27979274611399,,,,0.0,NEUTRAL,1.0,0.0,2026-07-03
DYCL,CAPITAL_GOODS,WATCHLIST,41.61,49.46,NEUTRAL,DEALS,,,,47.27979274611399,,,,,,,0.0,2026-07-03
EMSLIMITED,INFRASTRUCTURE,WATCHLIST,41.56,49.46,NEUTRAL,DEALS,,,,47.27979274611399,,,,,,,0.0,2026-07-03
SCPL,OTHER,WATCHLIST,41.49,49.46,NEUTRAL,DEALS,,,,47.27979274611399,,,,,,,0.0,2026-07-03
DELHIVERY,LOGISTICS,WATCHLIST,39.91,49.46,NEUTRAL,DEALS,,,,47.27979274611399,,,,,,,0.0,2026-07-03
BHARATGEAR,AUTO,EMERGING,46.93,49.46,NEUTRAL,DEALS,,,,47.27979274611399,,,,,,,0.0,2026-07-03
GOCOLORS,RETAIL,EMERGING,46.84,49.46,NEUTRAL,DEALS,,,,47.27979274611399,,,,,,,0.0,2026-07-03
ONWARDTEC,TEXTILES,EMERGING,46.8,49.46,NEUTRAL,DEALS,,,,47.27979274611399,,,,,,,0.0,2026-07-03
RAMCOIND,METAL,EMERGING,46.69,49.46,NEUTRAL,DEALS,,,,47.27979274611399,,,,,,,0.0,2026-07-03
CLSEL,AGRICULTURE,WATCHLIST,39.16,49.46,NEUTRAL,DEALS,,,,47.27979274611399,,,,,,,0.0,2026-07-03
THOMASCOOK,HOSPITALITY,WATCHLIST,39.14,49.46,NEUTRAL,DEALS,,,,47.27979274611399,,,,,,,0.0,2026-07-03
BHARATSE,AUTO,WATCHLIST,38.93,49.46,NEUTRAL,DEALS,,,,47.27979274611399,,,,,,,0.0,2026-07-03
RELTD,CAPITAL_GOODS,WATCHLIST,40.94,49.46,NEUTRAL,DEALS,,,,47.27979274611399,,,,,,,0.0,2026-07-03
WALCHANNAG,FINANCIAL_SERVICES,WATCHLIST,41.96,49.46,NEUTRAL,DEALS,,,,47.27979274611399,,,,,,,0.0,2026-07-03
GARUDA,INFRASTRUCTURE,WATCHLIST,40.48,49.46,NEUTRAL,DEALS,,,,47.27979274611399,,,,,,,0.0,2026-07-03
OLAELEC,AUTO,EMERGING,47.67,49.46,NEUTRAL,DEALS,,,,47.27979274611399,,,,,,,0.0,2026-07-03
NIBE,DEFENCE,EMERGING,47.68,49.46,NEUTRAL,DEALS,,,,47.27979274611399,,,,,,,0.0,2026-07-03
MSTCLTD,METAL,EMERGING,47.9,49.46,NEUTRAL,DEALS,,,,47.27979274611399,,,,,,,0.0,2026-07-03
ZEEL,MEDIA,EMERGING,47.9,49.46,NEUTRAL,DEALS,,,,47.27979274611399,,,,,,,0.0,2026-07-03
SUBROS,CAPITAL_GOODS,WATCHLIST,40.99,49.46,NEUTRAL,DEALS,,,,47.27979274611399,,,,,,,0.0,2026-07-03
LAMBODHARA,TEXTILES,WATCHLIST,41.33,49.46,NEUTRAL,DEALS,,,,47.27979274611399,,,,,,,0.0,2026-07-03
GNRL,ENERGY,WATCHLIST,41.22,49.46,NEUTRAL,DEALS,,,,47.27979274611399,,,,,,,0.0,2026-07-03
RIIL,LOGISTICS,WATCHLIST,39.77,49.46,NEUTRAL,DEALS,,,,47.27979274611399,,,,,,,0.0,2026-07-03
SHANTIGOLD,CAPITAL_GOODS,WATCHLIST,39.79,49.46,NEUTRAL,DEALS,,,,47.27979274611399,,,,,,,0.0,2026-07-03
BAJAJHCARE,PHARMA,WATCHLIST,40.9,49.46,NEUTRAL,DEALS,,,,47.27979274611399,,,,,,,0.0,2026-07-03
ITDC,CAPITAL_GOODS,WATCHLIST,40.74,49.46,NEUTRAL,DEALS,,,,47.27979274611399,,,,,,,0.0,2026-07-03
OMAXE,REALTY,WATCHLIST,40.6,49.46,NEUTRAL,DEALS,,,,47.27979274611399,,,,,,,0.0,2026-07-03
NARMADA,AGRICULTURE,EMERGING,47.63,49.46,NEUTRAL,DEALS,,,,47.27979274611399,,,,,,,0.0,2026-07-03
TITAN,FMCG,WATCHLIST,41.15,49.46,NEUTRAL,NEWS|DEALS,,,50.0,47.27979274611399,,,,0.0,NEUTRAL,1.0,0.0,2026-07-03
GCSL,FINANCIAL_SERVICES,WATCHLIST,41.1,49.46,NEUTRAL,DEALS,,,,47.27979274611399,,,,,,,0.0,2026-07-03
GICL,LOGISTICS,NEUTRAL,27.33,49.46,NEUTRAL,DEALS,,,,47.27979274611399,,,,,,,0.0,2026-07-03
ZUARI,CHEMICALS,WATCHLIST,40.54,49.46,NEUTRAL,DEALS,,,,47.27979274611399,,,,,,,0.0,2026-07-03
AGARIND,CHEMICALS,WATCHLIST,40.63,49.46,NEUTRAL,DEALS,,,,47.27979274611399,,,,,,,0.0,2026-07-03
KPITTECH,CAPITAL_GOODS,NEUTRAL,25.1,49.46,NEUTRAL,DEALS,,,,47.27979274611399,,,,,,,0.0,2026-07-03
ABINFRA,INFRASTRUCTURE,WATCHLIST,31.57,49.46,NEUTRAL,DEALS,,,,47.27979274611399,,,,,,,0.0,2026-07-03
NILAINFRA,REALTY,WATCHLIST,31.37,49.46,NEUTRAL,DEALS,,,,47.27979274611399,,,,,,,0.0,2026-07-03
EASEMYTRIP,HOSPITALITY,WATCHLIST,31.29,49.46,NEUTRAL,DEALS,,,,47.27979274611399,,,,,,,0.0,2026-07-03
GSLSU,REALTY,NEUTRAL,24.82,49.46,NEUTRAL,DEALS,,,,47.27979274611399,,,,,,,0.0,2026-07-03
GRMOVER,AGRICULTURE,NEUTRAL,26.59,49.46,NEUTRAL,DEALS,,,,47.27979274611399,,,,,,,0.0,2026-07-03
BLISSGVS,PHARMA,EMERGING,48.72,49.46,NEUTRAL,DEALS,,,,47.27979274611399,,,,,,,0.0,2026-07-03
ELECTHERM,METAL,EMERGING,48.3,49.46,NEUTRAL,DEALS,,,,47.27979274611399,,,,,,,0.0,2026-07-03
AEROENTER,METAL,EMERGING,48.22,49.46,NEUTRAL,DEALS,,,,47.27979274611399,,,,,,,0.0,2026-07-03
SALASAR,CAPITAL_GOODS,NEUTRAL,28.2,49.46,NEUTRAL,DEALS,,,,47.27979274611399,,,,,,,0.0,2026-07-03
ASIANTILES,CAPITAL_GOODS,NEUTRAL,28.12,49.46,NEUTRAL,DEALS,,,,47.27979274611399,,,,,,,0.0,2026-07-03
BAJAJELEC,FMCG,NEUTRAL,27.6,49.46,NEUTRAL,DEALS,,,,47.27979274611399,,,,,,,0.0,2026-07-03
MHLXMIRU,TEXTILES,NEUTRAL,27.49,49.46,NEUTRAL,DEALS,,,,47.27979274611399,,,,,,,0.0,2026-07-03
SBICARD,FINANCIAL_SERVICES,NEUTRAL,27.68,48.06,NEUTRAL,CONCALL,44.44444444444445,,,,0.0,,,,,,,2026-07-03
TARAPUR,CAPITAL_GOODS,NEUTRAL,27.73,48.06,NEUTRAL,CONCALL,44.44444444444445,,,,0.0,,,,,,,2026-07-03
GRAPHITE,CAPITAL_GOODS,NEUTRAL,27.76,48.06,NEUTRAL,CONCALL,44.44444444444445,,,,0.0,,,,,,,2026-07-03
SEDEMAC,AUTO,EMERGING,48.45,48.06,NEUTRAL,CONCALL,44.44444444444445,,,,0.0,,,,,,,2026-07-03
MUTHOOTMF,FINANCIAL_SERVICES,EMERGING,48.78,48.06,NEUTRAL,CONCALL,44.44444444444445,,,,0.0,,,,,,,2026-07-03
FSL,IT,NEUTRAL,26.53,48.06,NEUTRAL,CONCALL,44.44444444444445,,,,0.0,,,,,,,2026-07-03
SCHAND,HOSPITALITY,NEUTRAL,26.72,48.06,NEUTRAL,CONCALL,44.44444444444445,,,,0.0,,,,,,,2026-07-03
JINDALSTEL,METAL,WATCHLIST,31.28,48.06,NEUTRAL,CONCALL,44.44444444444445,,,,0.0,,,,,,,2026-07-03
GUJRAFFIA,CHEMICALS,WATCHLIST,31.38,48.06,NEUTRAL,CONCALL,44.44444444444445,,,,0.0,,,,,,,2026-07-03
TECHM,IT,WATCHLIST,31.69,48.06,NEUTRAL,CONCALL,44.44444444444445,,,,0.0,,,,,,,2026-07-03
PERSISTENT,IT,NEUTRAL,25.22,48.06,NEUTRAL,CONCALL,44.44444444444445,,,,0.0,,,,,,,2026-07-03
MARATHON,REALTY,NEUTRAL,25.6,48.06,NEUTRAL,CONCALL,44.44444444444445,,,,0.0,,,,,,,2026-07-03
ASTRAL,CAPITAL_GOODS,NEUTRAL,26.37,48.06,NEUTRAL,CONCALL,44.44444444444445,,,,0.0,,,,,,,2026-07-03
TITAGARH,INFRASTRUCTURE,WATCHLIST,40.53,48.06,NEUTRAL,CONCALL,44.44444444444445,,,,0.0,,,,,,,2026-07-03
RBLBANK,BANKING,WATCHLIST,40.86,48.06,NEUTRAL,CONCALL,44.44444444444445,,,,0.0,,,,,,,2026-07-03
CAMLINFINE,PHARMA,WATCHLIST,40.9,48.06,NEUTRAL,CONCALL,44.44444444444445,,,,0.0,,,,,,,2026-07-03
HALDER,AGRICULTURE,WATCHLIST,39.74,48.06,NEUTRAL,CONCALL,44.44444444444445,,,,0.0,,,,,,,2026-07-03
CMPDI,INFRASTRUCTURE,WATCHLIST,39.79,48.06,NEUTRAL,CONCALL,44.44444444444445,,,,0.0,,,,,,,2026-07-03
BFUTILITIE,INFRASTRUCTURE,WATCHLIST,39.83,48.06,NEUTRAL,CONCALL,44.44444444444445,,,,0.0,,,,,,,2026-07-03
VEDPOWER,OTHER,WATCHLIST,39.86,48.06,NEUTRAL,CONCALL,44.44444444444445,,,,0.0,,,,,,,2026-07-03
VOGL,OTHER,WATCHLIST,39.86,48.06,NEUTRAL,CONCALL,44.44444444444445,,,,0.0,,,,,,,2026-07-03
KISSHT,IT,WATCHLIST,40.96,48.06,NEUTRAL,CONCALL,44.44444444444445,,,,0.0,,,,,,,2026-07-03
ANTELOPUS,ENERGY,WATCHLIST,40.98,48.06,NEUTRAL,CONCALL,44.44444444444445,,,,0.0,,,,,,,2026-07-03
SHRINGARMS,FMCG,WATCHLIST,40.99,48.06,NEUTRAL,CONCALL,44.44444444444445,,,,0.0,,,,,,,2026-07-03
REPRO,MEDIA,WATCHLIST,41.21,48.06,NEUTRAL,CONCALL,44.44444444444445,,,,0.0,,,,,,,2026-07-03
GALAXYSURF,CHEMICALS,WATCHLIST,41.23,48.06,NEUTRAL,CONCALL,44.44444444444445,,,,0.0,,,,,,,2026-07-03
SUZLON,CAPITAL_GOODS,WATCHLIST,41.35,48.06,NEUTRAL,CONCALL,44.44444444444445,,,,0.0,,,,,,,2026-07-03
COSMOFIRST,CHEMICALS,WATCHLIST,40.32,48.06,NEUTRAL,CONCALL,44.44444444444445,,,,0.0,,,,,,,2026-07-03
NH,HEALTHCARE,WATCHLIST,40.33,48.06,NEUTRAL,CONCALL,44.44444444444445,,,,0.0,,,,,,,2026-07-03
MMP,METAL,WATCHLIST,40.36,48.06,NEUTRAL,CONCALL,44.44444444444445,,,,0.0,,,,,,,2026-07-03
WEALTH,FINANCIAL_SERVICES,WATCHLIST,40.5,48.06,NEUTRAL,CONCALL,44.44444444444445,,,,0.0,,,,,,,2026-07-03
CEIGALL,INFRASTRUCTURE,EMERGING,47.67,48.06,NEUTRAL,CONCALL,44.44444444444445,,,,0.0,,,,,,,2026-07-03
MANINDS,METAL,EMERGING,47.99,48.06,NEUTRAL,CONCALL,44.44444444444445,,,,0.0,,,,,,,2026-07-03
UFBL,HOSPITALITY,EMERGING,48.08,48.06,NEUTRAL,CONCALL,44.44444444444445,,,,0.0,,,,,,,2026-07-03
AETHER,CHEMICALS,EMERGING,46.71,48.06,NEUTRAL,CONCALL,44.44444444444445,,,,0.0,,,,,,,2026-07-03
KDDL,FMCG,EMERGING,46.73,48.06,NEUTRAL,CONCALL,44.44444444444445,,,,0.0,,,,,,,2026-07-03
THOMASCOTT,TEXTILES,EMERGING,46.75,48.06,NEUTRAL,CONCALL,44.44444444444445,,,,0.0,,,,,,,2026-07-03
PRINCEPIPE,CAPITAL_GOODS,WATCHLIST,40.0,48.06,NEUTRAL,CONCALL,44.44444444444445,,,,0.0,,,,,,,2026-07-03
TIPSMUSIC,MEDIA,WATCHLIST,41.42,48.06,NEUTRAL,CONCALL,44.44444444444445,,,,0.0,,,,,,,2026-07-03
POWERICA,CAPITAL_GOODS,WATCHLIST,41.43,48.06,NEUTRAL,CONCALL,44.44444444444445,,,,0.0,,,,,,,2026-07-03
SHANTI,FMCG,WATCHLIST,41.5,48.06,NEUTRAL,CONCALL,44.44444444444445,,,,0.0,,,,,,,2026-07-03
CGPOWER,IT,WATCHLIST,41.72,48.06,NEUTRAL,CONCALL,44.44444444444445,,,,0.0,,,,,,,2026-07-03
LANDMARK,AUTO,WATCHLIST,41.81,48.06,NEUTRAL,CONCALL,44.44444444444445,,,,0.0,,,,,,,2026-07-03
FIVESTAR,FINANCIAL_SERVICES,WATCHLIST,40.9,48.06,NEUTRAL,CONCALL,44.44444444444445,,,,0.0,,,,,,,2026-07-03
URBANCO,RETAIL,WATCHLIST,40.93,48.06,NEUTRAL,CONCALL,44.44444444444445,,,,0.0,,,,,,,2026-07-03
CONCORDBIO,PHARMA,WATCHLIST,40.96,48.06,NEUTRAL,CONCALL,44.44444444444445,,,,0.0,,,,,,,2026-07-03
BALKRISHNA,CHEMICALS,WATCHLIST,40.01,48.06,NEUTRAL,CONCALL,44.44444444444445,,,,0.0,,,,,,,2026-07-03
BOHRAIND,OTHER,WATCHLIST,40.02,48.06,NEUTRAL,CONCALL,44.44444444444445,,,,0.0,,,,,,,2026-07-03
FOSECOIND,CHEMICALS,WATCHLIST,40.09,48.06,NEUTRAL,CONCALL,44.44444444444445,,,,0.0,,,,,,,2026-07-03
CURAA,OTHER,WATCHLIST,40.18,48.06,NEUTRAL,CONCALL,44.44444444444445,,,,0.0,,,,,,,2026-07-03
JYOTICNC,CAPITAL_GOODS,WATCHLIST,40.23,48.06,NEUTRAL,CONCALL,44.44444444444445,,,,0.0,,,,,,,2026-07-03
MSPL,METAL,WATCHLIST,40.29,48.06,NEUTRAL,CONCALL,44.44444444444445,,,,0.0,,,,,,,2026-07-03
HNDFDS,FMCG,WATCHLIST,38.91,48.06,NEUTRAL,CONCALL,44.44444444444445,,,,0.0,,,,,,,2026-07-03
ABREL,REALTY,WATCHLIST,38.97,48.06,NEUTRAL,CONCALL,44.44444444444445,,,,0.0,,,,,,,2026-07-03
WANBURY,PHARMA,WATCHLIST,39.12,48.06,NEUTRAL,CONCALL,44.44444444444445,,,,0.0,,,,,,,2026-07-03
TMCV,AUTO,WATCHLIST,39.13,48.06,NEUTRAL,CONCALL,44.44444444444445,,,,0.0,,,,,,,2026-07-03
KOHINOOR,AGRICULTURE,WATCHLIST,39.28,48.06,NEUTRAL,CONCALL,44.44444444444445,,,,0.0,,,,,,,2026-07-03
PILANIINVS,FINANCIAL_SERVICES,NEUTRAL,28.41,48.06,NEUTRAL,CONCALL,44.44444444444445,,,,0.0,,,,,,,2026-07-03
HEG,CAPITAL_GOODS,NEUTRAL,28.45,48.06,NEUTRAL,CONCALL,44.44444444444445,,,,0.0,,,,,,,2026-07-03
SUDARSCHEM,CHEMICALS,NEUTRAL,28.47,48.06,NEUTRAL,CONCALL,44.44444444444445,,,,0.0,,,,,,,2026-07-03
NESCO,REALTY,NEUTRAL,28.73,48.06,NEUTRAL,CONCALL,44.44444444444445,,,,0.0,,,,,,,2026-07-03
SRD,CHEMICALS,NEUTRAL,28.75,48.06,NEUTRAL,CONCALL,44.44444444444445,,,,0.0,,,,,,,2026-07-03
JUBLINGREA,CHEMICALS,NEUTRAL,28.76,48.06,NEUTRAL,CONCALL,44.44444444444445,,,,0.0,,,,,,,2026-07-03
INNOVISION,INFRASTRUCTURE,NEUTRAL,28.81,48.06,NEUTRAL,CONCALL,44.44444444444445,,,,0.0,,,,,,,2026-07-03
INDIAMART,RETAIL,NEUTRAL,29.58,48.06,NEUTRAL,CONCALL,44.44444444444445,,,,0.0,,,,,,,2026-07-03
LTFOODS,AGRICULTURE,NEUTRAL,29.6,48.06,NEUTRAL,CONCALL,44.44444444444445,,,,0.0,,,,,,,2026-07-03
BAJEL,CAPITAL_GOODS,WATCHLIST,41.36,48.06,NEUTRAL,CONCALL,44.44444444444445,,,,0.0,,,,,,,2026-07-03
PTCIL,POWER,WATCHLIST,41.36,48.06,NEUTRAL,CONCALL,44.44444444444445,,,,0.0,,,,,,,2026-07-03
ALLTIME,FMCG,WATCHLIST,39.59,48.06,NEUTRAL,CONCALL,44.44444444444445,,,,0.0,,,,,,,2026-07-03
INA,POWER,WATCHLIST,38.53,48.06,NEUTRAL,CONCALL,44.44444444444445,,,,0.0,,,,,,,2026-07-03
SHYAMMETL,METAL,WATCHLIST,38.67,48.06,NEUTRAL,CONCALL,44.44444444444445,,,,0.0,,,,,,,2026-07-03
IFGLEXPOR,CAPITAL_GOODS,WATCHLIST,38.75,48.06,NEUTRAL,CONCALL,44.44444444444445,,,,0.0,,,,,,,2026-07-03
MODIRUBBER,AUTO,WATCHLIST,38.82,48.06,NEUTRAL,CONCALL,44.44444444444445,,,,0.0,,,,,,,2026-07-03
UTIAMC,AMC,WATCHLIST,38.83,48.06,NEUTRAL,CONCALL,44.44444444444445,,,,0.0,,,,,,,2026-07-03
CREATIVEYE,MEDIA,WATCHLIST,37.68,48.06,NEUTRAL,CONCALL,44.44444444444445,,,,0.0,,,,,,,2026-07-03
MUNJALAU,AUTO,WATCHLIST,37.82,48.06,NEUTRAL,CONCALL,44.44444444444445,,,,0.0,,,,,,,2026-07-03
HEALTHX,HEALTHCARE,WATCHLIST,37.82,48.06,NEUTRAL,CONCALL,44.44444444444445,,,,0.0,,,,,,,2026-07-03
SPLIL,TEXTILES,WATCHLIST,37.86,48.06,NEUTRAL,CONCALL,44.44444444444445,,,,0.0,,,,,,,2026-07-03
MOBIKWIK,FINANCIAL_SERVICES,WATCHLIST,37.89,48.06,NEUTRAL,CONCALL,44.44444444444445,,,,0.0,,,,,,,2026-07-03
PARASPETRO,FINANCIAL_SERVICES,WATCHLIST,37.93,48.06,NEUTRAL,CONCALL,44.44444444444445,,,,0.0,,,,,,,2026-07-03
MADHAV,REALTY,WATCHLIST,38.02,48.06,NEUTRAL,CONCALL,44.44444444444445,,,,0.0,,,,,,,2026-07-03
PIGL,CAPITAL_GOODS,WATCHLIST,38.1,48.06,NEUTRAL,CONCALL,44.44444444444445,,,,0.0,,,,,,,2026-07-03
GRAVITA,METAL,WATCHLIST,38.14,48.06,NEUTRAL,CONCALL,44.44444444444445,,,,0.0,,,,,,,2026-07-03
AAATECH,IT,WATCHLIST,38.22,48.06,NEUTRAL,CONCALL,44.44444444444445,,,,0.0,,,,,,,2026-07-03
AHLUCONT,INFRASTRUCTURE,WATCHLIST,38.47,48.06,NEUTRAL,CONCALL,44.44444444444445,,,,0.0,,,,,,,2026-07-03
HOMEFIRST,FINANCIAL_SERVICES,WATCHLIST,37.04,48.06,NEUTRAL,CONCALL,44.44444444444445,,,,0.0,,,,,,,2026-07-03
KTKBANK,BANKING,WATCHLIST,37.07,48.06,NEUTRAL,CONCALL,44.44444444444445,,,,0.0,,,,,,,2026-07-03
INTLCONV,CAPITAL_GOODS,WATCHLIST,37.09,48.06,NEUTRAL,CONCALL,44.44444444444445,,,,0.0,,,,,,,2026-07-03
SHALBY,HEALTHCARE,WATCHLIST,43.07,48.06,NEUTRAL,CONCALL,44.44444444444445,,,,0.0,,,,,,,2026-07-03
BLUESTONE,FMCG,WATCHLIST,42.06,48.06,NEUTRAL,CONCALL,44.44444444444445,,,,0.0,,,,,,,2026-07-03
ASHAPURMIN,METAL,WATCHLIST,42.08,48.06,NEUTRAL,CONCALL,44.44444444444445,,,,0.0,,,,,,,2026-07-03
GVPIL,CAPITAL_GOODS,WATCHLIST,42.19,48.06,NEUTRAL,CONCALL,44.44444444444445,,,,0.0,,,,,,,2026-07-03
ALIVUS,PHARMA,WATCHLIST,42.31,48.06,NEUTRAL,CONCALL,44.44444444444445,,,,0.0,,,,,,,2026-07-03
SAMBHV,METAL,WATCHLIST,42.36,48.06,NEUTRAL,CONCALL,44.44444444444445,,,,0.0,,,,,,,2026-07-03
NCLIND,CEMENT,WATCHLIST,42.4,48.06,NEUTRAL,CONCALL,44.44444444444445,,,,0.0,,,,,,,2026-07-03
RELIABLE,FINANCIAL_SERVICES,WATCHLIST,42.49,48.06,NEUTRAL,CONCALL,44.44444444444445,,,,0.0,,,,,,,2026-07-03
FISCHER,HEALTHCARE,WATCHLIST,42.53,48.06,NEUTRAL,CONCALL,44.44444444444445,,,,0.0,,,,,,,2026-07-03
RAJMET,METAL,WATCHLIST,37.09,48.06,NEUTRAL,CONCALL,44.44444444444445,,,,0.0,,,,,,,2026-07-03
DIXON,REALTY,WATCHLIST,37.19,48.06,NEUTRAL,CONCALL,44.44444444444445,,,,0.0,,,,,,,2026-07-03
WEL,FMCG,WATCHLIST,37.2,48.06,NEUTRAL,CONCALL,44.44444444444445,,,,0.0,,,,,,,2026-07-03
BALRAMCHIN,FMCG,WATCHLIST,37.3,48.06,NEUTRAL,CONCALL,44.44444444444445,,,,0.0,,,,,,,2026-07-03
GKSL,HEALTHCARE,WATCHLIST,37.41,48.06,NEUTRAL,CONCALL,44.44444444444445,,,,0.0,,,,,,,2026-07-03
SHAHALLOYS,METAL,WATCHLIST,37.45,48.06,NEUTRAL,CONCALL,44.44444444444445,,,,0.0,,,,,,,2026-07-03
SBIN,BANKING,WATCHLIST,37.58,48.06,NEUTRAL,CONCALL,44.44444444444445,,,,0.0,,,,,,,2026-07-03
STYRENIX,CHEMICALS,WATCHLIST,36.32,48.06,NEUTRAL,CONCALL,44.44444444444445,,,,0.0,,,,,,,2026-07-03
TORNTPOWER,POWER,WATCHLIST,36.32,48.06,NEUTRAL,CONCALL,44.44444444444445,,,,0.0,,,,,,,2026-07-03
SOMATEX,TEXTILES,WATCHLIST,36.48,48.06,NEUTRAL,CONCALL,44.44444444444445,,,,0.0,,,,,,,2026-07-03
GUJTHEM,PHARMA,WATCHLIST,36.52,48.06,NEUTRAL,CONCALL,44.44444444444445,,,,0.0,,,,,,,2026-07-03
PRECOT,TEXTILES,WATCHLIST,36.52,48.06,NEUTRAL,CONCALL,44.44444444444445,,,,0.0,,,,,,,2026-07-03
PRECAM,AUTO,WATCHLIST,36.73,48.06,NEUTRAL,CONCALL,44.44444444444445,,,,0.0,,,,,,,2026-07-03
ANGELONE,FINANCIAL_SERVICES,WATCHLIST,36.91,48.06,NEUTRAL,CONCALL,44.44444444444445,,,,0.0,,,,,,,2026-07-03
MSUMI,AUTO,WATCHLIST,35.71,48.06,NEUTRAL,CONCALL,44.44444444444445,,,,0.0,,,,,,,2026-07-03
MITTAL,TEXTILES,WATCHLIST,35.8,48.06,NEUTRAL,CONCALL,44.44444444444445,,,,0.0,,,,,,,2026-07-03
WONDERLA,HOSPITALITY,WATCHLIST,35.83,48.06,NEUTRAL,CONCALL,44.44444444444445,,,,0.0,,,,,,,2026-07-03
UNITECH,REALTY,WATCHLIST,35.84,48.06,NEUTRAL,CONCALL,44.44444444444445,,,,0.0,,,,,,,2026-07-03
PURVA,REALTY,WATCHLIST,35.96,48.06,NEUTRAL,CONCALL,44.44444444444445,,,,0.0,,,,,,,2026-07-03
UFLEX,CHEMICALS,WATCHLIST,35.97,48.06,NEUTRAL,CONCALL,44.44444444444445,,,,0.0,,,,,,,2026-07-03
SURANAT&P,POWER,WATCHLIST,43.63,48.06,NEUTRAL,CONCALL,44.44444444444445,,,,0.0,,,,,,,2026-07-03
WINDLAS,PHARMA,WATCHLIST,43.84,48.06,NEUTRAL,CONCALL,44.44444444444445,,,,0.0,,,,,,,2026-07-03
YESBANK,BANKING,WATCHLIST,43.91,48.06,NEUTRAL,CONCALL,44.44444444444445,,,,0.0,,,,,,,2026-07-03
ZYDUSWELL,FMCG,WATCHLIST,42.55,48.06,NEUTRAL,CONCALL,44.44444444444445,,,,0.0,,,,,,,2026-07-03
APTUS,FINANCIAL_SERVICES,WATCHLIST,42.64,48.06,NEUTRAL,CONCALL,44.44444444444445,,,,0.0,,,,,,,2026-07-03
NAZARA,IT,WATCHLIST,42.64,48.06,NEUTRAL,CONCALL,44.44444444444445,,,,0.0,,,,,,,2026-07-03
GEOJITFSL,FINANCIAL_SERVICES,WATCHLIST,42.66,48.06,NEUTRAL,CONCALL,44.44444444444445,,,,0.0,,,,,,,2026-07-03
PARACABLES,CAPITAL_GOODS,WATCHLIST,42.84,48.06,NEUTRAL,CONCALL,44.44444444444445,,,,0.0,,,,,,,2026-07-03
REDINGTON,IT,WATCHLIST,42.86,48.06,NEUTRAL,CONCALL,44.44444444444445,,,,0.0,,,,,,,2026-07-03
ADL,REALTY,WATCHLIST,35.98,48.06,NEUTRAL,CONCALL,44.44444444444445,,,,0.0,,,,,,,2026-07-03
JMA,AUTO,WATCHLIST,36.08,48.06,NEUTRAL,CONCALL,44.44444444444445,,,,0.0,,,,,,,2026-07-03
AKG,OTHER,WATCHLIST,36.1,48.06,NEUTRAL,CONCALL,44.44444444444445,,,,0.0,,,,,,,2026-07-03
ESCORTS,AUTO,WATCHLIST,36.16,48.06,NEUTRAL,CONCALL,44.44444444444445,,,,0.0,,,,,,,2026-07-03
DNAMEDIA,MEDIA,WATCHLIST,36.27,48.06,NEUTRAL,CONCALL,44.44444444444445,,,,0.0,,,,,,,2026-07-03
CARERATING,FINANCIAL_SERVICES,WATCHLIST,35.14,48.06,NEUTRAL,CONCALL,44.44444444444445,,,,0.0,,,,,,,2026-07-03
ALPA,PHARMA,WATCHLIST,35.15,48.06,NEUTRAL,CONCALL,44.44444444444445,,,,0.0,,,,,,,2026-07-03
ISFT,RETAIL,WATCHLIST,35.19,48.06,NEUTRAL,CONCALL,44.44444444444445,,,,0.0,,,,,,,2026-07-03
VENTIVE,HOSPITALITY,WATCHLIST,35.28,48.06,NEUTRAL,CONCALL,44.44444444444445,,,,0.0,,,,,,,2026-07-03
BBOX,IT,WATCHLIST,35.29,48.06,NEUTRAL,CONCALL,44.44444444444445,,,,0.0,,,,,,,2026-07-03
BSE,FINANCIAL_SERVICES,WATCHLIST,35.32,48.06,NEUTRAL,CONCALL,44.44444444444445,,,,0.0,,,,,,,2026-07-03
RISHABH,CAPITAL_GOODS,WATCHLIST,44.42,48.06,NEUTRAL,CONCALL,44.44444444444445,,,,0.0,,,,,,,2026-07-03
LTF,FINANCIAL_SERVICES,WATCHLIST,44.44,48.06,NEUTRAL,CONCALL,44.44444444444445,,,,0.0,,,,,,,2026-07-03
AMIRCHAND,AGRICULTURE,WATCHLIST,44.72,48.06,NEUTRAL,CONCALL,44.44444444444445,,,,0.0,,,,,,,2026-07-03
FINKURVE,FINANCIAL_SERVICES,WATCHLIST,43.08,48.06,NEUTRAL,CONCALL,44.44444444444445,,,,0.0,,,,,,,2026-07-03
CPEDU,HEALTHCARE,WATCHLIST,43.09,48.06,NEUTRAL,CONCALL,44.44444444444445,,,,0.0,,,,,,,2026-07-03
APLLTD,PHARMA,WATCHLIST,43.16,48.06,NEUTRAL,CONCALL,44.44444444444445,,,,0.0,,,,,,,2026-07-03
HDBFS,FINANCIAL_SERVICES,WATCHLIST,43.27,48.06,NEUTRAL,CONCALL,44.44444444444445,,,,0.0,,,,,,,2026-07-03
TATACAP,FINANCIAL_SERVICES,WATCHLIST,43.52,48.06,NEUTRAL,CONCALL,44.44444444444445,,,,0.0,,,,,,,2026-07-03
GANDHAR,ENERGY,WATCHLIST,43.53,48.06,NEUTRAL,CONCALL,44.44444444444445,,,,0.0,,,,,,,2026-07-03
FCL,CHEMICALS,WATCHLIST,43.53,48.06,NEUTRAL,CONCALL,44.44444444444445,,,,0.0,,,,,,,2026-07-03
ADVAIT,CAPITAL_GOODS,WATCHLIST,43.54,48.06,NEUTRAL,CONCALL,44.44444444444445,,,,0.0,,,,,,,2026-07-03
NPST,IT,WATCHLIST,43.6,48.06,NEUTRAL,CONCALL,44.44444444444445,,,,0.0,,,,,,,2026-07-03
FEDFINA,FINANCIAL_SERVICES,WATCHLIST,35.6,48.06,NEUTRAL,CONCALL,44.44444444444445,,,,0.0,,,,,,,2026-07-03
VIRINCHI,IT,WATCHLIST,30.02,48.06,NEUTRAL,CONCALL,44.44444444444445,,,,0.0,,,,,,,2026-07-03
TATASTEEL,METAL,WATCHLIST,30.03,48.06,NEUTRAL,CONCALL|NEWS,44.44444444444445,,50.0,,0.0,,,0.0,NEUTRAL,1.0,,2026-07-03
SEPC,INFRASTRUCTURE,WATCHLIST,30.28,48.06,NEUTRAL,CONCALL,44.44444444444445,,,,0.0,,,,,,,2026-07-03
BANKINDIA,BANKING,WATCHLIST,30.56,48.06,NEUTRAL,CONCALL,44.44444444444445,,,,0.0,,,,,,,2026-07-03
AFFLE,IT,WATCHLIST,30.57,48.06,NEUTRAL,CONCALL,44.44444444444445,,,,0.0,,,,,,,2026-07-03
SAIPARENT,PHARMA,WATCHLIST,44.92,48.06,NEUTRAL,CONCALL,44.44444444444445,,,,0.0,,,,,,,2026-07-03
ESAFSFB,BANKING,EMERGING,45.09,48.06,NEUTRAL,CONCALL,44.44444444444445,,,,0.0,,,,,,,2026-07-03
RBZJEWEL,FMCG,EMERGING,45.1,48.06,NEUTRAL,CONCALL,44.44444444444445,,,,0.0,,,,,,,2026-07-03
BASML,TEXTILES,EMERGING,45.2,48.06,NEUTRAL,CONCALL,44.44444444444445,,,,0.0,,,,,,,2026-07-03
JINDALSAW,METAL,WATCHLIST,44.01,48.06,NEUTRAL,CONCALL,44.44444444444445,,,,0.0,,,,,,,2026-07-03
BFINVEST,FINANCIAL_SERVICES,WATCHLIST,44.08,48.06,NEUTRAL,CONCALL,44.44444444444445,,,,0.0,,,,,,,2026-07-03
SHIVAUM,METAL,WATCHLIST,44.09,48.06,NEUTRAL,CONCALL,44.44444444444445,,,,0.0,,,,,,,2026-07-03
ARCHIES,FMCG,WATCHLIST,34.59,48.06,NEUTRAL,CONCALL,44.44444444444445,,,,0.0,,,,,,,2026-07-03
SUMEETINDS,REALTY,WATCHLIST,34.63,48.06,NEUTRAL,CONCALL,44.44444444444445,,,,0.0,,,,,,,2026-07-03
HINDOILEXP,ENERGY,WATCHLIST,34.81,48.06,NEUTRAL,CONCALL,44.44444444444445,,,,0.0,,,,,,,2026-07-03
ARIHANTSUP,REALTY,WATCHLIST,34.87,48.06,NEUTRAL,CONCALL,44.44444444444445,,,,0.0,,,,,,,2026-07-03
PANSARI,REALTY,WATCHLIST,34.95,48.06,NEUTRAL,CONCALL,44.44444444444445,,,,0.0,,,,,,,2026-07-03
TIINDIA,AUTO,WATCHLIST,35.02,48.06,NEUTRAL,CONCALL,44.44444444444445,,,,0.0,,,,,,,2026-07-03
ACCURACY,LOGISTICS,WATCHLIST,35.02,48.06,NEUTRAL,CONCALL,44.44444444444445,,,,0.0,,,,,,,2026-07-03
TNTELE,RETAIL,WATCHLIST,35.04,48.06,NEUTRAL,CONCALL,44.44444444444445,,,,0.0,,,,,,,2026-07-03
TRANSRAILL,CAPITAL_GOODS,WATCHLIST,35.12,48.06,NEUTRAL,CONCALL,44.44444444444445,,,,0.0,,,,,,,2026-07-03
SSDL,TEXTILES,WATCHLIST,33.74,48.06,NEUTRAL,CONCALL,44.44444444444445,,,,0.0,,,,,,,2026-07-03
GOLDIAM,FMCG,EMERGING,45.42,48.06,NEUTRAL,CONCALL,44.44444444444445,,,,0.0,,,,,,,2026-07-03
EIEL,CAPITAL_GOODS,WATCHLIST,44.77,48.06,NEUTRAL,CONCALL,44.44444444444445,,,,0.0,,,,,,,2026-07-03
ANUP,CAPITAL_GOODS,WATCHLIST,44.78,48.06,NEUTRAL,CONCALL,44.44444444444445,,,,0.0,,,,,,,2026-07-03
AGI,CHEMICALS,WATCHLIST,44.83,48.06,NEUTRAL,CONCALL,44.44444444444445,,,,0.0,,,,,,,2026-07-03
BLAL,FINANCIAL_SERVICES,WATCHLIST,33.75,48.06,NEUTRAL,CONCALL,44.44444444444445,,,,0.0,,,,,,,2026-07-03
MAXIND,FINANCIAL_SERVICES,WATCHLIST,33.85,48.06,NEUTRAL,CONCALL,44.44444444444445,,,,0.0,,,,,,,2026-07-03
MONEYBOXX,FINANCIAL_SERVICES,WATCHLIST,33.86,48.06,NEUTRAL,CONCALL,44.44444444444445,,,,0.0,,,,,,,2026-07-03
ORIENTALTL,REALTY,WATCHLIST,33.91,48.06,NEUTRAL,CONCALL,44.44444444444445,,,,0.0,,,,,,,2026-07-03
DCW,CHEMICALS,WATCHLIST,33.92,48.06,NEUTRAL,CONCALL,44.44444444444445,,,,0.0,,,,,,,2026-07-03
VIKASLIFE,CHEMICALS,WATCHLIST,33.98,48.06,NEUTRAL,CONCALL,44.44444444444445,,,,0.0,,,,,,,2026-07-03
BCG,IT,WATCHLIST,34.04,48.06,NEUTRAL,CONCALL,44.44444444444445,,,,0.0,,,,,,,2026-07-03
HEADSUP,TEXTILES,WATCHLIST,34.2,48.06,NEUTRAL,CONCALL,44.44444444444445,,,,0.0,,,,,,,2026-07-03
ANTGRAPHIC,CHEMICALS,WATCHLIST,34.32,48.06,NEUTRAL,CONCALL,44.44444444444445,,,,0.0,,,,,,,2026-07-03
LAXMIDENTL,HEALTHCARE,WATCHLIST,34.36,48.06,NEUTRAL,CONCALL,44.44444444444445,,,,0.0,,,,,,,2026-07-03
ARE&M,AUTO,WATCHLIST,32.96,48.06,NEUTRAL,CONCALL,44.44444444444445,,,,0.0,,,,,,,2026-07-03
MANYAVAR,RETAIL,WATCHLIST,33.07,48.06,NEUTRAL,CONCALL,44.44444444444445,,,,0.0,,,,,,,2026-07-03
ONEPOINT,IT,WATCHLIST,33.14,48.06,NEUTRAL,CONCALL,44.44444444444445,,,,0.0,,,,,,,2026-07-03
SELMC,CAPITAL_GOODS,WATCHLIST,33.33,48.06,NEUTRAL,CONCALL,44.44444444444445,,,,0.0,,,,,,,2026-07-03
BESTAGRO,CHEMICALS,WATCHLIST,33.34,48.06,NEUTRAL,CONCALL,44.44444444444445,,,,0.0,,,,,,,2026-07-03
AIRAN,IT,WATCHLIST,33.34,48.06,NEUTRAL,CONCALL,44.44444444444445,,,,0.0,,,,,,,2026-07-03
AFSL,FINANCIAL_SERVICES,WATCHLIST,33.35,48.06,NEUTRAL,CONCALL,44.44444444444445,,,,0.0,,,,,,,2026-07-03
ORCHASP,IT,WATCHLIST,33.61,48.06,NEUTRAL,CONCALL,44.44444444444445,,,,0.0,,,,,,,2026-07-03
MASTEK,IT,WATCHLIST,33.67,48.06,NEUTRAL,CONCALL,44.44444444444445,,,,0.0,,,,,,,2026-07-03
VIVIDHA,TEXTILES,WATCHLIST,33.69,48.06,NEUTRAL,CONCALL,44.44444444444445,,,,0.0,,,,,,,2026-07-03
ESTER,CHEMICALS,WATCHLIST,32.42,48.06,NEUTRAL,CONCALL,44.44444444444445,,,,0.0,,,,,,,2026-07-03
ESSARSHPNG,LOGISTICS,WATCHLIST,32.44,48.06,NEUTRAL,CONCALL,44.44444444444445,,,,0.0,,,,,,,2026-07-03
STARHEALTH,FINANCIAL_SERVICES,EMERGING,45.87,48.06,NEUTRAL,CONCALL,44.44444444444445,,,,0.0,,,,,,,2026-07-03
RADICO,FMCG,EMERGING,45.9,48.06,NEUTRAL,CONCALL,44.44444444444445,,,,0.0,,,,,,,2026-07-03
OMFREIGHT,LOGISTICS,EMERGING,45.94,48.06,NEUTRAL,CONCALL,44.44444444444445,,,,0.0,,,,,,,2026-07-03
KIRLOSIND,CAPITAL_GOODS,EMERGING,46.04,48.06,NEUTRAL,CONCALL,44.44444444444445,,,,0.0,,,,,,,2026-07-03
SFL,REALTY,EMERGING,46.05,48.06,NEUTRAL,CONCALL,44.44444444444445,,,,0.0,,,,,,,2026-07-03
BELRISE,CAPITAL_GOODS,EMERGING,45.33,48.06,NEUTRAL,CONCALL,44.44444444444445,,,,0.0,,,,,,,2026-07-03
MACPOWER,CAPITAL_GOODS,EMERGING,45.4,48.06,NEUTRAL,CONCALL,44.44444444444445,,,,0.0,,,,,,,2026-07-03
GRINDWELL,CAPITAL_GOODS,EMERGING,45.4,48.06,NEUTRAL,CONCALL,44.44444444444445,,,,0.0,,,,,,,2026-07-03
RANASUG,FMCG,WATCHLIST,32.61,48.06,NEUTRAL,CONCALL,44.44444444444445,,,,0.0,,,,,,,2026-07-03
GLENMARK,PHARMA,WATCHLIST,32.62,48.06,NEUTRAL,CONCALL,44.44444444444445,,,,0.0,,,,,,,2026-07-03
HPL,CAPITAL_GOODS,WATCHLIST,32.8,48.06,NEUTRAL,CONCALL,44.44444444444445,,,,0.0,,,,,,,2026-07-03
FIRSTCRY,RETAIL,WATCHLIST,32.89,48.06,NEUTRAL,CONCALL,44.44444444444445,,,,0.0,,,,,,,2026-07-03
ISHANCH,CHEMICALS,WATCHLIST,31.77,48.06,NEUTRAL,CONCALL,44.44444444444445,,,,0.0,,,,,,,2026-07-03
VINATIORGA,CHEMICALS,WATCHLIST,31.77,48.06,NEUTRAL,CONCALL,44.44444444444445,,,,0.0,,,,,,,2026-07-03
INDIANB,BANKING,WATCHLIST,31.8,48.06,NEUTRAL,CONCALL,44.44444444444445,,,,0.0,,,,,,,2026-07-03
ZAGGLE,IT,WATCHLIST,31.81,48.06,NEUTRAL,CONCALL,44.44444444444445,,,,0.0,,,,,,,2026-07-03
SNOWMAN,LOGISTICS,WATCHLIST,31.84,48.06,NEUTRAL,CONCALL,44.44444444444445,,,,0.0,,,,,,,2026-07-03
LYPSAGEMS,FMCG,WATCHLIST,31.86,48.06,NEUTRAL,CONCALL,44.44444444444445,,,,0.0,,,,,,,2026-07-03
CROMPTON,FMCG,WATCHLIST,31.93,48.06,NEUTRAL,CONCALL,44.44444444444445,,,,0.0,,,,,,,2026-07-03
ASKAUTOLTD,AUTO,WATCHLIST,31.96,48.06,NEUTRAL,CONCALL,44.44444444444445,,,,0.0,,,,,,,2026-07-03
PNB,BANKING,WATCHLIST,31.99,48.06,NEUTRAL,CONCALL,44.44444444444445,,,,0.0,,,,,,,2026-07-03
POLICYBZR,FINANCIAL_SERVICES,WATCHLIST,32.22,48.06,NEUTRAL,CONCALL,44.44444444444445,,,,0.0,,,,,,,2026-07-03
IEX,FINANCIAL_SERVICES,WATCHLIST,32.34,48.06,NEUTRAL,CONCALL,44.44444444444445,,,,0.0,,,,,,,2026-07-03
TMPV,AUTO,WATCHLIST,30.92,48.06,NEUTRAL,CONCALL,44.44444444444445,,,,0.0,,,,,,,2026-07-03
BAJAJHIND,FMCG,WATCHLIST,30.94,48.06,NEUTRAL,CONCALL,44.44444444444445,,,,0.0,,,,,,,2026-07-03
BALPHARMA,PHARMA,WATCHLIST,31.01,48.06,NEUTRAL,CONCALL,44.44444444444445,,,,0.0,,,,,,,2026-07-03
SIRCA,CHEMICALS,WATCHLIST,31.01,48.06,NEUTRAL,CONCALL,44.44444444444445,,,,0.0,,,,,,,2026-07-03
ANANDRATHI,FINANCIAL_SERVICES,WATCHLIST,31.06,48.06,NEUTRAL,CONCALL,44.44444444444445,,,,0.0,,,,,,,2026-07-03
NUVOCO,CEMENT,WATCHLIST,31.08,48.06,NEUTRAL,CONCALL,44.44444444444445,,,,0.0,,,,,,,2026-07-03
SANGHVIMOV,CAPITAL_GOODS,EMERGING,47.27,48.06,NEUTRAL,CONCALL,44.44444444444445,,,,0.0,,,,,,,2026-07-03
VARROC,AUTO,EMERGING,46.09,48.06,NEUTRAL,CONCALL,44.44444444444445,,,,0.0,,,,,,,2026-07-03
GABRIEL,AUTO,EMERGING,46.28,48.06,NEUTRAL,CONCALL,44.44444444444445,,,,0.0,,,,,,,2026-07-03
STEELXIND,METAL,EMERGING,46.34,48.06,NEUTRAL,CONCALL,44.44444444444445,,,,0.0,,,,,,,2026-07-03
MMTC,DIVERSIFIED,EMERGING,46.56,48.06,NEUTRAL,CONCALL,44.44444444444445,,,,0.0,,,,,,,2026-07-03
CREDITACC,FINANCIAL_SERVICES,EMERGING,46.6,48.06,NEUTRAL,CONCALL,44.44444444444445,,,,0.0,,,,,,,2026-07-03
MEDANTA,HEALTHCARE,EMERGING,46.64,48.06,NEUTRAL,CONCALL,44.44444444444445,,,,0.0,,,,,,,2026-07-03
DIACABS,FINANCIAL_SERVICES,EMERGING,46.66,48.06,NEUTRAL,CONCALL,44.44444444444445,,,,0.0,,,,,,,2026-07-03
UNIPARTS,AUTO,EMERGING,46.69,48.06,NEUTRAL,CONCALL,44.44444444444445,,,,0.0,,,,,,,2026-07-03
CONFIPET,ENERGY,EMERGING,45.77,48.06,NEUTRAL,CONCALL,44.44444444444445,,,,0.0,,,,,,,2026-07-03
ABCAPITAL,FINANCIAL_SERVICES,EMERGING,45.77,48.06,NEUTRAL,CONCALL,44.44444444444445,,,,0.0,,,,,,,2026-07-03
JYOTHYLAB,FMCG,NEUTRAL,26.78,48.06,NEUTRAL,CONCALL,44.44444444444445,,,,0.0,,,,,,,2026-07-03
PAKKA,CHEMICALS,NEUTRAL,26.78,48.06,NEUTRAL,CONCALL,44.44444444444445,,,,0.0,,,,,,,2026-07-03
ATHERENERG,AUTO,EMERGING,50.18,48.06,NEUTRAL,CONCALL,44.44444444444445,,,,0.0,,,,,,,2026-07-03
AMAGI,IT,EMERGING,46.94,48.06,NEUTRAL,CONCALL,44.44444444444445,,,,0.0,,,,,,,2026-07-03
OLECTRA,AUTO,EMERGING,47.08,48.06,NEUTRAL,CONCALL,44.44444444444445,,,,0.0,,,,,,,2026-07-03
WEWORK,REALTY,EMERGING,47.14,48.06,NEUTRAL,CONCALL,44.44444444444445,,,,0.0,,,,,,,2026-07-03
GLAND,PHARMA,EMERGING,47.16,48.06,NEUTRAL,CONCALL,44.44444444444445,,,,0.0,,,,,,,2026-07-03
ACEINTEG,DEFENCE,EMERGING,49.1,48.06,NEUTRAL,CONCALL,44.44444444444445,,,,0.0,,,,,,,2026-07-03
PGIL,TEXTILES,EMERGING,49.28,48.06,NEUTRAL,CONCALL,44.44444444444445,,,,0.0,,,,,,,2026-07-03
SENORES,PHARMA,EMERGING,49.64,48.06,NEUTRAL,CONCALL,44.44444444444445,,,,0.0,,,,,,,2026-07-03
RATEGAIN,IT,EMERGING,49.8,48.06,NEUTRAL,CONCALL,44.44444444444445,,,,0.0,,,,,,,2026-07-03
BORORENEW,CAPITAL_GOODS,EMERGING,47.35,48.06,NEUTRAL,CONCALL,44.44444444444445,,,,0.0,,,,,,,2026-07-03
CLEANMAX,POWER,EMERGING,47.59,48.06,NEUTRAL,CONCALL,44.44444444444445,,,,0.0,,,,,,,2026-07-03
BLUESTARCO,FMCG,WATCHLIST,31.16,48.06,NEUTRAL,CONCALL,44.44444444444445,,,,0.0,,,,,,,2026-07-03
TEAMGTY,FINANCIAL_SERVICES,WATCHLIST,31.23,48.06,NEUTRAL,CONCALL,44.44444444444445,,,,0.0,,,,,,,2026-07-03
DELPHIFX,FINANCIAL_SERVICES,NEUTRAL,27.47,48.06,NEUTRAL,CONCALL,44.44444444444445,,,,0.0,,,,,,,2026-07-03
SATIA,CHEMICALS,NEUTRAL,27.34,48.06,NEUTRAL,CONCALL,44.44444444444445,,,,0.0,,,,,,,2026-07-03
PARAS,DEFENCE,EMERGING,53.13,47.51,NEUTRAL,CONCALL||DEALS,44.44444444444445,,,47.27979274611399,0.0,,,,,,0.0,2026-07-03
DIVGIITTS,DEFENCE,EMERGING,50.62,47.51,NEUTRAL,CONCALL||DEALS,44.44444444444445,,,47.27979274611399,0.0,,,,,,0.0,2026-07-03
CARTRADE,RETAIL,EMERGING,49.81,47.51,NEUTRAL,CONCALL||DEALS,44.44444444444445,,,47.27979274611399,0.0,,,,,,0.0,2026-07-03
MFML,TEXTILES,WATCHLIST,31.16,47.51,NEUTRAL,CONCALL||DEALS,44.44444444444445,,,47.27979274611399,0.0,,,,,,0.0,2026-07-03
GENUSPOWER,INFRASTRUCTURE,WATCHLIST,33.15,47.51,NEUTRAL,CONCALL||DEALS,44.44444444444445,,,47.27979274611399,0.0,,,,,,0.0,2026-07-03
RITES,INFRASTRUCTURE,WATCHLIST,34.32,47.51,NEUTRAL,CONCALL||DEALS,44.44444444444445,,,47.27979274611399,0.0,,,,,,0.0,2026-07-03
UNIECOM,HEALTHCARE,WATCHLIST,34.97,47.51,NEUTRAL,CONCALL||DEALS,44.44444444444445,,,47.27979274611399,0.0,,,,,,0.0,2026-07-03
BEL,DEFENCE,WATCHLIST,34.94,47.51,NEUTRAL,CONCALL||DEALS,44.44444444444445,,,47.27979274611399,0.0,,,,,,0.0,2026-07-03
BALUFORGE,CAPITAL_GOODS,WATCHLIST,30.34,47.51,NEUTRAL,CONCALL||DEALS,44.44444444444445,,,47.27979274611399,0.0,,,,,,0.0,2026-07-03
MASTERTR,FINANCIAL_SERVICES,NEUTRAL,29.81,47.51,NEUTRAL,CONCALL||DEALS,44.44444444444445,,,47.27979274611399,0.0,,,,,,0.0,2026-07-03
MODIS,REALTY,WATCHLIST,35.29,47.51,NEUTRAL,CONCALL||DEALS,44.44444444444445,,,47.27979274611399,0.0,,,,,,0.0,2026-07-03
FABTECH,HEALTHCARE,WATCHLIST,35.77,47.51,NEUTRAL,CONCALL||DEALS,44.44444444444445,,,47.27979274611399,0.0,,,,,,0.0,2026-07-03
ABCOTS,TEXTILES,WATCHLIST,36.76,47.51,NEUTRAL,CONCALL||DEALS,44.44444444444445,,,47.27979274611399,0.0,,,,,,0.0,2026-07-03
IRIS,IT,WATCHLIST,37.22,47.51,NEUTRAL,CONCALL||DEALS,44.44444444444445,,,47.27979274611399,0.0,,,,,,0.0,2026-07-03
PNGSREVA,FMCG,WATCHLIST,38.23,47.51,NEUTRAL,CONCALL||DEALS,44.44444444444445,,,47.27979274611399,0.0,,,,,,0.0,2026-07-03
LT,INFRASTRUCTURE,WATCHLIST,38.23,47.51,NEUTRAL,CONCALL||DEALS,44.44444444444445,,,47.27979274611399,0.0,,,,,,0.0,2026-07-03
INFOBEAN,IT,WATCHLIST,38.83,47.51,NEUTRAL,CONCALL||DEALS,44.44444444444445,,,47.27979274611399,0.0,,,,,,0.0,2026-07-03
PACEDIGITK,TELECOM,WATCHLIST,38.61,47.51,NEUTRAL,CONCALL||DEALS,44.44444444444445,,,47.27979274611399,0.0,,,,,,0.0,2026-07-03
VISL,OTHER,WATCHLIST,39.25,47.51,NEUTRAL,CONCALL||DEALS,44.44444444444445,,,47.27979274611399,0.0,,,,,,0.0,2026-07-03
SIGNPOST,MEDIA,WATCHLIST,40.28,47.51,NEUTRAL,CONCALL||DEALS,44.44444444444445,,,47.27979274611399,0.0,,,,,,0.0,2026-07-03
MCLOUD,IT,WATCHLIST,40.79,47.51,NEUTRAL,CONCALL||DEALS,44.44444444444445,,,47.27979274611399,0.0,,,,,,0.0,2026-07-03
VIKRAN,CAPITAL_GOODS,WATCHLIST,40.5,47.51,NEUTRAL,CONCALL||DEALS,44.44444444444445,,,47.27979274611399,0.0,,,,,,0.0,2026-07-03
AVG,LOGISTICS,WATCHLIST,41.83,47.51,NEUTRAL,CONCALL||DEALS,44.44444444444445,,,47.27979274611399,0.0,,,,,,0.0,2026-07-03
AHCL,PHARMA,WATCHLIST,42.07,47.51,NEUTRAL,CONCALL||DEALS,44.44444444444445,,,47.27979274611399,0.0,,,,,,0.0,2026-07-03
IVALUE,IT,WATCHLIST,42.34,47.51,NEUTRAL,CONCALL||DEALS,44.44444444444445,,,47.27979274611399,0.0,,,,,,0.0,2026-07-03
UNIVASTU,INFRASTRUCTURE,WATCHLIST,43.78,47.51,NEUTRAL,CONCALL||DEALS,44.44444444444445,,,47.27979274611399,0.0,,,,,,0.0,2026-07-03
RATNAVEER,METAL,EMERGING,45.73,47.51,NEUTRAL,CONCALL||DEALS,44.44444444444445,,,47.27979274611399,0.0,,,,,,0.0,2026-07-03
RPPL,CHEMICALS,WATCHLIST,44.93,47.51,NEUTRAL,CONCALL||DEALS,44.44444444444445,,,47.27979274611399,0.0,,,,,,0.0,2026-07-03
DPWIRES,METAL,WATCHLIST,44.25,47.51,NEUTRAL,CONCALL||DEALS,44.44444444444445,,,47.27979274611399,0.0,,,,,,0.0,2026-07-03
TICL,REALTY,NEUTRAL,28.25,47.51,NEUTRAL,CONCALL||DEALS,44.44444444444445,,,47.27979274611399,0.0,,,,,,0.0,2026-07-03
DAVANGERE,FMCG,NEUTRAL,27.76,47.51,NEUTRAL,CONCALL||DEALS,44.44444444444445,,,47.27979274611399,0.0,,,,,,0.0,2026-07-03
LEMERITE,TEXTILES,NEUTRAL,27.71,47.51,NEUTRAL,CONCALL||DEALS,44.44444444444445,,,47.27979274611399,0.0,,,,,,0.0,2026-07-03
PPL,CAPITAL_GOODS,EMERGING,46.0,47.51,NEUTRAL,CONCALL||DEALS,44.44444444444445,,,47.27979274611399,0.0,,,,,,0.0,2026-07-03
PATELRMART,RETAIL,EMERGING,45.79,47.51,NEUTRAL,CONCALL||DEALS,44.44444444444445,,,47.27979274611399,0.0,,,,,,0.0,2026-07-03
KRISHNADEF,DEFENCE,EMERGING,46.35,47.51,NEUTRAL,CONCALL||DEALS,44.44444444444445,,,47.27979274611399,0.0,,,,,,0.0,2026-07-03
SKYGOLD,FMCG,EMERGING,46.18,47.51,NEUTRAL,CONCALL||DEALS,44.44444444444445,,,47.27979274611399,0.0,,,,,,0.0,2026-07-03
LAL,TEXTILES,EMERGING,47.44,47.51,NEUTRAL,CONCALL||DEALS,44.44444444444445,,,47.27979274611399,0.0,,,,,,0.0,2026-07-03
CHEMPLASTS,CHEMICALS,AVOID,14.54,40.21,SELL,DEALS,,,,1.0362694300518136,,,,,,,-0.0053000000000054,2026-07-03
PRESTIGE,REALTY,WATCHLIST,43.83,40.0,SELL,NEWS,,,0.0,,,,,-1.0,BEARISH,1.0,,2026-07-03
MUTHOOTFIN,FINANCIAL_SERVICES,NEUTRAL,29.18,40.0,SELL,NEWS,,,0.0,,,,,-1.0,BEARISH,1.0,,2026-07-03
IRCTC,CAPITAL_GOODS,NEUTRAL,29.12,40.0,SELL,NEWS,,,0.0,,,,,-1.0,BEARISH,1.0,,2026-07-03
RELIANCE,ENERGY,NEUTRAL,27.76,39.46,SELL,NEWS|DEALS,,,0.0,47.27979274611399,,,,-1.0,BEARISH,1.0,0.0,2026-07-03
ALLCARGO,LOGISTICS,AVOID,14.33,38.21,SELL,CONCALL||DEALS,44.44444444444445,,,0.7772020725388601,0.0,,,,,,-15.0642,2026-07-03
FINPIPE,CHEMICALS,NEUTRAL,18.3,38.16,SELL,CONCALL||DEALS,44.44444444444445,,,0.5181347150259068,0.0,,,,,,-72.4662,2026-07-03
PINELABS,FINANCIAL_SERVICES,NEUTRAL,27.36,38.11,SELL,CONCALL||DEALS,44.44444444444445,,,0.2590673575129534,0.0,,,,,,-115.1109,2026-07-03
