date,AGRICULTURE,AMC,AUTO,AVIATION,BANKING,CAPITAL_GOODS,CEMENT,CHEMICALS,DEFENCE,DIVERSIFIED,ENERGY,FINANCIAL_SERVICES,FMCG,HEALTHCARE,HOSPITALITY,INFRASTRUCTURE,IT,LOGISTICS,MEDIA,METAL,PHARMA,POWER,REALTY,RETAIL,TELECOM,TEXTILES,MOMENTUM,SIZE,VALUE
2025-08-13,0.007185,-0.002208,0.011591,0.005057,-0.001058,0.007976,-0.000154,0.005068,0.025019,-0.002407,-0.00485,0.008333,0.000914,0.006405,0.020701,-1.4e-05,0.001146,-0.002666,0.010456,0.020254,0.014582,-0.003783,0.00707,0.01578,-0.006356,0.002391,0.001109,0.001039,-0.000243
2025-08-14,-0.027273,0.00528,-0.000445,0.004194,-0.002286,-0.007353,0.000281,-0.008246,-0.006983,-0.015621,-0.010655,0.004273,-0.001549,0.00056,-0.010905,-0.001297,-0.000281,-0.010872,-0.005383,-0.015309,0.000988,-0.01573,-0.000854,-0.000243,-0.010522,-0.003718,-0.000312,0.001259,-0.001308
2025-08-18,0.000515,0.037388,0.031559,0.017819,0.012998,0.015289,0.023485,0.006074,0.01273,-0.000766,0.011953,0.01838,0.015918,0.006877,0.01371,0.009851,0.00176,0.006747,0.000152,0.008042,0.001762,0.006982,0.02141,0.017236,0.022524,0.031855,-0.000115,-0.000934,-0.002765
2025-08-19,0.018173,0.025771,0.019722,-0.007281,0.008638,0.013529,0.004055,0.008917,-0.013233,0.019788,0.008748,0.003948,0.009101,0.004412,0.004834,0.010983,0.005482,0.020635,0.012433,0.00974,0.003071,0.008628,0.006604,0.018682,0.015263,0.025809,0.000559,-7.1e-05,0.001401
2025-08-20,-0.000971,-0.004092,-0.002294,0.017469,-0.001896,0.005841,0.005696,0.001003,-0.002095,-0.002555,0.006273,-0.000811,0.012438,0.001718,0.025695,-0.004042,0.01756,0.000805,-0.003232,0.003953,-0.002139,0.005807,0.004579,0.006747,0.009668,0.005294,0.000983,-0.001067,0.000365
2025-08-21,-0.015357,-0.008586,-0.002417,-0.006192,0.003261,0.001287,-0.000981,-0.002937,0.004528,-0.006545,-0.003002,8.8e-05,-0.002457,-0.004913,0.006792,0.001413,0.001119,-0.002518,0.00262,0.001588,0.004512,0.000982,0.003957,0.002501,0.004666,-0.008925,0.0002,-0.002223,0.000605
2025-08-22,-0.033969,0.001096,-0.0057,-0.001984,-0.010649,-0.000552,-0.025426,-0.00202,0.001603,-0.008081,-0.003671,-0.002889,-0.004187,-0.002965,-0.005318,-0.001889,-0.0055,-0.006845,0.017544,-0.004634,0.002731,-0.001057,-0.005339,0.001229,0.014493,-0.006721,0.001278,-0.000436,-0.000337
2025-08-25,0.005414,-0.015069,0.114498,-0.011169,-0.010807,-0.005176,0.007737,0.001791,-0.014046,0.009909,0.008059,-0.000258,-0.000932,0.001403,0.011992,0.000692,0.017725,0.002139,-0.006451,0.004475,-0.002754,0.000199,0.002548,-0.001417,-0.001302,0.016789,-0.000854,0.012651,-0.00771
2025-08-26,0.02297,-0.009025,-0.0076,-0.011182,-0.019925,-0.015216,-0.001722,-0.016501,-0.026006,-0.008805,-0.019174,-0.019361,-0.011154,-0.012326,-0.014507,-0.013165,-0.015311,-0.020236,-0.007409,-0.020652,-0.012821,-0.016196,-0.01909,-0.006364,-0.030771,-0.020812,-0.002289,0.001367,-0.001602
2025-08-28,-0.025602,-0.03512,-0.004836,-0.054718,-0.0135,-0.005889,-0.00424,-0.010577,-0.023605,-0.003493,-0.012363,-0.017856,-0.00633,-0.00682,-0.003711,-0.014086,-0.014517,-0.009397,-0.003715,-0.010221,-0.009761,-0.011963,-0.013775,-0.021381,-0.021708,0.012857,0.000276,0.000584,0.001257
2025-08-29,-0.011175,-0.01227,0.000153,-0.013864,-0.003279,0.000229,-0.002872,-0.002759,0.000451,0.000511,-0.006978,-0.006227,0.003501,-0.004751,-0.006058,-0.006406,-0.004517,-0.000752,-0.007359,-0.008536,-0.001975,-0.005562,-0.01127,0.000425,-0.003473,-0.013405,-0.00091,0.00019,-0.00033
2025-09-01,0.027796,0.013959,0.023768,0.001186,0.00902,0.016447,0.01183,0.014198,0.029101,0.012349,0.012586,0.01652,0.012921,0.010337,0.013917,0.017144,0.016155,0.022059,-0.002099,0.019647,0.002974,0.013583,0.017282,0.019682,0.00781,0.009022,0.000786,0.00177,0.000262
2025-09-02,0.008464,-0.003544,0.011431,0.001938,0.004611,0.004711,-9.8e-05,-6e-05,0.016925,0.003118,0.00768,0.001177,0.010144,0.000816,-0.001953,0.009084,0.002286,-0.0005,0.016462,0.009444,0.000739,0.009124,0.010357,-0.00354,0.006253,0.007797,-0.000998,-0.001547,0.000176
2025-09-03,0.031246,0.033702,-0.000581,0.011272,0.008375,0.004297,0.006766,0.006258,-0.005488,0.009278,0.005973,0.009554,0.006767,0.010882,0.023657,0.007229,-0.002652,0.004217,0.00156,0.026547,0.01499,0.001081,0.006537,0.010005,0.011656,0.002421,0.00234,0.000721,-0.001459
2025-09-04,-0.018502,-0.002744,-0.01153,-0.008553,-0.011863,-0.003734,-6.1e-05,-0.007694,-0.022505,-0.008115,-0.007943,-0.007315,0.005554,0.003679,0.005562,-0.010483,-0.007848,-0.010955,-0.003462,-0.012551,-0.001404,-0.012568,-0.005207,-0.002772,-0.009768,-0.009754,-0.000447,0.000679,-0.000184
2025-09-05,0.007173,-0.01617,0.005867,-0.006069,0.004695,-0.002106,-0.006864,-0.006379,-0.002306,0.005521,-0.002086,0.00527,-0.000215,0.000477,0.003529,-0.001225,-0.01261,-0.001218,0.005108,0.009134,0.001916,0.001379,0.001954,0.019072,0.012141,0.002235,-0.000803,0.001551,-0.000655
2025-09-08,0.006163,0.006694,0.016464,0.002771,0.002791,0.002015,0.005244,0.001031,-0.000228,0.010837,0.001444,0.004087,-0.005001,-0.010653,0.00544,0.002136,-0.004144,0.01104,-0.002899,0.00848,-0.000512,0.010952,0.004055,0.005271,0.008182,0.005406,0.002678,0.000551,-0.001086
2025-09-09,-0.010645,0.005473,0.010083,-0.010075,0.000141,0.003863,-0.006449,0.001347,-0.004116,-0.006555,-0.002511,0.001172,-0.000494,-0.003391,0.004583,0.006782,0.021571,-0.001527,0.004049,0.003407,0.006123,0.002195,-0.005323,0.001847,0.005223,-0.00669,0.000205,-6.4e-05,-0.001115
2025-09-10,0.030588,0.00924,-0.002791,-0.003892,0.016053,0.012894,-0.00827,0.007785,0.028046,0.000483,0.007291,0.007473,0.009086,0.005202,0.00156,0.005975,0.023013,0.003143,-0.004834,0.003988,0.003265,0.010748,0.00697,-0.015646,0.00138,0.035109,-0.000287,0.000445,0.00041
2025-09-11,0.021978,0.001582,-0.002036,0.008262,0.002814,0.00043,-0.005006,0.00456,-0.005768,0.003702,0.009559,-0.002907,-0.001198,0.001907,-0.005137,0.00645,0.000367,0.00666,0.009096,0.001845,0.003917,0.009434,0.000412,-0.005698,0.001276,-0.006303,-0.00042,0.000374,-0.000186
2025-09-12,0.000735,0.007558,0.005851,0.008161,-0.002969,0.006885,-0.001929,-0.003565,0.048896,-0.002343,-0.003397,0.003574,-0.002795,0.0014,0.002245,0.004924,-0.001322,-0.002797,-0.007394,0.010412,0.004132,0.006058,0.010284,-0.003092,0.014073,-0.001157,-0.000187,0.00154,0.001353
2025-09-15,-0.008717,-0.000353,0.005571,0.003428,0.006481,0.007196,0.005153,0.001469,0.007826,-0.000235,0.0127,0.008024,0.004457,-0.007658,0.000328,0.01247,-0.000483,0.004618,-0.007661,0.012209,-0.004003,0.007143,0.018594,0.000459,0.023323,0.006442,0.001986,-0.00271,-0.001198
2025-09-16,-0.00193,0.001765,0.012118,-0.002364,0.002153,0.007872,0.011718,0.006426,0.001063,0.003804,0.012034,0.005402,0.003698,0.001596,-0.001013,0.007023,0.013635,0.010182,0.011856,0.001797,0.001452,0.007318,0.006288,0.003859,0.008595,0.023561,0.000987,0.001028,0.000664
2025-09-17,0.007483,0.013552,0.005819,0.003467,0.013097,0.00715,0.009592,0.009731,0.033053,0.038257,0.00161,0.001211,0.002677,0.001534,-0.001641,0.003528,0.006863,0.003443,-0.000774,-0.004527,-0.000434,-0.003393,0.001745,0.003457,-0.005884,0.010362,0.000437,-0.000466,0.001153
2025-09-18,0.006713,-0.001652,0.002275,-0.007341,0.001739,-0.003983,0.000461,-0.003695,0.00196,-0.011079,-0.006646,0.00613,0.00023,0.002945,0.000988,-0.002207,0.007262,0.006462,-0.002596,0.000555,0.005584,-0.000247,0.002333,0.001984,0.000542,-0.008762,-0.000474,0.00162,-0.000668
2025-09-19,0.021861,-0.004859,-0.001708,-0.011112,0.005261,-0.00029,0.001958,0.005159,0.000208,-0.009271,0.009245,-0.000323,8.3e-05,0.002713,-0.004968,0.003844,-0.002645,-0.007003,-0.002426,0.003929,0.001025,0.012338,0.002768,0.002854,0.007191,0.002215,0.002888,0.002011,0.0011
2025-09-22,-0.030723,0.019845,-0.003192,0.008247,-0.008595,-0.007895,-0.000282,-0.008475,-0.003473,0.017311,0.010228,-0.001662,-0.004817,-0.008678,0.001518,-0.00336,-0.026009,-0.003267,0.001563,0.002122,-0.01451,0.02269,0.001488,-0.00811,-0.009615,-0.005451,0.001343,0.002161,-0.00015
2025-09-23,-0.058324,-0.004406,0.001804,-0.002848,0.005313,-0.000897,-0.006622,-0.003805,-0.009183,-0.011741,-0.010137,-0.002763,-0.011755,-0.005299,-0.00633,-0.0049,-0.010488,-0.009426,-0.005505,0.006208,-0.003368,-0.005434,-0.002167,-0.008432,0.004546,-0.010993,-0.000943,0.000458,-0.000115
2025-09-24,0.003477,0.004604,-0.005539,-0.005408,-0.003661,-0.004044,-0.006969,0.003546,-0.010841,-0.022641,-0.015367,-0.002492,-0.004708,-0.006559,-0.005209,-0.010946,-0.012249,-0.008765,-0.010166,-0.004838,-0.004907,-0.013003,-0.013551,-0.005547,-0.009412,-0.008938,-0.000495,-0.001506,-0.000602
2025-09-25,-0.013522,-0.002721,-0.011834,-0.00293,-0.004919,-0.009865,-0.008967,-0.005245,0.001909,-0.010736,0.000676,-0.01011,-0.010075,0.001221,-0.008305,-0.011223,-0.004763,-0.004795,-0.007267,-0.000156,-0.009572,-0.005657,-0.01155,-0.01693,0.003456,-0.011669,-0.001542,0.001492,-0.001799
2025-09-26,-0.024088,-0.02098,-0.01529,-0.019111,-0.019342,-0.01977,-0.021276,-0.019657,-0.026497,-0.015534,-0.015902,-0.017048,-0.016186,-0.013677,-0.023798,-0.020783,-0.023598,-0.015833,-0.010852,-0.01934,-0.025418,-0.017994,-0.014155,-0.021129,-0.027301,-0.016252,-0.002609,0.000223,0.0005
2025-09-29,-0.021995,0.010219,-0.005067,0.01857,0.00907,-0.00244,0.002958,0.001718,-0.028251,0.002335,0.007159,0.006669,0.00088,-0.000908,-0.00089,0.003502,-0.005477,-0.008631,-0.003115,0.003848,0.004296,-0.000135,0.002019,0.004718,-0.001324,0.001316,0.002405,0.003996,0.002256
2025-09-30,0.000456,-0.004268,0.001371,-0.016815,0.015683,-0.001967,-0.000253,-0.002688,0.007306,0.001173,0.008562,0.005242,-0.003579,-0.004108,4.5e-05,0.000941,-0.000398,0.016203,-0.006706,0.004014,-8e-06,-0.00062,-0.003483,0.000686,-0.005593,0.000289,-0.000327,-0.001956,0.000496
2025-10-01,-0.009393,0.006594,0.009249,0.000924,0.004211,0.009908,0.005681,0.007445,0.027365,0.007317,0.00572,0.013737,0.011921,0.000556,0.008462,0.012015,0.005612,-0.004316,0.04945,0.009489,0.014645,0.011409,0.006064,0.012755,0.014802,0.00383,0.002373,8.4e-05,-0.000824
2025-10-03,0.006806,0.008146,0.008718,0.008565,0.009634,0.008011,0.000975,0.01096,0.022616,0.029449,0.019526,0.005855,0.011143,-0.000101,0.01387,0.00813,0.004273,0.003298,-0.005333,0.01917,0.000212,0.01296,-0.002632,0.00479,0.015735,0.006914,0.002745,-0.000537,-0.000387
2025-10-06,-0.021336,-0.005916,-6.5e-05,0.002837,0.005663,0.001039,0.001516,0.000214,-0.004035,0.007071,-0.007778,0.007739,0.00054,0.024848,-0.005569,-0.001304,0.012854,0.010425,-0.008325,-0.009789,0.003781,-0.003106,0.001171,0.015014,-0.003872,-0.007335,-0.000967,0.002652,0.001562
2025-10-07,0.008108,0.005775,0.003109,-0.006204,0.001056,0.007251,0.010021,-0.002181,-0.008857,-0.009406,0.008605,-0.000911,0.000771,-0.01113,-0.000207,0.010002,-0.000169,0.001598,0.000255,-0.005159,0.002634,-0.00257,0.005791,0.001662,0.025682,-0.004,0.000588,0.000291,0.000447
2025-10-08,-0.007374,-0.022356,-0.005614,-0.005256,-0.004302,-0.006476,-0.006729,-0.001857,-0.01584,0.008618,-0.016217,-0.006582,-0.006208,0.007467,-0.00416,-0.010311,0.005924,-0.006412,-0.019075,-0.003373,-0.007377,-0.012069,-0.0166,-0.005318,0.003555,-0.006968,-0.00035,0.000132,0.000466
2025-10-09,-0.01592,-0.003456,-0.001554,0.013484,0.002622,0.000631,0.010629,-0.001278,0.007882,0.012693,0.004036,0.005467,-0.003097,0.000465,-0.001212,0.004022,0.006503,0.001645,0.002764,0.024196,0.008923,0.008054,0.010424,0.004119,-0.006788,0.00663,-0.00181,0.002517,-0.001306
2025-10-10,0.038548,0.019375,0.001088,0.002476,0.019389,0.003561,0.003546,0.003362,-0.001294,-0.000799,0.005475,0.001139,0.005583,-0.001837,0.002551,0.00263,0.006479,0.002858,0.001371,-0.009251,0.012501,0.005059,0.012247,-0.001892,0.005906,0.007912,0.001912,-0.001131,8.8e-05
2025-10-13,-0.001188,0.031767,-0.002883,0.006044,-0.001522,-0.006766,-0.002513,0.000623,-0.020011,-0.018801,-0.002686,0.004217,-0.010526,0.005531,-0.003136,-0.010616,-0.008872,0.006316,0.007638,-0.004453,-0.005719,0.001717,-0.004232,-0.001712,-0.006318,-0.00373,-0.000852,0.002571,-0.000784
2025-10-14,0.020862,-0.002813,-0.005859,-0.006724,-0.016759,-0.00931,-0.004053,-0.008994,-0.00963,-0.003869,-0.00148,-0.001435,-0.008384,-0.005865,-0.014909,-0.01097,-0.004262,-0.009398,-0.00339,-0.010649,-0.010276,-0.007684,-0.013842,-0.012032,-0.025018,-0.001497,-0.000831,0.002102,-0.003182
2025-10-15,0.014354,0.0148,0.008626,0.015527,0.014722,0.004725,0.000698,0.006167,0.008892,0.01702,0.007725,0.012814,0.010899,0.004877,0.020711,0.006273,0.009269,0.002421,-0.003902,0.008433,0.00215,0.011843,0.021625,0.013575,0.012767,0.010434,0.001056,0.000799,0.001444
2025-10-16,0.002921,-0.005632,0.013553,0.002717,-0.000223,0.00351,0.008019,0.01146,-0.000254,0.00687,0.000503,-0.003015,0.010116,0.011601,0.012991,0.01012,0.0038,0.002945,0.000718,-0.00131,0.002281,0.001376,0.009599,0.005171,0.007529,0.010317,-0.000333,0.000663,-6.3e-05
2025-10-17,0.015141,0.02411,-0.002353,-0.006682,-0.00885,-0.004131,-0.007382,-0.005289,0.005999,0.007647,-0.007689,-0.005087,0.008427,-0.000954,0.004178,-0.011603,-0.012637,0.007363,-0.013608,-0.012075,0.002492,-0.003917,-0.006383,-0.008187,-9.3e-05,-0.011675,-0.001663,0.001626,-0.001683
2025-10-20,0.008713,-0.001135,0.01246,0.01364,0.035028,-0.000369,-0.000528,0.000141,0.001934,0.003047,0.005679,0.005138,0.002627,0.007894,-0.00453,0.004953,0.004951,0.004236,0.012104,1.6e-05,0.005337,0.002038,0.004403,-0.003285,-0.000739,0.00702,0.000687,0.000374,0.000617
2025-10-21,0.016227,0.007511,0.005141,-0.000231,0.004036,0.007174,0.004149,0.005972,0.00998,-8.8e-05,0.001001,0.005372,0.006117,0.003831,0.004996,0.003657,0.004362,0.003803,0.000707,0.010174,0.00614,0.008128,0.001265,0.007468,0.008454,0.001068,0.001808,-0.003045,0.000796
2025-10-22,0.0,0.0,0.0,0.0,0.0,0.0,0.0,0.0,0.0,0.0,0.0,0.0,0.0,0.0,0.0,0.0,0.0,0.0,0.0,0.0,0.0,0.0,0.0,0.0,0.0,0.0,0.0,0.0,0.0
2025-10-23,-0.012797,-0.024255,-0.00437,-0.020797,0.004965,-0.002806,-0.003369,-0.007675,-0.01008,-0.009531,0.007481,0.000442,-4.9e-05,-0.011192,-0.001856,-0.002095,0.011697,-0.005166,0.001904,-0.011038,-0.004561,-0.003334,-0.002606,-0.006213,-0.003184,0.024004,-0.001553,0.000343,0.000482
2025-10-24,0.000933,0.000625,-0.009524,-0.000886,-0.009229,0.00025,-0.010519,-8.8e-05,0.006054,-0.001464,-0.001753,0.005421,-0.006218,-0.009244,-0.006353,-0.004516,0.001397,-0.007257,-0.001877,0.008219,-0.007494,-0.000751,-0.00174,-0.003106,0.006551,-0.006829,-0.000779,-8.2e-05,-0.001205
2025-10-27,-0.00462,-0.011246,0.004774,0.006075,0.014825,0.007562,0.012147,0.003241,-0.012429,0.020323,0.001429,0.003857,0.003341,0.004931,0.006174,0.004398,0.015171,0.004153,-0.003148,0.008692,-0.001712,-0.002524,0.011022,0.005872,0.014906,0.008391,0.000812,0.001957,0.001258
2025-10-28,-0.016633,-0.011099,0.001877,-0.004186,0.015121,0.002599,-0.000554,0.001865,-0.005095,-0.000795,-0.005142,0.001298,-0.000814,0.001063,-0.005684,-0.001105,-0.00331,-0.000221,0.002685,0.012255,-0.003449,-0.005838,-0.01463,0.013531,-0.005523,-0.003096,0.002465,-0.000742,-0.001735
2025-10-29,0.017042,-0.036154,0.002654,0.000139,-0.002921,0.014888,0.006512,0.009519,-0.003048,0.020047,0.00777,0.001734,0.008102,0.008556,0.005641,0.010464,0.003993,0.063721,0.022283,0.007443,0.004231,0.020425,0.013183,-0.005686,0.008834,0.013929,-0.000699,0.000588,0.000196
2025-10-30,-0.011237,-0.002686,0.001629,-0.01628,-0.009296,-0.002721,-0.000844,-0.002958,-0.006655,0.005381,-0.001416,0.000429,-0.001345,-0.005165,0.006619,0.000231,0.003076,-0.001786,-0.005911,-0.003836,-0.002002,0.001097,0.005016,-0.006145,-0.026156,-0.00338,0.001373,0.000588,-0.001619
2025-10-31,0.008029,0.001339,-0.001692,-0.016867,0.00613,-0.007786,-0.006883,-0.003313,0.006774,-0.019753,-0.001385,-0.00682,-0.00524,-0.015665,-0.0155,-0.007394,-0.002549,-0.012772,-0.015446,-0.001726,-0.006464,-0.006466,0.000896,-0.012202,-0.007788,-0.007571,0.00103,-0.00054,-0.001293
2025-11-03,-0.012613,-0.00684,0.006819,0.013072,0.010817,-0.001336,-0.008684,0.006218,0.006241,0.007616,0.007088,0.007913,-0.000699,0.003469,0.006239,0.003403,0.003741,-0.003761,0.00194,0.013987,0.016593,-0.002723,0.018225,0.002149,0.028758,0.005271,-0.000335,1.4e-05,-0.00146
2025-11-04,-0.027438,-0.003348,-0.0065,-0.009744,-0.00374,-0.000419,-0.013488,-0.00424,-0.015701,0.045993,-0.010051,-0.005423,-0.006793,-0.000478,0.002045,-0.009682,-0.007354,0.003033,-0.008251,-0.012727,-0.007024,-0.008905,-0.013986,-0.003153,0.001943,-0.013015,-0.000747,0.000167,-0.001455
2025-11-05,0.0,0.0,0.0,0.0,0.0,0.0,0.0,0.0,0.0,0.0,0.0,0.0,0.0,0.0,0.0,0.0,0.0,0.0,0.0,0.0,0.0,0.0,0.0,0.0,0.0,0.0,0.0,0.0,0.0
2025-11-06,0.012116,-0.011444,-0.013276,0.007095,-0.012833,-0.012433,-0.016072,-0.010522,-0.021664,-0.009741,-0.015663,-0.010279,-0.00987,-0.005544,-0.020144,-0.018897,-0.003268,-0.035214,-0.028578,-0.022604,-0.010952,-0.018824,-0.012072,-0.015732,-0.018916,-0.007416,-0.001034,0.002067,0.00133
2025-11-07,-0.004247,-0.005261,0.002261,-0.024215,0.011632,-0.006543,-0.001816,-0.003493,0.00267,0.003701,-0.000327,0.007669,-0.000659,-0.00024,-0.004818,-0.001285,-0.009381,-0.008123,-0.00687,0.01693,-0.003594,-0.006815,-0.000806,-0.001209,-0.00846,0.008909,0.001176,0.002909,0.00045
2025-11-10,0.002309,0.021712,0.001654,0.000498,-0.001785,-0.001577,-0.002643,-0.001071,0.020083,0.008743,0.003406,0.003383,0.002522,-0.019977,-0.003462,-0.006298,0.007111,-0.005872,-0.001304,0.015902,0.007991,-0.004604,-0.001786,-0.006193,-0.004862,-0.001103,6.5e-05,0.000629,-0.002095
2025-11-11,0.011497,-0.020616,0.005561,0.028823,-0.007523,0.001416,0.001615,0.002058,0.017273,0.005599,0.004775,-0.00332,0.000452,0.000248,-0.005395,0.004815,0.002162,0.005207,-0.000131,0.009114,-0.009963,0.00218,0.003621,-0.002105,0.019489,0.019097,0.000513,0.003961,-0.000628
2025-11-12,0.023366,-0.000635,0.004918,0.000231,0.005819,0.012519,0.003685,0.00883,0.002751,0.003337,0.008025,0.005777,0.006515,0.001014,0.003593,0.012032,0.022624,0.01449,0.007553,-0.00828,0.008233,-0.000342,0.001317,0.011861,0.016929,0.009349,0.001722,0.00057,0.001105
2025-11-13,-0.013326,0.010717,-0.003769,0.017014,-0.005578,0.004577,-0.000299,0.000131,-0.004974,0.003762,-0.00188,-0.000893,-0.005244,-7.5e-05,-0.011282,-0.012777,-0.008503,-0.007746,-0.016374,-0.004488,-0.002425,-0.000957,-0.001275,-0.00453,-0.006328,-0.007423,0.000818,0.000781,0.001512
2025-11-14,0.008171,-0.016925,-0.00552,-0.000519,0.006315,0.000406,-0.003865,-0.003963,0.027846,-0.005771,0.000253,0.003454,0.002261,-0.005468,0.004482,0.007366,-0.00893,-0.001256,0.001378,-0.002597,0.003779,-0.000627,-0.002649,-0.005144,0.003926,0.000533,-0.00075,0.001261,-0.001619
2025-11-17,-0.001424,0.001002,0.004409,-0.005009,0.012998,0.006608,0.006368,0.01125,0.000487,-0.007013,7.3e-05,0.005803,0.003454,0.014305,0.006209,0.008362,0.001946,0.002886,0.005674,0.001276,0.004174,0.006474,0.006208,0.014093,0.003419,0.008638,-0.000336,-0.00055,-7.9e-05
2025-11-18,-0.010989,0.003289,-0.008184,-0.02312,-0.000975,-0.010106,-0.008734,-0.007672,-0.009077,-0.009731,-0.007155,-0.008423,-0.009221,-0.010077,0.003162,-0.008265,-0.011607,-0.004903,-0.004646,-0.010468,-0.009799,-0.00803,-0.013529,-0.011266,-0.00865,0.005349,-9.4e-05,0.000367,-0.000371
2025-11-19,0.018648,0.001992,0.00636,0.000875,0.004941,-0.003779,0.007168,-0.002622,-0.008679,-0.003632,-0.003856,-0.003527,0.003283,0.005797,-0.000334,-0.006379,0.020057,-0.005934,-0.005628,-0.003133,-0.004278,0.001735,-0.0021,-0.000511,-0.005511,-0.003065,0.001715,0.001137,-0.000431
2025-11-20,-0.012387,0.003555,-0.001539,0.001484,-0.011745,0.002061,-0.001727,0.003427,0.012455,-0.001627,-0.001913,0.00024,0.00022,0.003818,0.008085,0.000974,-0.003304,-0.006948,-0.013874,-0.00536,0.000702,0.000993,-0.002688,-0.002823,-0.01007,0.003009,-0.001094,0.002589,-6e-05
2025-11-21,0.003453,-0.002459,-0.010935,0.010331,-0.011735,-0.017439,-0.002569,-0.006314,-0.025826,0.016232,-0.007182,-0.009938,-0.010549,-0.001812,-0.004416,-0.012444,-0.01164,-0.013046,-0.009688,-0.023471,-0.007193,-0.016484,-0.019023,-0.018369,-0.018979,-0.01254,-0.001688,0.00055,-0.000896
2025-11-24,-0.021589,-0.006348,-0.003212,-0.00226,-0.000252,-0.004377,-0.006711,-0.013329,-0.0251,-0.035468,-0.005489,-0.005014,-0.003522,0.004735,-0.015512,-0.000342,0.004947,-0.008398,-0.004298,-0.010626,-0.003719,-0.01369,-0.019455,-0.000635,0.004726,-0.014309,-0.001653,-0.002184,-0.000736
2025-11-25,0.007841,-0.011798,-0.00019,-0.005543,0.010466,-0.000554,-0.001119,-0.000468,4.1e-05,-0.003056,-0.002291,0.003167,-0.000376,-0.00506,0.006368,-0.003804,-0.005636,0.000319,-0.008755,0.006353,0.003396,9.4e-05,0.012468,-0.00152,-0.002297,-0.009856,0.000386,0.000412,-0.001932
2025-11-26,0.002975,0.008574,0.01039,0.020526,0.010366,0.015928,0.014103,0.006377,0.009467,0.031205,0.011205,0.012545,0.008674,0.006836,0.005146,0.010203,0.010724,0.014048,0.020195,0.014371,0.010703,0.012047,0.021156,0.010915,0.002121,0.018652,-0.000519,0.002235,0.001394
2025-11-27,0.000615,0.00495,-0.000171,-0.001049,-0.003867,-0.003451,0.000338,-0.002146,0.001333,-0.012378,-0.007088,-0.003377,-0.00375,0.002027,0.00191,0.001057,-0.002544,0.002398,0.017882,-0.000498,-0.001984,-0.004367,-0.005264,-0.00723,0.00484,-0.004676,-1.1e-05,0.000994,0.002322
2025-11-28,0.00958,-0.00085,-0.000407,-0.00429,-0.002565,-0.004983,-0.005027,-0.003678,0.001,-0.005652,-0.005604,-0.000549,-0.000263,-0.003236,-0.002219,-0.003284,0.000365,-0.000843,0.002737,-0.002476,0.003171,-0.002225,-0.002062,-0.000973,-0.012153,0.018471,0.000428,0.000824,-0.000352
2025-12-01,0.017328,-0.005412,0.00668,-0.018889,0.000998,-0.005488,-0.003761,-0.00348,-0.003096,-0.006494,0.003031,0.004282,-0.008381,-0.006143,0.008294,-0.002555,0.004485,-0.008614,0.001316,0.007931,0.002898,-0.001601,-0.005748,0.001791,0.002102,-0.017358,-0.000588,0.00054,0.000708
2025-12-02,0.00014,-0.012349,-0.001032,-0.016978,-0.004869,0.00088,0.000969,-0.003986,-0.012666,0.001408,-0.00419,-0.008904,-0.004665,0.001571,-0.007041,-0.006712,0.000504,-0.007625,-0.007394,-0.004521,0.00172,-0.00424,-0.006177,0.001538,0.002801,-0.011214,-0.001178,0.000408,0.001268
2025-12-03,-0.034363,-0.019088,-0.004906,-0.015062,-0.014288,-0.008686,-0.011736,-0.003832,-0.013734,-0.008157,-0.012795,-0.010091,-0.005153,-0.006048,-0.000746,-0.010268,0.008351,-0.007635,-0.003011,-0.002193,-0.001866,-0.00619,-0.013646,-0.001934,-0.000352,-0.003156,-0.000813,-0.00157,-0.000468
2025-12-04,0.016327,0.01377,-0.00122,-0.028388,-0.001323,-0.008628,0.007857,-0.000144,0.00833,-0.002278,0.001838,-0.000753,-0.000519,0.005868,-0.000415,-0.003543,0.010733,0.002445,-0.01252,0.002093,-0.000981,-0.003942,-0.001065,-0.004781,0.002195,-0.004697,-0.00024,8.2e-05,-9.2e-05
2025-12-05,-0.026159,-0.019576,-0.004697,-0.01629,0.001705,-0.013154,-0.001415,0.002288,-0.014995,-0.009501,-0.008366,0.005225,-0.002182,-0.009116,-0.005502,-0.002921,-0.007882,0.000487,-0.00133,-0.000118,0.000352,-0.001455,0.000381,-0.006339,0.000344,0.001074,-0.001576,0.003368,0.000148
2025-12-08,-0.008338,-0.007176,-0.017038,-0.081005,-0.023383,-0.021139,-0.01059,-0.021082,-0.043133,-0.011813,-0.020128,-0.015945,-0.018087,-0.015201,-0.016577,-0.029597,-0.014059,-0.019598,-0.025777,-0.016262,-0.017239,-0.020027,-0.02286,-0.022356,-0.027203,-0.015484,-0.002978,-0.000188,-0.00156
2025-12-09,-0.009161,0.007725,0.001069,0.013167,0.014109,0.0151,-0.001482,0.008597,0.007597,-0.008183,0.007733,0.007654,0.006506,-0.000868,-3.4e-05,0.012409,-0.001552,0.013639,0.009922,0.006087,0.004392,0.013912,0.001149,0.008233,0.008121,0.001999,0.001797,-0.002823,-0.003891
2025-12-10,-0.010159,-0.009592,-0.005972,-0.031078,-0.005447,-0.010561,-0.00298,0.001884,-0.007998,0.00327,-0.002112,-0.005416,-0.00101,-0.006902,-0.004211,-0.011479,-0.0106,-0.008525,-0.002342,0.00439,-0.002838,-0.000971,-0.010742,-0.012212,-0.01048,0.013127,3.5e-05,-0.0014,0.001872
2025-12-11,-0.011171,0.01762,0.006365,-0.000383,0.005585,0.008025,0.011673,0.001554,0.00347,0.014371,0.001932,0.006384,0.004313,-0.000127,0.002877,0.008974,0.011473,0.006355,0.003309,0.002079,0.008405,0.005272,0.007486,0.005977,0.016628,0.000136,-0.000293,0.002209,0.000431
2025-12-12,0.002383,0.036664,0.004205,0.005578,0.005602,0.014647,0.014758,0.007445,-0.004094,0.013593,0.006203,0.010224,0.008624,0.002735,0.008795,0.012576,0.007231,0.003933,0.002197,0.023111,0.002604,0.010209,0.018469,0.011533,0.008602,0.002779,0.000144,0.00217,-0.000807
2025-12-15,0.002927,-0.010827,0.006276,0.023494,0.00354,0.008294,0.00716,0.008086,-0.001055,0.004521,-0.002419,-0.003598,0.002395,-0.001581,-0.010939,0.00897,0.005441,-0.004519,0.020033,0.006862,-0.00552,-0.0009,0.004827,0.000365,-0.005555,-0.002307,0.000191,-0.001402,0.000226
2025-12-16,0.044524,-0.001214,-0.00611,0.002554,-0.008904,-0.004302,-0.012287,-0.003033,-0.014709,-0.012832,-0.008199,-0.010037,-0.002181,-0.009681,-0.006835,-0.011909,-0.009792,-0.008987,-0.011179,-0.008074,-0.004379,-0.007275,-0.007481,-0.009391,0.000174,-0.005987,-0.000108,-0.00072,0.001008
2025-12-17,-0.012141,-0.006658,-0.007828,0.000876,0.002126,-0.009083,0.005856,-0.007118,-0.02068,-0.01041,0.003505,-0.008632,-0.00744,-0.006631,-0.007001,-0.010197,-0.002763,-0.007139,-0.022216,-0.007737,-0.003622,-0.004598,-0.009033,-0.001523,-0.008108,-0.012162,-0.001345,0.000611,0.000878
2025-12-18,-0.000289,0.041582,-0.002015,0.025088,-0.001925,-0.00858,-0.008336,-0.008468,0.00116,1.9e-05,0.000608,0.003321,0.000398,-0.003518,-0.001468,-0.004814,0.003326,0.00172,-0.015394,0.002937,0.001833,-0.011279,0.002537,-7e-06,-0.003556,-0.002941,0.000218,0.001241,0.00034
2025-12-19,0.015153,-0.016757,0.018647,0.00715,0.006365,0.020641,0.003349,0.013854,0.020737,0.004538,0.007007,0.009907,0.004142,0.010788,0.011322,0.019852,0.012857,0.009639,0.001444,0.000118,0.011244,0.014812,0.011364,0.004452,0.021906,0.008064,-0.000489,0.000595,-0.001276
2025-12-22,0.008862,0.006278,0.007789,-0.004432,0.00532,0.00857,0.005875,0.012397,0.038061,0.024097,0.002493,0.004723,0.007648,0.008665,0.013403,0.024405,0.013312,0.009531,0.006373,0.015738,0.007706,0.004416,0.000933,0.008652,0.002998,0.004417,0.001426,0.001106,0.001983
2025-12-23,0.000479,-0.001417,0.002499,0.004128,-0.001363,0.000715,0.005121,0.003952,0.001356,0.000357,0.002931,0.00522,0.001004,-0.000806,0.00496,0.018478,0.000533,0.003267,-0.001761,0.013994,0.001454,0.008496,-0.001184,0.004941,0.013062,-0.004557,-0.000726,-0.001137,0.00055
2025-12-24,-0.003837,-0.00987,-0.000112,-0.013619,-0.00266,-0.001428,0.003004,-0.005178,0.009158,-0.00101,-0.003089,0.003144,-0.00324,-0.000388,0.001496,0.002766,-0.007748,-0.007189,0.005799,0.001272,-0.005923,-0.001529,1.3e-05,-0.000865,9.6e-05,-0.00661,-0.000508,-0.000572,0.000294
2025-12-25,0.0,0.0,0.0,0.0,0.0,0.0,0.0,0.0,0.0,0.0,0.0,0.0,0.0,0.0,0.0,0.0,0.0,0.0,0.0,0.0,0.0,0.0,0.0,0.0,0.0,0.0,0.0,0.0,0.0
2025-12-26,-0.007542,-0.011078,-0.004982,-0.00071,-0.001626,-0.003175,0.004031,-0.001916,-0.001256,0.034059,0.004593,-0.003704,-0.000744,-0.002361,-0.000477,0.011569,-0.008692,0.004717,-0.00814,0.003168,-0.003154,-0.002524,0.000968,-0.009036,-0.000337,-0.001878,-0.002123,0.000529,-0.001667
2025-12-29,-0.022141,-0.00581,-0.006225,0.003152,-0.000578,-0.00581,-0.001493,0.000591,-0.005344,0.030272,-0.004976,-0.005891,-0.002848,-0.007441,-0.005605,-0.010295,-0.009526,-0.006561,0.010128,0.000368,-0.006538,-0.003626,-0.007242,-0.001154,0.007064,-0.00085,-0.001004,-5e-05,-0.001106
2025-12-30,-0.02471,-0.006054,0.007052,-0.01379,0.01024,-0.003958,-0.009553,-0.004129,-0.019144,-0.005106,-0.003956,-0.00038,-0.004487,-0.00602,-0.003494,-0.010328,-0.010275,0.002593,-0.012486,0.014366,-0.006368,-0.001283,-0.008153,0.002387,-0.008664,0.001485,-0.00113,0.000753,1e-06
2025-12-31,0.017079,0.02078,0.0146,0.00956,0.012811,0.013954,0.002591,0.01522,0.013751,-0.002407,0.015477,0.010004,0.01111,0.013951,0.011027,0.013278,0.01008,0.004713,0.00972,0.012978,0.013278,0.012507,0.012444,0.004354,-0.00153,0.000869,0.00144,-0.001592,0.001112
2026-01-01,-0.005998,-0.007744,0.003706,0.007691,0.003245,0.005691,0.002785,-0.004753,-0.004033,0.008113,0.003325,0.001993,-0.009654,0.003216,0.002283,0.00176,0.000281,0.006421,0.002688,0.002472,-0.003461,0.011461,0.007329,0.001878,0.0166,-0.004403,-9.9e-05,0.001861,-0.00106
2026-01-02,0.010994,0.015371,0.014515,-0.000668,0.015686,0.010819,0.007978,0.003218,0.006166,0.006294,0.015282,0.009006,0.002355,0.008567,0.002331,0.008651,0.003723,0.003815,0.008343,0.013582,0.007551,0.028967,0.014599,0.007757,0.003357,0.004875,-0.000522,-8e-06,0.000265
2026-01-05,-0.02572,0.008698,-0.001167,0.000514,0.002088,-0.001661,0.015192,0.000128,0.020536,-7.5e-05,-0.010139,0.000487,0.007957,8.4e-05,-0.016559,-0.008426,-0.002567,0.007261,0.012155,0.002437,-0.000348,0.000635,0.009472,-0.001559,-0.009024,-0.009256,-0.000155,-0.00055,-0.001187
2026-01-06,-0.001194,-0.005586,-0.004987,-0.023369,-0.001795,-0.005436,-0.000837,-0.00711,-0.010101,-0.018019,-0.006825,0.001719,-0.003669,0.006049,-0.009676,-0.008671,-0.00414,-0.00676,-0.013734,-0.001523,0.00866,-0.006416,-0.003573,-0.017067,0.000802,-0.005872,-0.001519,0.003157,-0.000226
2026-01-07,0.008672,0.007555,-0.000148,-0.012241,-0.002944,0.001046,0.002182,0.000255,-0.002524,0.005452,-0.002565,0.000273,0.003505,-0.002214,-0.004075,-0.003291,0.021972,0.000464,0.014258,0.001155,0.008571,-0.007997,-6.7e-05,-0.000448,-0.003858,-0.002643,-6e-05,0.001593,-0.001328
2026-01-08,-0.040259,-0.014927,-0.013395,-0.006462,-0.016401,-0.02432,-0.008045,-0.016476,-0.006495,-0.024846,-0.01629,-0.016752,-0.018159,-0.014339,-0.017181,-0.028807,-0.018395,-0.013385,-0.01295,-0.034869,-0.015936,-0.021758,-0.024157,-0.018502,-0.015735,-0.018479,-0.000747,-0.001278,-0.00102
2026-01-09,-4.5e-05,-0.021978,-0.017627,-0.013369,-0.00644,-0.022468,-0.010401,-0.012595,-0.007099,-0.020072,-0.002891,-0.014133,-0.012841,-0.008981,-0.00341,-0.019049,-0.012696,-0.015019,-0.006698,-0.009068,-0.011142,-0.017491,-0.015384,-0.008985,-0.020226,-0.017083,-0.002134,0.001211,-0.000139
2026-01-12,-0.003244,-0.016431,-0.003439,-0.003253,-0.003073,-0.008007,0.002668,-0.000664,-0.002643,0.014407,0.003498,0.002623,-0.00261,-0.005037,0.003032,-0.003652,-0.008273,-0.005893,-0.015311,0.006988,-0.006003,0.000673,-0.006641,0.000153,-0.02108,0.001632,-0.002501,0.003687,0.001483
2026-01-13,0.025505,0.024911,0.002296,-0.016641,0.004232,0.000886,0.002018,0.004555,-0.010028,-0.000809,-0.00072,0.001987,0.003676,0.005706,0.002312,-0.003992,0.009107,0.002874,0.010435,0.001384,-0.000455,-0.003168,-0.007124,0.005164,-0.008001,0.001695,0.000283,-0.001929,0.002473
2026-01-14,-0.008104,-0.016547,-0.001757,-0.007241,0.013053,0.002669,0.006433,-0.000536,-0.003537,0.0491,-0.003259,-0.000114,-0.003366,0.001253,0.00176,0.015095,-0.012666,0.007247,-0.006895,0.021006,0.004132,-0.001179,-0.005618,-0.002923,0.007205,0.010767,-0.00221,0.001465,0.002542
2026-01-15,0.0,0.0,0.0,0.0,0.0,0.0,0.0,0.0,0.0,0.0,0.0,0.0,0.0,0.0,0.0,0.0,0.0,0.0,0.0,0.0,0.0,0.0,0.0,0.0,0.0,0.0,0.0,0.0,0.0
2026-01-16,-0.01553,0.016305,-0.008751,-0.000724,0.011428,-0.009614,0.010164,-0.00592,0.002394,-0.016961,-0.010438,0.003795,-0.001553,-0.009053,-0.012828,-0.010683,0.007729,-0.004051,-0.000534,-0.011246,-0.012466,-0.008323,-0.000621,0.002313,-0.003755,-0.007716,0.000252,0.001341,0.000423
2026-01-19,-0.021966,0.005118,-0.00338,0.03874,-0.008427,-0.008879,-0.009365,-0.008817,-0.007041,-0.012958,-0.01068,-0.003059,-0.00494,-0.015589,-0.015859,-0.006617,-0.011564,-0.006727,-0.015381,0.005562,-0.009257,-0.013037,-0.016992,-0.009903,-0.019502,-0.009936,-0.000698,0.002734,0.000504
2026-01-20,-0.052323,-0.027141,-0.024129,-0.029522,-0.021516,-0.029559,-0.013376,-0.024855,-0.039901,-0.034996,-0.022749,-0.023718,-0.021988,-0.018784,-0.025783,-0.02694,-0.026364,-0.026195,-0.025708,-0.023921,-0.021144,-0.021811,-0.040722,-0.030298,-0.030458,-0.024454,-0.002494,-0.000116,0.001216
2026-01-21,0.000918,-0.029463,-0.004863,0.01547,-0.001369,-0.008902,0.000569,-0.009457,-0.00642,0.005354,0.000127,-0.010157,-0.008341,-0.001896,-0.007593,-0.012593,-0.007791,-0.006495,-0.020094,0.004063,-0.009068,-0.007184,-0.006983,0.003106,-0.002213,0.005374,-0.000909,-0.000567,-0.000299
2026-01-22,0.035635,0.003456,0.017318,0.010366,0.0181,0.012766,0.006742,0.014314,0.019581,-0.006089,0.011939,0.008688,0.007283,-0.001963,-0.00645,0.013039,0.011202,0.015476,0.021478,0.007414,0.015502,0.015236,0.002543,-0.010174,0.005582,0.026737,0.00056,6.1e-05,-0.000537
2026-01-23,-0.012331,-0.037922,-0.018605,-0.038675,-0.018168,-0.025005,-0.024344,-0.014782,-0.024007,-0.013713,-0.013946,-0.015942,-0.011897,-0.010644,-0.023842,-0.033438,-0.016516,-0.030465,-0.008069,-0.010653,-0.013974,-0.039795,-0.028248,-0.025651,-0.023115,-0.024067,-0.005338,0.000262,-0.002284
2026-01-26,0.0,0.0,0.0,0.0,0.0,0.0,0.0,0.0,0.0,0.0,0.0,0.0,0.0,0.0,0.0,0.0,0.0,0.0,0.0,0.0,0.0,0.0,0.0,0.0,0.0,0.0,0.0,0.0,0.0
2026-01-27,0.035425,-0.021247,0.002541,0.007986,0.009765,-0.000554,0.017944,-0.001448,0.023512,0.016248,0.01049,0.003127,-0.005636,-0.002662,-0.012861,-0.000787,-0.002028,0.024983,-0.021515,0.019068,-0.009023,0.005226,-0.002839,-0.002247,-0.006377,0.023972,0.00051,0.003929,-0.001071
2026-01-28,0.005998,0.040924,0.015772,-0.007107,0.013066,0.030624,0.006115,0.018646,0.076716,0.03516,0.030365,0.01517,0.004855,0.004011,0.01588,0.025657,0.009382,0.02108,0.023293,0.026152,0.005828,0.030363,0.020705,0.013443,0.034136,0.016155,-0.000156,0.001576,0.002601
2026-01-29,0.013465,0.007367,-0.010098,-0.033358,-0.004736,0.002847,0.000474,-0.003073,-0.007018,0.03073,0.010337,-0.004175,-0.004897,-0.007156,-0.009436,-0.003165,-0.006922,0.007337,-0.003664,0.021051,-0.004501,0.009138,0.007407,-0.001506,0.00181,-0.011753,-0.0007,0.004445,0.001007
2026-01-30,0.026885,0.007595,0.013429,0.003972,0.008666,0.012292,-0.007222,0.010792,0.029767,-0.034754,0.004121,0.001961,0.013234,0.003825,0.018947,0.007387,0.003737,0.010519,0.024714,-0.030351,0.010992,0.001645,-4.6e-05,0.005363,0.031138,0.005492,0.003418,-0.0067,-0.004692
2026-02-02,-0.0335,0.00376,-0.001728,0.020934,-0.028621,-0.005642,-0.008042,-0.012414,-0.06569,-0.01688,-0.019211,-0.020334,-0.004981,0.002291,0.001193,-0.019827,-0.003091,0.009714,-0.020006,-0.013408,-0.012696,-0.015953,0.001207,-0.011663,-0.020658,-0.003246,0.000662,-0.000733,-0.001948
2026-02-03,0.147552,0.065844,0.032242,0.048893,0.024291,0.044089,0.020197,0.040166,0.003559,0.019951,0.008468,0.027396,0.015721,0.013957,0.029513,0.024393,0.023667,0.04396,0.005549,0.025934,0.025307,0.032885,0.038126,0.030035,0.022179,0.093439,0.004824,0.002426,0.00138
2026-02-04,-0.004993,0.006312,0.012981,-0.001302,0.008983,0.012267,0.014034,0.001877,-0.011142,0.017837,0.013026,0.007635,0.005001,-0.003034,0.013253,0.016354,-0.029446,0.010685,0.012731,0.017656,-0.000329,0.02601,0.007554,0.008855,0.004633,0.002255,0.001206,0.001942,0.002906
2026-02-05,-0.028761,0.002951,-0.002899,-0.005504,-0.004418,-0.011139,-0.003079,-0.00768,-0.025722,-0.0166,-0.005141,-0.007193,-0.004707,-0.003618,0.011344,-0.013851,-0.009625,0.002363,0.001829,-0.005559,-0.005718,-0.007259,-0.002705,-0.000613,-0.002354,-0.007777,-0.001068,0.000875,-0.003655
2026-02-06,0.011648,-0.005175,-0.005104,-0.006035,-0.000192,0.004026,-0.003718,-0.000348,0.006498,0.005432,0.002635,0.001298,0.005908,0.001923,-0.004087,-0.004981,-0.018628,-0.015337,0.010909,-0.004149,-0.002803,-0.000863,0.001987,-0.006728,0.001742,-0.00664,-0.001396,0.001445,7.9e-05
2026-02-09,0.052943,-0.001393,0.016947,0.013941,0.015066,0.02528,0.021461,0.028558,0.026394,0.018196,0.011055,0.020499,0.022159,0.019738,0.019172,0.02082,0.01027,0.001202,0.049392,0.015101,0.017456,0.011598,0.024634,0.016579,0.026548,0.018562,0.001822,-0.002268,-0.001605
2026-02-10,-0.023343,0.006866,0.010649,0.002434,0.001083,0.006377,-0.008317,0.001016,0.000131,0.00819,0.003756,0.00531,0.003349,0.01007,0.01756,0.002928,0.003041,-2.8e-05,0.030377,0.004875,-8.9e-05,0.003198,0.002093,0.013784,0.000886,-0.023896,-0.00234,-0.000979,-0.002027
2026-02-11,0.022987,0.027878,0.010744,0.009371,-0.000924,0.002619,0.000469,0.006832,-0.007818,-0.00273,-0.003712,-0.002744,-0.002268,0.012648,-0.000582,-0.004954,-0.013805,-0.003956,0.016898,0.001115,0.006362,0.002813,0.003971,-0.008568,-0.002995,-0.01038,-0.001636,0.001906,-0.002064
2026-02-12,0.019643,-0.000287,-0.007494,-0.008706,-0.006334,-0.006833,-0.01067,-0.008158,-0.00477,-0.004643,-0.011491,-0.00044,-0.005052,-0.002432,-0.011515,-0.012992,-0.043284,-0.006214,-0.01385,-0.004514,-0.001896,-0.000491,-0.010492,-0.008697,-0.00577,-0.002252,-0.001171,0.002523,-0.002117
2026-02-13,0.013378,-0.031821,-0.010463,-0.009483,-0.009622,-0.01302,-0.015933,-0.014378,-0.016189,-0.036859,-0.019656,-0.016624,-0.011702,-0.012419,-0.016293,-0.012198,-0.025093,-0.014812,-0.018564,-0.028563,-0.01789,-0.019472,-0.017653,-0.013297,-0.014375,0.004687,-0.000474,-0.000473,-0.001272
2026-02-16,-0.013753,0.009251,-0.005397,-0.003907,0.006325,0.006277,0.00359,-0.003774,0.002422,0.016377,0.010465,0.002722,0.002579,0.013031,-0.005669,0.012493,-0.007649,0.005968,-0.008779,0.002678,0.002506,0.012831,0.01335,-0.007318,0.000329,-0.004243,-0.001496,0.004699,0.000611
2026-02-17,-0.005218,0.014316,0.006047,0.009998,0.017379,0.008418,0.004346,0.00969,0.012975,-0.007479,0.006103,0.005141,0.006629,0.012389,0.000916,0.003687,0.014645,0.012874,0.00987,-0.003851,0.005345,0.009527,-0.005337,-0.003645,0.0073,0.004938,0.002811,-0.003036,0.001189
2026-02-18,-0.007568,0.015694,0.000443,-0.001896,0.011872,0.009102,0.004723,0.005011,0.011289,0.009902,-0.001585,0.00419,0.010593,-0.001233,5.9e-05,0.002979,-0.005613,-0.000989,0.003275,0.010111,0.005228,-0.000805,0.007716,-0.003808,0.00922,0.000509,0.000398,0.001508,0.000634
2026-02-19,-0.023487,-0.028226,-0.013388,-0.029453,-0.012285,-0.015483,-0.022451,-0.007937,-0.013115,-0.014698,-0.003187,-0.012417,-0.013776,-0.007437,-0.014897,-0.012302,-0.004123,-0.015747,-0.020715,-0.018024,-0.009622,-0.018274,-0.017351,-0.020093,-0.016986,-0.005848,-0.001538,-0.002067,0.000306
2026-02-20,0.006952,0.015566,0.003202,0.005141,0.006209,0.00655,-0.001808,0.00023,0.0068,-0.003726,0.006669,0.001407,0.000105,-0.002143,-0.000128,0.000127,-0.016354,-0.001417,0.004128,0.002796,-0.004078,0.010585,-0.002341,-3.4e-05,-0.005424,0.00741,-0.002973,0.003494,-0.001922
2026-02-23,0.014886,0.020336,0.007534,0.004388,0.002425,0.003335,0.009383,1.5e-05,-0.011804,-0.005968,0.013951,0.006476,0.002222,0.010053,0.002469,0.006291,-0.013707,0.008687,-0.001052,-0.000557,0.013922,0.001112,-0.006547,0.002361,-0.000882,0.005901,4.8e-05,-0.00143,-0.002851
2026-02-24,-0.027889,-0.016725,-0.003118,-0.004122,0.007313,-0.001424,-0.002684,-0.005596,-0.010599,-0.002677,-0.000155,-0.007092,-0.005586,-0.002106,-0.013367,-0.005225,-0.042885,-0.001944,-0.015619,0.004555,0.003193,0.005635,-0.018336,-0.02477,-0.017892,-0.006534,-0.001755,0.001659,0.00059
2026-02-25,0.00054,-0.003177,0.012848,0.019124,0.003872,0.0063,0.001619,-4.6e-05,0.001075,0.003063,0.007507,0.008447,-0.000642,0.008643,-0.001831,0.002201,0.00018,-0.001833,0.011953,0.027242,0.016363,0.003237,-0.000841,-0.001665,-0.007816,-0.007265,0.00056,0.000523,-0.000604
2026-02-26,-0.000218,-0.023797,0.001351,-0.004615,0.009402,0.004368,-0.001002,0.005926,0.019133,-0.002463,-0.000692,-0.00044,-0.000421,0.004388,-0.001956,-0.002656,0.00032,0.004483,-0.002217,0.00468,0.004508,0.000577,-0.001853,0.005037,0.021048,-0.001216,0.000668,0.000932,0.000362
2026-02-27,-0.01508,-0.027735,-0.016435,-0.020919,-0.007706,-0.003655,-0.020197,0.001223,-0.00805,0.003247,-0.004739,-0.022318,-0.006309,-0.005712,-0.014652,-0.010915,0.003526,-0.008203,0.013629,-0.007143,-0.008997,-0.00425,-0.011229,-0.017928,0.00703,-0.007116,0.001743,-0.001355,0.001707
2026-03-02,-0.051872,-0.023504,-0.021976,-0.066359,-0.022046,-0.017455,-0.016033,-0.023724,-0.008262,-0.038363,-0.022079,-0.017688,-0.017123,-0.00683,-0.02333,-0.035746,-0.019855,-0.026669,-0.020367,-0.00821,-0.00949,-0.025133,-0.022701,-0.019325,-0.007878,-0.019004,-0.002471,0.002952,-0.000894
2026-03-03,0.0,0.0,0.0,0.0,0.0,0.0,0.0,0.0,0.0,0.0,0.0,0.0,0.0,0.0,0.0,0.0,0.0,0.0,0.0,0.0,0.0,0.0,0.0,0.0,0.0,0.0,0.0,0.0,0.0
2026-03-04,-0.033935,-0.033734,-0.028513,-0.027452,-0.029257,-0.029287,-0.025558,-0.01986,-0.011438,-0.028521,-0.036824,-0.02256,-0.020507,-0.01007,-0.024399,-0.033899,-0.003453,-0.024756,-0.03041,-0.033452,-0.013535,-0.021493,-0.026288,-0.010758,-0.012253,-0.020856,-0.00168,3.2e-05,0.000258
2026-03-05,0.172711,0.023301,0.015877,0.024528,0.011821,0.016469,0.006948,0.015887,0.033162,0.003528,0.008198,0.012391,0.010367,0.001431,0.010761,0.015358,-0.008765,0.027227,0.016865,0.017198,0.014379,0.022265,0.012478,0.012401,0.015259,0.008186,-0.00022,0.001947,0.000125
2026-03-06,-0.087385,-0.011602,-0.006571,-0.020932,-0.016045,0.003244,-0.019716,-0.004265,0.037894,-0.004666,0.002433,-0.009204,0.000585,-0.00302,-0.001348,0.010889,-0.002306,-0.009625,-0.005957,-0.004028,-0.00256,-0.004534,-0.013719,-0.008891,-0.005884,-0.009822,0.000134,-0.001969,-0.001304
2026-03-09,-0.031681,-0.024515,-0.030275,-0.039899,-0.043969,-0.029973,-0.042835,-0.024939,-0.018001,-0.029422,-0.018781,-0.017403,-0.019991,-0.012186,-0.026553,-0.030183,-0.008734,-0.022367,-0.013059,-0.027221,-0.005461,-0.023339,-0.020673,-0.013185,-0.028536,-0.017351,-0.001516,0.002358,-0.002929
2026-03-10,-0.008111,0.041282,0.025959,0.03519,0.028113,0.021508,0.010302,0.021377,0.018301,0.024572,0.003631,0.02126,0.015434,0.001544,0.006852,0.019754,0.01677,0.009522,0.008897,0.016901,0.016682,0.016022,0.023429,0.019624,0.021089,0.009496,0.000701,-0.001975,0.004733
2026-03-11,0.006136,-0.01271,-0.01422,0.000335,-0.012982,-0.006627,-0.004207,-0.004866,-0.012736,-0.01695,0.014341,-0.010796,-0.005718,0.003593,-0.005445,-0.00864,-0.008476,-0.006053,-0.00461,0.007212,-0.001652,0.005037,-0.01386,-0.010791,-0.007297,-0.005998,-0.000652,-0.004717,0.000454
2026-03-12,0.017001,-0.008951,-0.007175,-0.020172,-0.006566,-0.00263,-0.013305,-0.000498,-0.003188,0.012574,0.018035,-0.005054,-0.0097,-0.014668,-0.004035,-0.000231,-0.003528,-0.01571,0.016964,0.008337,-0.004048,0.039553,-0.007096,-0.011222,-0.000894,0.009981,-0.000368,-0.001516,-0.000662
2026-03-13,-0.013139,-0.027649,-0.034969,-0.021682,-0.033625,-0.029415,-0.032423,-0.02953,-0.035571,-0.026235,-0.025558,-0.017514,-0.01958,-0.026142,-0.030406,-0.026615,-0.018319,-0.019134,-0.034481,-0.041979,-0.02078,-0.012609,-0.02811,-0.022804,-0.03377,-0.03081,-0.000618,-0.000278,0.001574
2026-03-16,0.000248,0.010223,-0.000696,0.010846,-0.006781,-0.006149,0.013123,-0.001929,-0.013649,0.011157,-0.014036,0.001101,0.001854,-0.009192,0.002032,-0.010027,-0.0121,-0.004163,0.002469,-0.007183,-0.006828,-0.00756,-0.009266,0.005182,0.021001,-0.003242,-0.000702,0.003534,-0.001072
2026-03-17,0.020514,0.012356,0.012228,0.010371,-0.002641,0.01495,0.009218,0.003671,0.017614,0.014809,0.009407,0.00231,-0.000317,0.007619,0.004761,0.006031,-0.008933,-0.000112,0.010503,0.030112,0.003497,0.006432,0.011478,0.008113,0.005797,0.005664,-0.00148,0.004157,-0.000374
2026-03-18,0.012722,0.027297,0.028193,0.01706,0.016363,0.025612,0.017579,0.014262,0.017947,0.068162,-6.8e-05,0.016131,0.012512,0.011283,0.023253,0.025023,0.028261,0.027863,0.020994,0.004732,0.010492,0.0133,0.027804,0.01963,0.013911,0.031952,0.002343,-0.000942,0.000229
2026-03-19,-0.032064,-0.03182,-0.030276,-0.042887,-0.03292,-0.03086,-0.040259,-0.026702,-0.031821,-0.031246,-0.007952,-0.030581,-0.027781,-0.026425,-0.036469,-0.032692,-0.02942,-0.032524,-0.024897,-0.029845,-0.024465,-0.001868,-0.038221,-0.035609,-0.019873,-0.023796,-0.000794,-0.002389,-0.001957
2026-03-20,-0.011502,-0.01166,0.010325,-0.001409,0.008667,0.008454,0.004321,0.007388,-0.010194,-0.011237,-0.000789,-0.001364,0.010735,-0.003058,-0.011318,-0.000134,0.011421,0.012143,-0.003874,0.018084,0.011235,0.002966,0.003359,0.022336,0.009287,0.022237,-0.001567,0.000912,-0.00138
2026-03-23,-0.037323,-0.029489,-0.04087,-0.049766,-0.046881,-0.041073,-0.038661,-0.032771,-0.053512,-0.039808,-0.040989,-0.0394,-0.037963,-0.01933,-0.033132,-0.04967,-0.027043,-0.03983,-0.032015,-0.0513,-0.028262,-0.039663,-0.045658,-0.037512,-0.05345,-0.01279,-0.002319,0.00131,-0.000264
2026-03-24,0.043385,0.031546,0.024803,0.0496,0.022671,0.022405,0.027681,0.024268,0.018956,0.028797,0.010526,0.022159,0.020656,0.019272,0.028329,0.04044,0.020532,0.01982,0.026175,0.025488,0.018745,0.010713,0.01922,0.022051,0.024971,0.015654,0.002114,0.000953,1e-06
2026-03-25,0.014419,0.03226,0.023503,0.03153,0.02766,0.030583,0.034121,0.024095,0.006376,0.022313,0.006824,0.022486,0.025778,0.027367,0.021706,0.031421,0.014482,0.025435,0.0084,0.025996,0.019989,0.014337,0.025539,0.020141,0.011725,0.005714,0.002515,0.000729,0.002914
2026-03-26,0.0,0.0,0.0,0.0,0.0,0.0,0.0,0.0,0.0,0.0,0.0,0.0,0.0,0.0,0.0,0.0,0.0,0.0,0.0,0.0,0.0,0.0,0.0,0.0,0.0,0.0,0.0,0.0,0.0
2026-03-27,-0.031587,-0.03577,-0.026718,-0.043984,-0.026714,-0.019011,-0.021953,-0.021054,-0.033757,-0.024347,-0.005562,-0.020258,-0.024554,-0.016892,-0.016787,-0.029846,-0.013596,-0.022957,-0.021617,-0.015678,-0.000647,-0.014145,-0.033118,-0.021571,-0.019783,-0.01301,-0.002913,0.000164,-0.000756
2026-03-30,-0.023459,-0.017428,-0.029115,-0.03805,-0.043543,-0.026998,-0.026314,-0.021541,-0.039896,-0.025208,-0.013441,-0.031003,-0.022463,-0.016565,-0.028469,-0.035388,-0.027268,-0.024363,-0.026022,-0.011223,-0.013558,-0.02616,-0.029118,-0.02938,-0.037041,-0.023048,-0.001982,0.00082,-0.000673
2026-03-31,0.0,0.0,0.0,0.0,0.0,0.0,0.0,0.0,0.0,0.0,0.0,0.0,0.0,0.0,0.0,0.0,0.0,0.0,0.0,0.0,0.0,0.0,0.0,0.0,0.0,0.0,0.0,0.0,0.0
2026-04-01,0.051043,0.043217,0.02999,0.064215,0.041882,0.033996,0.025878,0.031547,0.096445,0.017405,0.017255,0.02876,0.024652,0.017342,0.028139,0.049924,0.03646,0.042999,0.02902,0.034615,0.005139,0.032778,0.032814,0.044852,0.037542,0.025336,0.007337,-0.006078,0.003975
2026-04-02,0.002376,-0.026619,-0.004981,0.00496,-0.001966,-0.001361,-0.004282,-0.002255,-0.008136,-0.003065,-0.002229,-0.004305,0.000428,-0.000494,0.003031,0.002811,0.020134,-0.006377,-0.008718,0.001567,-0.007103,-9.4e-05,0.01498,0.008037,0.002216,0.00928,0.001008,-0.002138,0.002574
2026-04-03,0.0,0.0,0.0,0.0,0.0,0.0,0.0,0.0,0.0,0.0,0.0,0.0,0.0,0.0,0.0,0.0,0.0,0.0,0.0,0.0,0.0,0.0,0.0,0.0,0.0,0.0,0.0,0.0,0.0
2026-04-06,-0.00158,0.006836,0.009075,0.024324,0.022378,0.00508,0.023879,0.001061,0.014865,0.0071,0.003063,0.01691,0.013568,0.01278,0.016901,0.008825,0.009172,0.014167,-0.005593,0.015145,0.004872,0.019783,0.016367,0.025045,0.009647,0.013607,0.003016,0.002004,-0.001646
2026-04-07,0.00216,-0.009838,-0.003343,-0.010217,-0.004011,0.001567,-0.006851,0.000514,0.014796,0.006608,0.004101,0.001301,0.000199,0.010751,-0.010529,0.005091,0.014661,0.004793,-0.004412,0.016347,-0.000156,8.7e-05,0.009241,0.000827,-0.00152,0.00273,0.001003,-0.000319,0.00012
2026-04-08,0.067177,0.062733,0.0523,0.07423,0.060182,0.038879,0.055041,0.038377,0.031125,0.036453,0.032222,0.051905,0.028485,0.020593,0.04953,0.054889,0.017718,0.04216,0.031747,0.032386,0.014926,0.029135,0.051752,0.032617,0.037309,0.029139,0.007697,0.001842,0.001182
2026-04-09,-0.00801,-0.00882,0.003351,-0.037253,-0.011518,0.004959,-0.009562,0.001052,0.028666,-0.007599,0.001404,0.00064,8.2e-05,0.004841,-0.01194,3.8e-05,-0.000847,0.009868,-0.009701,0.005525,0.007799,0.003207,-0.001784,-0.014172,0.017555,-0.001776,0.001428,0.000113,0.001122
2026-04-10,0.013143,0.038085,0.021753,0.023608,0.021188,0.020329,0.019291,0.014436,0.009442,0.009177,0.015009,0.019991,0.01758,0.003371,0.024039,0.020475,0.000189,0.012254,0.021868,0.014753,0.016053,0.014654,0.012333,0.013129,0.010522,0.011036,0.005221,-0.001623,-0.001178
2026-04-13,-0.011235,-0.025197,-0.012894,-0.025987,-0.007365,-0.002918,-0.012749,-0.004905,-0.0017,-0.005418,-0.00513,-0.004386,-0.005176,-0.004561,-0.005972,-0.011225,-0.012255,-0.011173,-0.001424,-0.000276,-0.001881,0.017241,-0.005028,-0.001072,-0.00023,-0.008491,0.001074,-0.001482,-0.001088
2026-04-14,0.0,0.0,0.0,0.0,0.0,0.0,0.0,0.0,0.0,0.0,0.0,0.0,0.0,0.0,0.0,0.0,0.0,0.0,0.0,0.0,0.0,0.0,0.0,0.0,0.0,0.0,0.0,0.0,0.0
2026-04-15,0.013438,0.045335,0.01695,0.04769,0.015847,0.033331,0.016194,0.027543,0.020938,0.027133,0.01791,0.024538,0.019255,0.020896,0.018722,0.03498,0.031486,0.014938,0.01992,0.030941,0.011139,0.028691,0.024947,0.023059,0.027832,0.020079,0.002551,-0.000991,0.000206
2026-04-16,0.017206,0.001473,0.002962,-0.006796,0.004224,0.012964,0.01131,-0.000943,0.015191,0.009021,0.004652,0.01131,0.010283,-0.00663,0.001695,0.016868,0.018422,0.017118,-0.002068,0.022902,-0.000279,0.023208,0.016399,0.008677,-0.002729,-0.005644,0.004845,-0.001569,0.001006
2026-04-17,0.007038,0.043293,0.007304,0.004659,0.008628,0.021773,0.00518,0.009487,0.026742,0.049624,0.020287,0.01368,0.022381,0.006859,0.005537,0.014666,0.004162,0.014265,0.002702,0.013044,0.010771,0.022262,0.005743,0.013686,0.005845,0.020217,0.003652,-0.000488,0.002303
2026-04-20,-0.012537,-0.006033,-0.000834,0.005354,-0.000548,0.009023,0.005528,8.3e-05,-0.006829,-0.010791,-0.00258,-0.00646,-0.000446,-0.0035,0.003817,-0.00462,-0.015414,0.006142,0.021529,-0.005202,-0.004937,0.007946,-0.009542,-0.000431,-0.016709,-0.002303,0.000873,0.001793,0.000577
2026-04-21,0.01136,0.041982,0.009083,0.002579,0.013715,0.007311,0.00554,0.006777,0.014424,-0.004615,-0.001784,0.00919,0.011739,0.011285,0.021843,0.004724,0.005286,0.007134,0.00367,-0.001633,-0.004012,-0.001888,0.01374,0.007218,0.010758,0.011466,0.001162,-0.000292,0.001631
2026-04-22,0.004556,0.000153,0.008067,-0.009314,0.007374,0.011735,0.00437,0.01526,0.025625,0.020972,0.011911,-0.002242,0.010625,0.004542,-0.000137,0.00542,-0.022929,0.000985,0.010346,0.011202,0.005598,0.025261,0.001746,0.004964,0.00581,0.008549,0.003026,-0.002606,0.001652
2026-04-23,-0.01239,-0.026526,-0.014216,-0.018877,-0.016227,-0.002841,-0.014916,0.003735,0.012699,0.002178,-0.005306,-0.006985,-0.00727,-0.007182,-0.017508,-0.004294,-0.0084,-0.015932,0.006824,-0.007946,0.014946,-0.001183,-0.006177,-0.013954,-0.005915,0.001229,0.001647,-1.3e-05,-0.000941
2026-04-24,0.008593,-0.077535,-0.019069,-0.010384,-0.003119,-0.011596,-0.012435,-0.009438,-0.00841,-0.013274,-0.001989,-0.00657,-0.0097,-0.006272,-0.009891,-0.013107,-0.034926,-0.003909,-0.019234,-0.00654,-0.011838,-0.007357,-0.01489,-0.011378,-0.007113,-0.006846,0.001951,0.001786,-0.001728
2026-04-27,0.0211,0.031683,0.017814,0.00774,0.011385,0.017308,0.017031,0.009151,-0.000845,0.019857,0.013802,0.009203,0.014548,0.022642,0.013892,0.023156,0.023543,0.023715,0.025569,0.024676,0.022897,0.029885,0.025473,0.009858,0.012406,0.014907,0.004723,-0.0012,-1.6e-05
2026-04-28,-0.006145,0.01181,0.000578,-0.029912,-0.014549,-0.000174,-0.010643,0.001413,0.003345,-0.00739,0.010083,-0.003842,-0.004341,-0.007307,-0.0027,0.002676,-0.006405,0.000973,0.005564,0.001498,-0.001404,0.004745,-0.001599,-0.005985,0.014025,-0.00048,0.001004,0.002049,0.001326
2026-04-29,0.001591,-0.000971,0.00356,-0.022954,0.010922,-0.002282,-0.009582,0.004745,0.019735,-0.006269,0.004823,0.00271,0.00442,-0.001013,0.027725,-0.007661,0.001965,0.009149,-0.006871,0.006224,0.00093,-0.013688,0.007783,-0.008964,0.006208,-0.000497,0.0011,0.000536,-0.001051
2026-04-30,0.01251,-0.013129,-0.01061,-0.007511,-0.006837,-0.016214,-0.0092,-0.002871,-0.017112,0.009927,-0.00165,-0.004162,-0.011544,-0.013072,-0.014509,-0.001961,0.008247,-0.004627,-0.004397,-0.044131,-0.004414,-0.004859,-0.015675,-0.01398,0.006288,-0.006476,0.006298,-0.003617,-0.007324
2026-05-01,0.0,0.0,0.0,0.0,0.0,0.0,0.0,0.0,0.0,0.0,0.0,0.0,0.0,0.0,0.0,0.0,0.0,0.0,0.0,0.0,0.0,0.0,0.0,0.0,0.0,0.0,0.0,0.0,0.0
2026-05-04,0.002211,0.008911,-0.001206,-0.009633,0.000936,0.012316,0.004146,0.005214,-0.01551,0.008571,0.00518,0.012598,0.010439,0.036356,0.00485,0.01649,0.001021,0.021691,-0.0116,0.013202,0.013963,0.012783,0.010415,0.007884,0.012187,0.010823,0.005608,-0.000428,-0.001136
2026-05-05,-0.009323,0.014624,-0.000524,-0.009815,0.001182,-0.000907,0.001637,-0.000168,0.013757,0.000123,-0.002987,0.00648,0.00449,0.001053,-0.006435,0.003242,0.001046,-0.006027,0.001085,0.002688,0.003274,-0.002035,-0.007941,-0.005716,0.006543,0.003276,0.003922,0.001219,0.001411
2026-05-06,0.009636,0.028099,0.01317,0.062065,0.023946,0.010612,0.0241,0.023242,0.013034,0.024103,0.000288,0.016388,0.007855,0.014764,0.01876,0.013094,0.021822,0.018794,0.012152,0.010997,0.026326,0.00571,0.023219,0.024852,0.034801,0.00524,0.00405,0.001013,0.003195
2026-05-07,0.006339,0.008416,0.018553,-0.000808,0.00797,0.013327,0.024894,0.002755,0.02861,-0.010734,0.009433,0.008941,0.003049,0.001758,-0.0056,0.009662,0.002143,0.005525,-0.003214,0.008175,0.006837,0.002922,0.015704,0.021361,0.023814,-0.003534,0.005205,-0.003041,-0.001428
2026-05-08,-0.004822,-0.001599,0.002573,0.001138,-0.008361,0.004507,-0.008124,0.00357,-0.009002,-0.006287,-0.012859,0.001389,0.001502,0.010195,-0.007561,-0.00538,0.02442,0.008566,0.01013,-0.006735,0.000587,-0.009106,-0.007093,-0.005504,-0.013687,-0.007924,0.004694,-0.000527,0.002683
2026-05-11,-0.030474,-0.010708,-0.007725,-0.050021,-0.018341,-0.020559,-0.012177,-0.0162,-0.019021,-0.007958,-0.017769,-0.012886,-0.015407,0.02112,-0.024569,-0.017662,0.004237,-0.020072,-0.033509,-0.008508,0.003051,-0.006965,-0.029536,-0.022138,-0.005827,-0.005609,0.000778,0.00042,-0.00139
2026-05-12,-0.024998,-0.020817,-0.029412,-0.023703,-0.026951,-0.031156,-0.019979,-0.024237,-0.042854,-0.032414,-0.014707,-0.029555,-0.020776,-0.020935,-0.029748,-0.033775,-0.041997,-0.029953,-0.028079,-0.021929,-0.01568,-0.035548,-0.038262,-0.023668,-0.019806,-0.013817,-0.003834,0.00195,0.000417
2026-05-13,0.023981,0.01165,-0.000565,0.006536,-0.002342,0.007083,0.011313,0.011858,0.017435,0.011964,0.004388,0.004132,0.001304,0.003104,0.005465,0.004268,-0.012723,0.006774,-0.000166,0.029157,-0.000451,0.001164,0.007676,-0.004097,0.02695,0.000704,0.00127,0.003835,0.00028
2026-05-14,-0.000266,0.020277,0.000911,-0.000286,0.009326,0.003855,0.010238,0.007068,-0.017425,-0.010817,0.001419,0.004158,0.005214,0.002856,0.009074,0.01023,-0.014128,0.005917,0.03933,0.006811,0.01912,0.017583,0.005322,0.006742,0.009453,0.004593,0.001846,0.003304,0.001147
2026-05-15,-0.004514,-0.00069,-0.003439,0.008993,-0.008185,-0.001174,-0.007784,-0.005862,-0.021331,-0.006853,-0.001517,-0.005365,-0.001004,0.005465,-0.000636,-0.01012,0.001691,0.006426,0.01674,-0.02166,-0.000372,-0.00961,-0.013385,-0.008431,-0.003303,0.01616,-0.000272,-0.000432,-0.000694
2026-05-18,-0.007293,-0.015208,-0.017235,-0.013597,-0.014655,-0.017413,-0.008023,-0.013057,-0.022738,-0.004016,-0.004658,-0.006517,-0.01019,-0.004668,-0.009777,-0.018269,0.001014,-0.028221,-0.029833,-0.013609,0.002271,-0.011292,-0.009058,-0.011802,-0.008447,-0.006493,-0.000596,0.003458,-0.000894
2026-05-19,0.016136,-0.006277,0.005718,-0.010691,0.008342,0.005344,0.002575,0.012028,-0.000657,0.017901,0.001281,0.005147,0.011999,0.006263,0.012759,0.00129,0.024169,0.001913,0.012036,0.001625,0.010331,0.008708,0.01296,0.013302,0.012075,0.022215,0.002813,-0.001442,0.002745
2026-05-20,-0.015111,0.016658,0.002385,0.004628,0.000569,0.011327,-0.005508,0.004469,0.005469,-0.008927,0.002753,0.000596,-0.002142,0.002639,0.000216,0.000491,-0.002872,-0.004475,-0.012634,0.003979,-6.5e-05,-0.000834,-0.000364,-0.002013,0.000181,-7.4e-05,0.001439,0.002165,-0.001622
2026-05-21,-0.005455,-0.015309,0.005909,0.034282,0.003209,0.019571,0.023897,0.008318,0.012813,0.012826,0.008165,0.001691,-0.00077,0.008044,-0.007881,0.013758,-0.001323,0.003249,-0.001096,0.003068,0.000596,-0.003404,0.006611,0.008782,0.001621,0.004566,0.001422,-0.001668,-0.000472
2026-05-22,-0.011815,0.007879,0.005144,0.005834,0.003774,-0.000229,0.000984,0.002209,-0.000839,0.016319,0.00574,0.003286,0.00011,-0.012322,0.005684,-0.00501,0.000656,-0.004949,-0.02322,0.003094,-0.009522,0.000435,0.00273,0.001145,0.00402,-0.009516,0.002167,0.001124,-0.001933
2026-05-25,0.025814,0.012698,0.017137,0.00877,0.020321,0.00468,0.008846,0.012127,0.008392,0.005654,0.007135,0.01215,0.003818,-0.00059,0.014687,0.026785,0.010863,0.01274,0.002641,0.006048,0.007232,0.014857,0.011745,-0.003348,0.021518,-0.001922,0.004149,0.001831,0.002521
2026-05-26,0.014366,-0.004002,0.002929,-0.007117,-0.000347,0.006306,0.000722,0.001896,-0.002064,-0.002216,0.009498,0.000238,0.0008,-0.006409,0.001342,-0.006062,-0.001552,-0.012366,-0.004846,0.008927,0.001372,0.010336,-0.003882,-0.000221,0.006253,-0.002489,0.002296,0.000775,0.00041
2026-05-27,-0.007911,-0.001144,0.008983,0.013812,0.001694,0.020817,0.007915,0.003525,-0.001483,0.010193,0.007879,-0.000298,0.002496,-0.006034,0.00485,0.000388,-0.004575,-0.007023,0.048555,0.015759,-0.003817,0.029101,0.001564,0.00568,0.00591,0.003969,0.003311,0.003375,-0.002083
2026-05-28,0.0,0.0,0.0,0.0,0.0,0.0,0.0,0.0,0.0,0.0,0.0,0.0,0.0,0.0,0.0,0.0,0.0,0.0,0.0,0.0,0.0,0.0,0.0,0.0,0.0,0.0,0.0,0.0,0.0
2026-05-29,-0.029065,-0.000806,-0.017893,-0.037725,-0.006853,-0.002411,-0.011041,-0.017639,-0.022782,-0.021626,-0.012795,-0.009647,-0.006759,-0.012395,-0.015846,-0.006206,-0.00017,-0.012759,0.003642,-0.014611,-0.012133,-0.016754,-0.0053,-0.007137,0.002037,-0.004108,0.006518,-0.000765,-0.002391
2026-06-01,-0.027769,-0.01003,-0.011038,0.012094,-0.010574,-0.022696,-0.011154,-0.009996,-0.018163,-0.00671,-0.001202,-0.013094,-0.013292,-0.017573,-0.010206,-0.00806,0.009975,-0.01194,0.03885,0.006976,-0.007895,-0.015503,-0.015556,-0.011062,-0.00321,0.013906,0.004062,-0.002043,-0.000913
2026-06-02,0.027439,-0.001326,0.005254,0.001537,0.003885,0.004299,-0.002429,0.0034,0.016308,0.002914,-0.000397,0.000237,0.009145,0.006308,-0.000948,0.005843,0.037746,0.003023,-0.00334,0.008529,-0.005824,0.008494,0.005209,0.002998,0.009294,0.004155,0.002176,0.000175,-0.000169
2026-06-03,-0.026894,-0.008458,-0.001524,0.009627,0.012614,0.002383,-0.013493,0.000716,0.000901,9.9e-05,-0.003612,-0.005119,-0.004736,0.003647,0.002559,-0.004851,-0.032169,-0.007195,-0.001298,0.001735,0.004099,-0.000728,-0.012333,0.00568,0.02171,0.012716,0.003599,-0.000825,6.8e-05
2026-06-04,0.015086,0.027526,0.003204,-0.004685,-0.001597,0.012553,9e-06,0.003265,0.016034,0.015818,0.004344,0.00363,0.00206,0.012639,0.008713,0.005075,-0.003388,0.001659,0.019146,-0.000418,0.004704,0.001206,0.003106,0.00048,0.00517,0.010643,0.003041,0.001735,-0.000586
2026-06-05,-0.001792,-0.007177,-0.002495,-0.00541,0.003382,0.001879,-0.006982,0.000503,-0.003354,-0.003304,0.00205,0.000231,-0.001215,0.00936,-0.003746,0.002041,-0.005691,0.005731,0.032612,-0.014183,-0.000482,0.006716,-0.001314,-0.000913,-0.013883,-0.00361,0.001825,-0.001022,-0.000525
2026-06-08,-0.032138,-0.034919,-0.021813,-0.025769,-0.007174,-0.024545,-0.020213,-0.019843,-0.01318,-0.029321,-0.013733,-0.022097,-0.008606,-0.003374,-0.024556,-0.01695,-0.016493,-0.012164,-0.01867,-0.029593,-0.00504,-0.013139,-0.026218,-0.011141,-0.02603,-0.013083,-0.001718,-0.000279,-0.000263
2026-06-09,0.008723,0.020669,0.017129,0.039834,0.034655,0.012896,0.008539,0.015703,0.026592,0.020581,0.006385,0.01524,0.006765,0.008494,0.008807,0.013376,0.010833,0.010254,-0.010175,0.010856,0.009761,-0.000297,0.012413,0.015929,0.001,0.004415,0.005004,-0.00114,0.000186
2026-06-10,-0.023978,-0.010241,-0.010921,0.001337,-0.012954,-0.017504,-0.0056,-0.000185,-0.020529,-0.015579,-0.00838,-0.012681,-0.00392,-0.007558,-0.003313,-0.008763,-0.015146,-0.006841,-0.023719,-0.018709,-0.00522,-0.021658,-0.020081,0.000375,-0.016049,-0.006737,-0.000852,-0.002131,-0.002182
2026-06-11,0.019552,-0.016967,-0.011108,-0.00782,-0.006387,-0.013108,-0.003987,-0.011542,-0.020168,-0.010146,0.005515,-0.011449,-0.00798,0.001258,-0.012269,-0.011871,-0.015376,-0.009126,0.023455,-0.003752,0.00122,-0.012979,-0.012381,-0.018453,-0.00037,-0.007635,0.002578,0.00113,-0.00052
2026-06-12,0.01686,0.02709,0.028801,0.044311,0.03381,0.031259,0.027413,0.024388,0.037895,0.031591,0.014989,0.035888,0.020722,0.010745,0.030789,0.038394,0.007699,0.018413,0.008206,0.019578,0.007098,0.017463,0.029324,0.025996,0.032964,0.019616,0.004305,-0.001272,0.005151
2026-06-15,0.001033,0.033367,0.024109,0.037199,0.012425,0.013202,0.024807,0.013064,0.002541,0.01685,0.023957,0.028848,0.008243,-0.005341,0.032977,0.015057,0.013276,0.018718,-0.004241,0.009104,-0.008638,0.007769,0.0266,0.020952,0.007606,0.010091,0.002068,-0.001005,-0.002091
2026-06-16,-1.1e-05,0.002261,-0.002055,-0.008542,0.00388,0.008859,-0.004749,0.005895,0.011339,0.0333,0.009274,0.003834,0.007558,0.002144,0.008435,0.011417,0.017586,0.000235,0.008929,-0.005182,-0.002382,-0.00214,0.016392,0.003221,0.003907,0.004356,0.000948,-0.000427,0.001505
2026-06-17,0.002854,0.001426,0.005259,0.006207,0.018815,0.013532,0.007556,-0.001763,0.044658,0.010252,0.003037,0.006332,0.001298,0.001744,0.00862,0.007629,0.003859,0.003626,-0.005959,0.009586,-0.000667,-0.00347,-0.001866,0.018513,0.011322,0.005638,0.002228,0.000464,-0.000393
2026-06-18,0.011909,0.016256,0.002684,0.026635,0.000691,0.005216,0.003027,0.001276,0.002892,-0.004011,0.004403,0.006328,0.009501,0.011032,0.007644,0.005678,2.7e-05,0.008114,0.004771,0.002701,0.008678,0.012239,0.008197,0.008322,0.005869,0.048988,0.003463,-0.000784,0.000251
2026-06-19,-0.009787,0.0032,0.004768,0.004063,-0.001141,0.009679,-0.007811,0.000287,0.008283,-0.00152,-0.000897,0.009213,-0.006481,0.007506,0.016614,0.000735,-0.012013,0.007316,0.005106,-0.002653,0.004903,0.004281,-0.010936,-0.004247,0.018838,-0.008313,0.004056,-0.00238,-0.002807
2026-06-22,0.007773,-0.007611,0.010309,0.001683,0.00622,0.011568,0.003034,0.004923,0.013624,-0.000743,0.016193,0.006595,0.00315,0.005713,0.011443,0.006256,0.005113,0.013607,0.019986,0.003866,0.004902,0.015096,0.004801,0.003183,0.001748,-0.002701,0.001597,-0.001805,0.000194
2026-06-23,-0.019991,-0.004472,-0.00687,-0.010949,-0.01309,-0.008873,-0.008539,-0.009742,-0.011632,-0.00959,-0.01471,-0.01201,-0.00818,-0.00876,-0.011848,-0.010371,-0.015061,-0.007263,-0.009223,-0.022308,0.012612,-0.012277,-0.013602,-0.003982,-0.016566,-0.00999,0.00202,-0.001159,-0.001094
2026-06-24,0.023762,-0.008563,-0.0033,0.045745,0.011423,-0.007327,0.019076,0.006219,-0.017926,0.000152,-0.00288,0.003982,0.002925,0.002905,0.004438,0.001902,0.005558,0.005484,0.003169,-0.006312,-0.000643,-0.001668,0.01117,0.006895,-0.006184,0.028985,0.003214,0.001077,0.00211
2026-06-25,-0.001614,-0.006043,0.005621,0.043972,-0.006466,-0.007368,-0.000864,-0.008158,-0.018711,-0.01311,-0.000944,-0.000714,-0.00056,0.00273,-0.004771,-0.004038,-0.004805,-0.013785,-0.005971,-0.009308,-0.00377,-0.005695,-0.004648,-0.012063,-0.00328,-0.011912,0.003238,0.000982,-0.001717
2026-06-29,-0.024728,0.007273,-0.014228,-0.028798,-0.001411,-0.004505,-0.010203,-0.013518,-0.011766,-0.017125,-0.000639,-0.006079,-0.00169,-0.007898,-0.014317,-0.010093,-0.018556,-0.007337,-0.0063,0.009406,0.008173,0.002449,-0.018331,0.000617,-0.013212,-0.016371,0.004083,0.001132,0.00112
2026-06-30,-0.021152,0.001771,0.010393,0.010497,-0.003049,0.001088,0.001867,0.00055,0.019482,0.000636,0.004805,0.005515,0.003155,0.010119,0.001655,0.002127,-0.014564,0.011078,-0.011515,-0.000894,0.011058,0.001505,0.003838,0.004569,0.008475,0.009843,0.002457,-0.000946,-0.001413
2026-07-01,0.022996,0.019753,0.003368,0.005907,0.008173,-0.006816,0.008851,-0.000806,0.00583,0.005981,0.004306,0.007324,0.006005,-0.004411,0.012092,0.010626,-0.003251,0.027943,0.013176,-0.010445,-0.003513,0.002915,0.023223,0.012257,0.003782,0.017766,0.00278,-0.000668,-0.002519
2026-07-02,0.010762,0.006479,0.021913,0.009353,0.002606,-0.004349,0.014903,0.012967,0.009302,0.005999,0.002086,0.00601,0.01254,0.012354,0.006273,0.00023,0.034449,0.004524,0.001233,0.008979,0.005072,0.003884,0.017473,0.013659,-0.010522,0.004679,0.001103,-0.001186,0.000554
2026-07-03,-0.001948,0.018621,-0.004617,-0.00445,-0.006311,-0.013558,0.014607,0.006845,-0.004408,0.013203,0.001981,0.003988,0.000406,0.003124,0.001805,-0.000549,0.00898,0.002124,-0.005801,0.005684,0.009255,-0.005461,0.011995,-0.006301,0.003699,0.00691,0.000389,4.8e-05,0.003635
2026-07-06,0.003439,0.004319,0.002381,-0.005499,0.002507,0.001793,-0.002392,0.000694,0.013397,-0.005281,0.016414,0.003386,0.004444,-0.007583,0.016385,-0.004616,-0.000537,0.006875,-0.003658,0.005998,0.003083,-0.002242,0.012298,-0.000458,0.000196,-0.007308,0.003463,0.001007,-0.004082
2026-07-07,0.005688,-0.010333,-0.002166,-0.00115,-0.002906,-0.012901,-0.00663,-0.008862,-0.02065,0.002137,0.000463,-0.002286,-0.006988,-0.008431,0.002585,-0.005694,0.010467,-0.013607,-0.018102,-0.010796,-0.004799,-0.009766,-0.006733,0.003274,-0.006224,-0.014748,-0.002275,3.2e-05,-0.000814
2026-07-08,-0.001587,-0.015732,-0.015758,-0.052231,-0.027948,-0.015557,-0.024264,-0.021849,-0.027081,-0.017192,-0.024847,-0.02331,-0.019657,-0.012868,-0.030669,-0.028115,-0.023661,-0.030125,-0.025425,-0.01129,-0.012287,-0.013436,-0.016799,-0.010796,-0.015579,-0.022542,0.000967,0.000973,0.000286
2026-07-09,0.021539,0.027413,0.008544,0.019759,0.017328,0.01486,0.015178,0.009994,-0.003359,0.010997,0.00509,0.014906,0.016817,0.016913,0.014136,0.011397,0.015608,0.014936,0.01974,0.0152,0.01009,0.003112,0.025069,0.014148,0.015519,0.005193,0.005568,-0.001437,0.000196
2026-07-10,-0.000253,0.006901,0.006974,0.017866,0.032026,0.011821,0.015048,0.012459,0.021418,0.011204,0.012848,0.014847,0.012476,0.005568,0.015344,0.014035,0.028745,0.0136,-0.002003,0.018293,0.006248,0.015928,0.035314,0.012768,0.016114,-0.001929,0.00129,-0.001933,0.000263
2026-07-13,-0.01323,0.011482,0.000629,-0.012804,0.001035,-0.00134,-0.008609,-2.4e-05,-0.010709,-0.000142,0.008548,-0.000102,0.005515,-0.002349,0.001765,0.003328,0.0352,-0.004781,0.023005,0.001071,0.000436,-0.000356,-0.000432,0.002827,-0.005175,0.009079,0.002172,-0.002536,-0.000538
2026-07-14,-0.006908,-0.027937,-0.014266,-0.0284,-0.016522,-0.009324,0.003363,-0.00656,-0.015528,0.000713,-0.013267,-0.015459,-0.002963,0.001412,-0.015307,-0.013586,-0.013688,0.015648,-0.007003,-0.005246,0.003617,0.003703,-0.014742,-0.011095,-0.007243,-0.008808,0.000566,0.003136,0.001085
2026-07-15,0.016693,-0.007363,0.010298,0.013056,0.008921,0.008718,0.026223,0.009505,0.001402,-0.005223,0.008316,0.009047,-0.003788,0.005538,0.000881,0.001344,-0.001947,-0.005649,0.00014,0.001045,0.003233,-0.004145,0.001822,0.003396,0.00603,0.001621,0.003096,-0.000892,-0.003848
2026-07-16,-0.009599,-0.03517,0.002579,0.01635,-0.006035,0.005158,-0.004042,0.014423,-0.005397,-0.007395,-0.008695,-0.008638,0.003274,-0.00236,-0.005616,-0.003542,0.00337,-0.002301,0.010877,-0.000569,0.003303,-0.001859,-0.004886,-0.003964,0.000654,0.000198,0.001905,0.000276,0.002023
2026-07-17,0.001842,0.01793,-0.004691,-0.006034,0.008577,-0.011032,-0.00079,-0.004733,-0.004615,-0.003631,0.001675,-0.002526,-0.002367,-0.008733,0.002154,-0.000725,0.008345,-0.000851,0.004118,-0.010002,-0.009341,-0.005581,0.004932,-0.00765,-0.016112,0.000136,-0.000401,0.001549,0.002819
2026-07-20,0.00939,-0.005517,0.001484,-0.007349,0.001378,0.001869,0.002162,0.003832,-0.006733,0.011112,0.010273,0.000764,0.005481,0.002316,-0.000801,0.002525,-0.006596,0.002486,0.010959,0.005147,0.011322,0.009573,0.000139,0.001264,-0.005369,0.004628,0.001121,0.00209,-6e-06
2026-07-21,-0.013842,-0.012951,0.006728,0.01438,0.009511,-0.001503,0.018425,0.012751,0.021204,-0.000138,-0.005328,0.00401,-0.000155,-0.001947,-0.001647,-0.00257,-0.004441,-0.004865,-0.001339,0.005991,0.002444,0.00242,0.000269,-0.006716,0.009764,-0.001412,0.002348,-0.000696,-0.00016
2026-07-22,-0.001405,-0.012359,-0.00425,-0.03786,-0.023823,-0.011486,-0.007053,-0.013179,0.003369,-0.005369,0.00073,-0.012119,-0.000493,-0.009357,-0.009918,-0.014344,-0.01482,-0.020605,-0.021231,-0.008056,-0.015159,-0.01074,-0.01807,-0.012613,-0.01243,-0.006988,0.000203,0.001596,-6.3e-05
2026-07-23,-0.012645,-0.020314,-0.009805,-0.01982,-0.014914,-0.00381,-0.005751,-0.010312,-0.00723,-0.005926,-0.007004,-0.008602,-0.01134,-0.003584,-0.008843,-0.012696,-0.011152,-0.009897,-0.000981,-0.005975,-0.008533,-0.008872,-0.015301,-0.010229,-0.02256,-0.01062,-0.002437,0.001951,-0.000166
2026-07-24,0.004537,-0.010178,-0.002122,-0.006087,0.004236,-0.001195,-0.004096,-0.00181,-0.00262,-0.002561,-0.004243,-0.004116,0.002953,0.005642,-0.00073,0.001051,0.006326,0.00322,0.021461,-0.008309,-0.006199,-0.000455,-0.002408,-0.003553,-0.0099,0.001136,-0.000644,-0.001013,0.000895
2026-07-27,0.002572,0.031186,0.012974,0.048181,0.010595,0.00955,0.004014,0.013442,0.005252,0.00778,-0.000651,0.011915,0.010699,0.019246,0.02554,0.006831,0.01952,0.032429,0.031055,0.011792,0.01576,0.00337,0.015392,0.022723,0.001528,0.005819,0.003795,-0.000734,0.000292
2026-07-28,-0.015095,-0.002981,-0.000919,0.00569,-0.001902,-0.013145,-0.006551,-0.009065,-0.019517,0.001076,-0.009162,-0.002661,-0.002783,-0.000935,-0.001953,-0.008282,0.024471,0.007376,0.001623,0.000476,-1.6e-05,-0.012824,0.005088,0.003799,-0.013997,-0.009961,0.000747,0.001045,0.000528
2026-07-29,0.021794,0.015474,0.009738,0.001496,-0.000263,0.013776,0.009084,0.015693,0.005057,0.006863,0.005866,0.008438,0.016255,0.01353,0.010443,0.016562,0.025203,-0.008498,0.019718,0.019467,0.015451,0.005164,0.007691,0.011605,0.024204,0.009352,0.000816,-0.000791,0.001422
2026-07-30,0.052694,-0.010265,0.008297,-0.013394,-0.00875,-0.011035,-0.006106,-0.012015,-0.00839,-0.003871,-0.000701,-0.006809,-0.004281,0.00168,-0.001702,-0.008837,-0.002701,-0.011201,0.004222,-0.006911,-0.006339,-0.005106,-0.012428,-0.000486,-0.010997,-0.006134,-0.000828,0.003355,0.000749
2026-07-31,0.037053,0.00423,0.008561,-0.01513,0.002017,0.01132,-0.003608,0.003174,0.003,0.008307,0.007505,0.011248,-0.003991,-0.003231,0.006121,0.001156,-0.002405,0.019154,0.005035,0.004888,0.002602,0.007891,0.003339,-0.002591,0.002131,-0.005266,0.002609,0.001866,-0.001221
2026-08-03,0.009847,0.007092,0.019663,0.047476,0.015663,0.013494,0.022864,0.0156,0.013526,0.012887,0.016097,0.009631,0.017698,0.001939,0.022877,0.023369,0.028282,0.006896,-0.041327,0.015674,0.004247,0.012575,0.003754,0.023821,0.01705,0.002063,0.002453,-0.002749,-0.001657
