symbol,total_deals,inst_deals,inst_net_qty,inst_net_value_cr,fii_net_value_cr,mf_net_value_cr,promoter_net_value_cr,dominant_participant,last_deal_date,deal_signal,window_days,as_of_date
LODHA,12,6,29412996.0,2758.4978,2758.4978,0.0,0.0,RETAIL,2026-06-25,INSTITUTIONAL_ACCUMULATION,30,2026-07-10
LENSKART,23,12,28612241.0,1401.9996999999998,240.0002,1061.9995,0.0,RETAIL,2026-06-11,INSTITUTIONAL_ACCUMULATION,30,2026-07-10
CORONA,18,12,7685320.0,1329.5605,253.42510000000001,911.4333,0.0,RETAIL,2026-06-17,INSTITUTIONAL_ACCUMULATION,30,2026-07-10
ANTHEM,62,26,11260679.0,838.6952999999999,25.0,813.6952999999999,0.0,RETAIL,2026-06-18,INSTITUTIONAL_ACCUMULATION,30,2026-07-10
CRAFTSMAN,12,8,622296.0,575.6239,154.6212,393.002,0.0,RETAIL,2026-06-23,INSTITUTIONAL_ACCUMULATION,30,2026-07-10
MCX,1,1,1465941.0,425.01,0.0,425.01,0.0,MF,2026-06-29,INSTITUTIONAL_ACCUMULATION,30,2026-07-10
EBGNG,16,12,7692354.0,300.0018,50.0004,250.0014,0.0,RETAIL,2026-06-11,INSTITUTIONAL_ACCUMULATION,30,2026-07-10
DOMS,5,3,1294437.0,284.7761,0.0,284.7761,0.0,RETAIL,2026-06-17,INSTITUTIONAL_ACCUMULATION,30,2026-07-10
BANSALWIRE,10,6,7747708.0,239.404,189.404,50.0,0.0,RETAIL,2026-06-25,INSTITUTIONAL_ACCUMULATION,30,2026-07-10
EMCURE,14,7,1086963.0,197.5012,100.0008,50.0004,0.0,RETAIL,2026-06-25,INSTITUTIONAL_ACCUMULATION,30,2026-07-10
ETHOSLTD,3,1,700000.0,175.0,0.0,175.0,0.0,RETAIL,2026-07-10,INSTITUTIONAL_ACCUMULATION,30,2026-07-10
POCL,4,1,472000.0,59.944,0.0,59.944,0.0,RETAIL,2026-06-29,INSTITUTIONAL_ACCUMULATION,30,2026-07-10
CMRGREEN,5,1,1941018.0,49.8143,49.8143,0.0,0.0,RETAIL,2026-06-10,INSTITUTIONAL_ACCUMULATION,30,2026-07-10
SAPPHIRE,2,1,2462029.0,44.3091,44.3091,0.0,0.0,FII,2026-06-10,INSTITUTIONAL_ACCUMULATION,30,2026-07-10
GOKEX,1,1,400000.0,32.5916,0.0,0.0,0.0,INSURANCE,2026-06-19,INSTITUTIONAL_ACCUMULATION,30,2026-07-10
SUNTECK,2,1,1005200.0,32.3313,32.3313,0.0,0.0,RETAIL,2026-07-09,INSTITUTIONAL_ACCUMULATION,30,2026-07-10
RAMCOSYS,112,1,190773.0,14.7353,0.0,0.0,0.0,RETAIL,2026-07-08,INSTITUTIONAL_ACCUMULATION,30,2026-07-10
KNACK,26,1,700000.0,13.7613,0.0,13.7613,0.0,RETAIL,2026-07-10,INSTITUTIONAL_ACCUMULATION,30,2026-07-10
UHTL,1,0,0.0,0.0,0.0,0.0,0.0,RETAIL,2026-06-18,NEUTRAL,30,2026-07-10
UMAEXPORTS,1,0,0.0,0.0,0.0,0.0,0.0,RETAIL,2026-06-17,NEUTRAL,30,2026-07-10
UMESLTD,2,0,0.0,0.0,0.0,0.0,0.0,RETAIL,2026-06-29,NEUTRAL,30,2026-07-10
UNICHEMLAB,15,0,0.0,0.0,0.0,0.0,0.0,RETAIL,2026-07-09,NEUTRAL,30,2026-07-10
UNIECOM,16,0,0.0,0.0,0.0,0.0,0.0,RETAIL,2026-06-11,NEUTRAL,30,2026-07-10
UNIVASTU,2,0,0.0,0.0,0.0,0.0,0.0,RETAIL,2026-06-16,NEUTRAL,30,2026-07-10
URAVIDEF,11,0,0.0,0.0,0.0,0.0,0.0,RETAIL,2026-07-02,NEUTRAL,30,2026-07-10
UTKAL,5,0,0.0,0.0,0.0,0.0,0.0,RETAIL,2026-07-10,NEUTRAL,30,2026-07-10
VALUE360,12,0,0.0,0.0,0.0,0.0,0.0,RETAIL,2026-07-03,NEUTRAL,30,2026-07-10
VEDL,1,0,0.0,0.0,0.0,0.0,0.0,RETAIL,2026-06-23,NEUTRAL,30,2026-07-10
AARTECH,11,0,0.0,0.0,0.0,0.0,0.0,RETAIL,2026-07-08,NEUTRAL,30,2026-07-10
STALLION,2,0,0.0,0.0,0.0,0.0,0.0,RETAIL,2026-07-10,NEUTRAL,30,2026-07-10
AQYLON,11,0,0.0,0.0,0.0,0.0,0.0,RETAIL,2026-07-02,NEUTRAL,30,2026-07-10
ARSHIYA,2,0,0.0,0.0,0.0,0.0,0.2643,RETAIL,2026-06-10,NEUTRAL,30,2026-07-10
ARUNAYA,1,0,0.0,0.0,0.0,0.0,0.0,RETAIL,2026-06-23,NEUTRAL,30,2026-07-10
ASHOKA,2,0,0.0,0.0,0.0,0.0,0.0,RETAIL,2026-06-15,NEUTRAL,30,2026-07-10
ASIANPAINT,2,0,0.0,0.0,0.0,0.0,0.0,RETAIL,2026-06-24,NEUTRAL,30,2026-07-10
ASIANTILES,2,0,0.0,0.0,0.0,0.0,0.0,RETAIL,2026-06-22,NEUTRAL,30,2026-07-10
ATALREAL,142,0,0.0,0.0,0.0,0.0,0.0,RETAIL,2026-07-10,NEUTRAL,30,2026-07-10
AURIGROW,3,0,0.0,0.0,0.0,0.0,0.0,RETAIL,2026-06-29,NEUTRAL,30,2026-07-10
AVG,2,0,0.0,0.0,0.0,0.0,0.0,RETAIL,2026-06-11,NEUTRAL,30,2026-07-10
AVIENCE,8,0,0.0,0.0,0.0,0.0,0.0,RETAIL,2026-07-03,NEUTRAL,30,2026-07-10
AXISBANK,2,0,0.0,0.0,0.0,0.0,0.0,RETAIL,2026-06-24,NEUTRAL,30,2026-07-10
BABAFP,2,0,0.0,0.0,0.0,0.0,0.0,RETAIL,2026-06-16,NEUTRAL,30,2026-07-10
BAJAJHCARE,18,0,0.0,0.0,0.0,0.0,0.0,RETAIL,2026-06-29,NEUTRAL,30,2026-07-10
BAJFINANCE,2,0,0.0,0.0,0.0,0.0,0.0,RETAIL,2026-06-24,NEUTRAL,30,2026-07-10
TCS,2,0,0.0,0.0,0.0,0.0,0.0,RETAIL,2026-06-24,NEUTRAL,30,2026-07-10
TEJASNET,2,0,0.0,0.0,0.0,0.0,0.0,RETAIL,2026-06-19,NEUTRAL,30,2026-07-10
BAYERCROP,4,0,0.0,0.0,0.0,0.0,0.0,RETAIL,2026-07-08,NEUTRAL,30,2026-07-10
BEL,2,0,0.0,0.0,0.0,0.0,0.0,RETAIL,2026-06-24,NEUTRAL,30,2026-07-10
BHARATGEAR,4,0,0.0,0.0,0.0,0.0,0.0,RETAIL,2026-06-16,NEUTRAL,30,2026-07-10
BHARATSE,20,0,0.0,0.0,0.0,0.0,0.0,RETAIL,2026-07-09,NEUTRAL,30,2026-07-10
BHARATWIRE,1,0,0.0,0.0,0.0,0.0,0.0,RETAIL,2026-07-06,NEUTRAL,30,2026-07-10
BHARTIARTL,2,0,0.0,0.0,0.0,0.0,0.0,RETAIL,2026-06-24,NEUTRAL,30,2026-07-10
BIKEWO,1,0,0.0,0.0,0.0,0.0,0.0,RETAIL,2026-06-16,NEUTRAL,30,2026-07-10
BIOFILCHEM,12,0,0.0,0.0,0.0,0.0,0.0,RETAIL,2026-06-12,NEUTRAL,30,2026-07-10
BIOPOL,3,0,0.0,0.0,0.0,0.0,0.0,RETAIL,2026-07-10,NEUTRAL,30,2026-07-10
BIRDYS,2,0,0.0,0.0,0.0,0.0,0.0,RETAIL,2026-07-09,NEUTRAL,30,2026-07-10
BLISSGVS,4,0,0.0,0.0,0.0,0.0,0.0,RETAIL,2026-06-29,NEUTRAL,30,2026-07-10
BLUSPRING,2,0,0.0,0.0,0.0,0.0,0.0,RETAIL,2026-06-17,NEUTRAL,30,2026-07-10
BMLL,29,0,0.0,0.0,0.0,0.0,0.0,RETAIL,2026-07-10,NEUTRAL,30,2026-07-10
ANMOL,2,0,0.0,0.0,0.0,0.0,0.0,RETAIL,2026-06-16,NEUTRAL,30,2026-07-10
CAPITALSFB,4,0,0.0,0.0,0.0,0.0,0.0,RETAIL,2026-07-07,NEUTRAL,30,2026-07-10
CARTRADE,12,0,0.0,0.0,0.0,0.0,0.0,RETAIL,2026-06-17,NEUTRAL,30,2026-07-10
CDSL,2,0,0.0,0.0,0.0,0.0,0.0,RETAIL,2026-06-18,NEUTRAL,30,2026-07-10
CEDAAR,2,0,0.0,0.0,0.0,0.0,0.0,RETAIL,2026-07-07,NEUTRAL,30,2026-07-10
CGCL,1,0,0.0,0.0,0.0,0.0,0.0,RETAIL,2026-07-08,NEUTRAL,30,2026-07-10
CKKRETAIL,4,0,0.0,0.0,0.0,0.0,0.0,RETAIL,2026-07-08,NEUTRAL,30,2026-07-10
CLSEL,14,0,0.0,0.0,0.0,0.0,0.0,RETAIL,2026-06-12,NEUTRAL,30,2026-07-10
CLSL,4,0,0.0,0.0,0.0,0.0,0.0,RETAIL,2026-07-02,NEUTRAL,30,2026-07-10
CNL,8,0,0.0,0.0,0.0,0.0,0.0,RETAIL,2026-07-09,NEUTRAL,30,2026-07-10
COMSYN,20,0,0.0,0.0,0.0,0.0,0.0,RETAIL,2026-07-10,NEUTRAL,30,2026-07-10
CONNPLEX,2,0,0.0,0.0,0.0,0.0,0.0,RETAIL,2026-06-29,NEUTRAL,30,2026-07-10
CONTROLPR,10,0,0.0,0.0,0.0,0.0,0.0,RETAIL,2026-07-02,NEUTRAL,30,2026-07-10
BALAJIPHOS,3,0,0.0,0.0,0.0,0.0,0.0,RETAIL,2026-07-03,NEUTRAL,30,2026-07-10
BANG,17,0,0.0,0.0,0.0,0.0,0.0,RETAIL,2026-07-08,NEUTRAL,30,2026-07-10
DBSTOCKBRO,1,0,0.0,0.0,0.0,0.0,0.0,RETAIL,2026-07-08,NEUTRAL,30,2026-07-10
DELHIVERY,1,0,0.0,0.0,0.0,0.0,0.0,RETAIL,2026-06-24,NEUTRAL,30,2026-07-10
DENEERS,1,0,0.0,0.0,0.0,0.0,0.0,RETAIL,2026-06-23,NEUTRAL,30,2026-07-10
DENTA,24,0,0.0,0.0,0.0,0.0,0.0,RETAIL,2026-07-03,NEUTRAL,30,2026-07-10
DHANLAXMI,1,0,0.0,0.0,0.0,0.0,0.0,RETAIL,2026-07-02,NEUTRAL,30,2026-07-10
DIGIKORE,3,0,0.0,0.0,0.0,0.0,0.0,RETAIL,2026-07-08,NEUTRAL,30,2026-07-10
DIGITIDE,26,0,0.0,0.0,0.0,0.0,0.0,RETAIL,2026-07-06,NEUTRAL,30,2026-07-10
DIVGIITTS,9,0,0.0,0.0,0.0,0.0,-16.8828,RETAIL,2026-07-01,NEUTRAL,30,2026-07-10
DJML,4,0,0.0,0.0,0.0,0.0,0.0,RETAIL,2026-07-07,NEUTRAL,30,2026-07-10
DPEL,3,0,0.0,0.0,0.0,0.0,0.0,RETAIL,2026-07-02,NEUTRAL,30,2026-07-10
DPWIRES,2,0,0.0,0.0,0.0,0.0,0.0,RETAIL,2026-06-23,NEUTRAL,30,2026-07-10
DURLAX,4,0,0.0,0.0,0.0,0.0,0.0,RETAIL,2026-06-17,NEUTRAL,30,2026-07-10
DYCL,4,0,0.0,0.0,0.0,0.0,0.0,RETAIL,2026-06-18,NEUTRAL,30,2026-07-10
BORANA,1,0,0.0,0.0,0.0,0.0,0.0,RETAIL,2026-06-17,NEUTRAL,30,2026-07-10
CANTABIL,1,0,0.0,0.0,0.0,0.0,0.0,RETAIL,2026-07-02,NEUTRAL,30,2026-07-10
EEPL,3,0,0.0,0.0,0.0,0.0,0.0,RETAIL,2026-07-02,NEUTRAL,30,2026-07-10
EFCIL,1,0,0.0,0.0,0.0,0.0,0.0,RETAIL,2026-06-18,NEUTRAL,30,2026-07-10
EIMCOELECO,2,0,0.0,0.0,0.0,0.0,0.0,RETAIL,2026-06-22,NEUTRAL,30,2026-07-10
ELECTHERM,4,0,0.0,0.0,0.0,0.0,0.0,RETAIL,2026-06-10,NEUTRAL,30,2026-07-10
EMAPARTNER,1,0,0.0,0.0,0.0,0.0,0.0,RETAIL,2026-06-29,NEUTRAL,30,2026-07-10
EMPOWER,2,0,0.0,0.0,0.0,0.0,0.0,RETAIL,2026-07-02,NEUTRAL,30,2026-07-10
EMSLIMITED,24,0,0.0,0.0,0.0,0.0,0.0,RETAIL,2026-06-25,NEUTRAL,30,2026-07-10
ENCOMPAS,1,0,0.0,0.0,0.0,0.0,0.0,RETAIL,2026-06-15,NEUTRAL,30,2026-07-10
EPACK,12,0,0.0,0.0,0.0,0.0,0.0,RETAIL,2026-06-22,NEUTRAL,30,2026-07-10
EPACKPEB,18,0,0.0,0.0,0.0,0.0,0.0,RETAIL,2026-06-12,NEUTRAL,30,2026-07-10
ESSENTIA,2,0,0.0,0.0,0.0,0.0,0.0,RETAIL,2026-06-22,NEUTRAL,30,2026-07-10
ETML,1,0,0.0,0.0,0.0,0.0,0.0,RETAIL,2026-06-16,NEUTRAL,30,2026-07-10
CPCAP,1,0,0.0,0.0,0.0,0.0,0.0,RETAIL,2026-06-12,NEUTRAL,30,2026-07-10
EXCELSOFT,2,0,0.0,0.0,0.0,0.0,0.0,RETAIL,2026-07-02,NEUTRAL,30,2026-07-10
EXICOM,26,0,0.0,0.0,0.0,0.0,0.0,RETAIL,2026-06-19,NEUTRAL,30,2026-07-10
EXIMROUTES,2,0,0.0,0.0,0.0,0.0,0.0,RETAIL,2026-06-19,NEUTRAL,30,2026-07-10
EXXARO,12,0,0.0,0.0,0.0,0.0,0.0,RETAIL,2026-06-23,NEUTRAL,30,2026-07-10
FABTECH,2,0,0.0,0.0,0.0,0.0,0.0,RETAIL,2026-06-16,NEUTRAL,30,2026-07-10
FAIRCHEMOR,2,0,0.0,0.0,0.0,0.0,0.0,RETAIL,2026-07-01,NEUTRAL,30,2026-07-10
FALCONTECH,13,0,0.0,0.0,0.0,0.0,0.0,RETAIL,2026-06-24,NEUTRAL,30,2026-07-10
FERMENTA,2,0,0.0,0.0,0.0,0.0,0.0,RETAIL,2026-07-06,NEUTRAL,30,2026-07-10
FILATFASH,1,0,0.0,0.0,0.0,0.0,0.0,RETAIL,2026-06-30,NEUTRAL,30,2026-07-10
FINOPB,2,0,0.0,0.0,0.0,0.0,0.0,RETAIL,2026-06-18,NEUTRAL,30,2026-07-10
GALAPREC,2,0,0.0,0.0,0.0,0.0,0.0,RETAIL,2026-06-15,NEUTRAL,30,2026-07-10
GANGAFO-RE,1,0,0.0,0.0,0.0,0.0,0.0,RETAIL,2026-07-10,NEUTRAL,30,2026-07-10
GARUDA,9,0,0.0,0.0,0.0,0.0,0.0,RETAIL,2026-06-23,NEUTRAL,30,2026-07-10
GCHOTELS,2,0,0.0,0.0,0.0,0.0,0.0,RETAIL,2026-06-22,NEUTRAL,30,2026-07-10
EASEMYTRIP,10,0,0.0,0.0,0.0,0.0,0.0,RETAIL,2026-06-25,NEUTRAL,30,2026-07-10
GEMAROMA,16,0,0.0,0.0,0.0,0.0,0.0,RETAIL,2026-07-08,NEUTRAL,30,2026-07-10
GENESYS,32,0,0.0,0.0,0.0,0.0,0.0,RETAIL,2026-06-12,NEUTRAL,30,2026-07-10
GENUSPOWER,17,0,0.0,0.0,0.0,0.0,0.0,RETAIL,2026-06-30,NEUTRAL,30,2026-07-10
GENXAI,6,0,0.0,0.0,0.0,0.0,0.0,RETAIL,2026-06-15,NEUTRAL,30,2026-07-10
GJL,1,0,0.0,0.0,0.0,0.0,0.0,RETAIL,2026-06-11,NEUTRAL,30,2026-07-10
GNA,2,0,0.0,0.0,0.0,0.0,0.0,RETAIL,2026-06-19,NEUTRAL,30,2026-07-10
GNRL,2,0,0.0,0.0,0.0,0.0,0.0,RETAIL,2026-06-29,NEUTRAL,30,2026-07-10
GOCOLORS,24,0,0.0,0.0,0.0,0.0,0.0,RETAIL,2026-07-01,NEUTRAL,30,2026-07-10
GOKUL,2,0,0.0,0.0,0.0,0.0,0.0,RETAIL,2026-06-16,NEUTRAL,30,2026-07-10
GOODLUCK,2,0,0.0,0.0,0.0,0.0,0.0,RETAIL,2026-06-29,NEUTRAL,30,2026-07-10
GREENLEAF,2,0,0.0,0.0,0.0,0.0,0.0,RETAIL,2026-06-15,NEUTRAL,30,2026-07-10
GRMOVER,15,0,0.0,0.0,0.0,0.0,-27.692999999999998,RETAIL,2026-06-12,NEUTRAL,30,2026-07-10
GSMFOILS,2,0,0.0,0.0,0.0,0.0,0.0,RETAIL,2026-06-17,NEUTRAL,30,2026-07-10
GSPCROP,1,0,0.0,0.0,0.0,0.0,0.0,RETAIL,2026-07-06,NEUTRAL,30,2026-07-10
EXCELLENT,2,0,0.0,0.0,0.0,0.0,0.0,RETAIL,2026-06-10,NEUTRAL,30,2026-07-10
HDFCBANK,2,0,0.0,0.0,0.0,0.0,0.0,RETAIL,2026-06-24,NEUTRAL,30,2026-07-10
HEXAGON,9,0,0.0,0.0,0.0,0.0,0.0,RETAIL,2026-07-10,NEUTRAL,30,2026-07-10
HINDUNILVR,2,0,0.0,0.0,0.0,0.0,0.0,RETAIL,2026-06-24,NEUTRAL,30,2026-07-10
HINDWAREAP,2,0,0.0,0.0,0.0,0.0,0.0,RETAIL,2026-06-12,NEUTRAL,30,2026-07-10
HONASA,1,0,0.0,0.0,0.0,0.0,0.0,RETAIL,2026-06-25,NEUTRAL,30,2026-07-10
ICELCO,4,0,0.0,0.0,0.0,0.0,0.0,RETAIL,2026-07-10,NEUTRAL,30,2026-07-10
ICICIBANK,2,0,0.0,0.0,0.0,0.0,0.0,RETAIL,2026-06-24,NEUTRAL,30,2026-07-10
IEML,8,0,0.0,0.0,0.0,0.0,0.0,RETAIL,2026-06-17,NEUTRAL,30,2026-07-10
IFCI,8,0,0.0,0.0,0.0,0.0,0.0,RETAIL,2026-06-18,NEUTRAL,30,2026-07-10
IGARASHI,19,0,0.0,0.0,0.0,0.0,0.0,RETAIL,2026-06-22,NEUTRAL,30,2026-07-10
IKIO,36,0,0.0,0.0,0.0,0.0,0.0,RETAIL,2026-07-10,NEUTRAL,30,2026-07-10
INA,12,0,0.0,0.0,0.0,0.0,0.0,RETAIL,2026-07-10,NEUTRAL,30,2026-07-10
INDOBORAX,2,0,0.0,0.0,0.0,0.0,0.0,RETAIL,2026-06-23,NEUTRAL,30,2026-07-10
INDOCO,2,0,0.0,0.0,0.0,0.0,0.0,RETAIL,2026-06-11,NEUTRAL,30,2026-07-10
INDOFARM,6,0,0.0,0.0,0.0,0.0,0.0,RETAIL,2026-07-03,NEUTRAL,30,2026-07-10
GCSL,45,0,0.0,0.0,0.0,0.0,0.0,RETAIL,2026-07-08,NEUTRAL,30,2026-07-10
INDOWIND,2,0,0.0,0.0,0.0,0.0,0.0,RETAIL,2026-06-30,NEUTRAL,30,2026-07-10
INFY,4,0,0.0,0.0,0.0,0.0,0.0,RETAIL,2026-06-29,NEUTRAL,30,2026-07-10
IOLCP,7,0,0.0,0.0,0.0,0.0,0.0,RETAIL,2026-07-08,NEUTRAL,30,2026-07-10
IPHL,1,0,0.0,0.0,0.0,0.0,0.0,RETAIL,2026-06-16,NEUTRAL,30,2026-07-10
IRIS,1,0,0.0,0.0,0.0,0.0,0.0,RETAIL,2026-06-19,NEUTRAL,30,2026-07-10
ISHAN,2,0,0.0,0.0,0.0,0.0,0.0,RETAIL,2026-07-10,NEUTRAL,30,2026-07-10
ITDC,32,0,0.0,0.0,0.0,0.0,0.0,RETAIL,2026-07-09,NEUTRAL,30,2026-07-10
IVALUE,13,0,0.0,0.0,0.0,0.0,0.0,RETAIL,2026-06-30,NEUTRAL,30,2026-07-10
IVP,2,0,0.0,0.0,0.0,0.0,0.0,RETAIL,2026-07-06,NEUTRAL,30,2026-07-10
IWARE,4,0,0.0,0.0,0.0,0.0,0.0,RETAIL,2026-07-08,NEUTRAL,30,2026-07-10
JAGSNPHARM,4,0,0.0,0.0,0.0,0.0,0.0,RETAIL,2026-06-30,NEUTRAL,30,2026-07-10
JAYESH,2,0,0.0,0.0,0.0,0.0,0.0,RETAIL,2026-06-24,NEUTRAL,30,2026-07-10
JINDRILL,46,0,0.0,0.0,0.0,0.0,0.0,RETAIL,2026-07-09,NEUTRAL,30,2026-07-10
JNKINDIA,14,0,0.0,0.0,0.0,0.0,0.0,RETAIL,2026-06-10,NEUTRAL,30,2026-07-10
K2INFRA,1,0,0.0,0.0,0.0,0.0,0.0,RETAIL,2026-06-15,NEUTRAL,30,2026-07-10
GVPTECHPP,6,0,0.0,0.0,0.0,0.0,0.0,RETAIL,2026-06-24,NEUTRAL,30,2026-07-10
KANDARP,4,0,0.0,0.0,0.0,0.0,0.0,RETAIL,2026-06-15,NEUTRAL,30,2026-07-10
KARNIKA,6,0,0.0,0.0,0.0,0.0,0.0,RETAIL,2026-07-06,NEUTRAL,30,2026-07-10
KAUSHALYA,6,0,0.0,0.0,0.0,0.0,0.0,RETAIL,2026-07-07,NEUTRAL,30,2026-07-10
KAYNES,4,0,0.0,0.0,0.0,0.0,0.0,RETAIL,2026-07-09,NEUTRAL,30,2026-07-10
KCK,4,0,0.0,0.0,0.0,0.0,0.0,RETAIL,2026-07-03,NEUTRAL,30,2026-07-10
KITEX,1,0,0.0,0.0,0.0,0.0,0.0,RETAIL,2026-06-17,NEUTRAL,30,2026-07-10
KLL,2,0,0.0,0.0,0.0,0.0,0.0,RETAIL,2026-06-17,NEUTRAL,30,2026-07-10
KODYTECH,5,0,0.0,0.0,0.0,0.0,0.0,RETAIL,2026-07-10,NEUTRAL,30,2026-07-10
KPITTECH,4,0,0.0,0.0,0.0,0.0,0.0,RETAIL,2026-07-02,NEUTRAL,30,2026-07-10
KRISHNADEF,12,0,0.0,0.0,0.0,0.0,0.0,RETAIL,2026-06-30,NEUTRAL,30,2026-07-10
KRISHPP,13,0,0.0,0.0,0.0,0.0,0.0,RETAIL,2026-07-09,NEUTRAL,30,2026-07-10
KSCL,2,0,0.0,0.0,0.0,0.0,0.0,RETAIL,2026-06-22,NEUTRAL,30,2026-07-10
KSHITIJPOL,15,0,0.0,0.0,0.0,0.0,0.0,RETAIL,2026-07-03,NEUTRAL,30,2026-07-10
LAL,1,0,0.0,0.0,0.0,0.0,0.0,RETAIL,2026-06-15,NEUTRAL,30,2026-07-10
INDOTECH,1,0,0.0,0.0,0.0,0.0,0.0,RETAIL,2026-06-30,NEUTRAL,30,2026-07-10
LEMERITE,10,0,0.0,0.0,0.0,0.0,0.0,RETAIL,2026-06-25,NEUTRAL,30,2026-07-10
LT,2,0,0.0,0.0,0.0,0.0,0.0,RETAIL,2026-06-24,NEUTRAL,30,2026-07-10
M&M,4,0,0.0,0.0,0.0,0.0,0.0,RETAIL,2026-06-24,NEUTRAL,30,2026-07-10
MACOBSTECH,1,0,0.0,0.0,0.0,0.0,0.0,RETAIL,2026-06-18,NEUTRAL,30,2026-07-10
MADHUSUDAN,6,0,0.0,0.0,0.0,0.0,0.0,RETAIL,2026-07-02,NEUTRAL,30,2026-07-10
MAGSON,9,0,0.0,0.0,0.0,0.0,0.0,RETAIL,2026-07-08,NEUTRAL,30,2026-07-10
MAHSEAMLES,2,0,0.0,0.0,0.0,0.0,0.0,RETAIL,2026-06-29,NEUTRAL,30,2026-07-10
MANCREDIT,26,0,0.0,0.0,0.0,0.0,0.0,RETAIL,2026-07-07,NEUTRAL,30,2026-07-10
MARKOLINES,40,0,0.0,0.0,0.0,0.0,0.0,RETAIL,2026-07-06,NEUTRAL,30,2026-07-10
MASON,3,0,0.0,0.0,0.0,0.0,0.0,RETAIL,2026-07-09,NEUTRAL,30,2026-07-10
MASTERTR,26,0,0.0,0.0,0.0,0.0,0.0,RETAIL,2026-07-10,NEUTRAL,30,2026-07-10
MCLOUD,15,0,0.0,0.0,0.0,0.0,0.0,RETAIL,2026-06-19,NEUTRAL,30,2026-07-10
ABCOTS,1,0,0.0,0.0,0.0,0.0,0.0,RETAIL,2026-06-22,NEUTRAL,30,2026-07-10
KALYANKJIL,10,0,0.0,0.0,0.0,0.0,0.0,RETAIL,2026-07-10,NEUTRAL,30,2026-07-10
MEGASTAR,4,0,0.0,0.0,0.0,0.0,0.0,RETAIL,2026-06-11,NEUTRAL,30,2026-07-10
MFML,1,0,0.0,0.0,0.0,0.0,0.0,RETAIL,2026-06-30,NEUTRAL,30,2026-07-10
MHLXMIRU,27,0,0.0,0.0,0.0,0.0,0.0,RETAIL,2026-06-30,NEUTRAL,30,2026-07-10
MODIS,5,0,0.0,0.0,0.0,0.0,0.0,RETAIL,2026-07-08,NEUTRAL,30,2026-07-10
MOREPENLAB,2,0,0.0,0.0,0.0,0.0,0.0,RETAIL,2026-06-30,NEUTRAL,30,2026-07-10
MOS,2,0,0.0,0.0,0.0,0.0,0.0,RETAIL,2026-07-08,NEUTRAL,30,2026-07-10
MOTISONS,58,0,0.0,0.0,0.0,0.0,0.0,RETAIL,2026-07-09,NEUTRAL,30,2026-07-10
MPEL,8,0,0.0,0.0,0.0,0.0,0.0,RETAIL,2026-07-03,NEUTRAL,30,2026-07-10
MRIL,1,0,0.0,0.0,0.0,0.0,0.0,RETAIL,2026-07-09,NEUTRAL,30,2026-07-10
MSTCLTD,14,0,0.0,0.0,0.0,0.0,0.0,RETAIL,2026-06-17,NEUTRAL,30,2026-07-10
MTARTECH,26,0,0.0,0.0,0.0,0.0,0.0,RETAIL,2026-06-18,NEUTRAL,30,2026-07-10
MUNISH,4,0,0.0,0.0,0.0,0.0,0.0,RETAIL,2026-06-19,NEUTRAL,30,2026-07-10
MUNJALAU,18,0,0.0,0.0,0.0,0.0,0.0,RETAIL,2026-07-06,NEUTRAL,30,2026-07-10
MYMUDRA,14,0,0.0,0.0,0.0,0.0,0.0,RETAIL,2026-06-22,NEUTRAL,30,2026-07-10
NAGREEKCAP,1,0,0.0,0.0,0.0,0.0,0.0,RETAIL,2026-06-19,NEUTRAL,30,2026-07-10
LAMOSAIC,82,0,0.0,0.0,0.0,0.0,0.0,RETAIL,2026-07-08,NEUTRAL,30,2026-07-10
NATIONSTD,3,0,0.0,0.0,0.0,0.0,0.0,RETAIL,2026-07-09,NEUTRAL,30,2026-07-10
NBIFIN,1,0,0.0,0.0,0.0,0.0,0.0,RETAIL,2026-07-09,NEUTRAL,30,2026-07-10
NDRINVIT,6,0,0.0,0.0,0.0,0.0,0.0,RETAIL,2026-06-24,NEUTRAL,30,2026-07-10
NDTV,2,0,0.0,0.0,0.0,0.0,0.0,RETAIL,2026-07-09,NEUTRAL,30,2026-07-10
NELCO,27,0,0.0,0.0,0.0,0.0,0.0,RETAIL,2026-06-22,NEUTRAL,30,2026-07-10
NEWGEN,4,0,0.0,0.0,0.0,0.0,0.0,RETAIL,2026-07-10,NEUTRAL,30,2026-07-10
NFPSAMPOOR,6,0,0.0,0.0,0.0,0.0,0.0,RETAIL,2026-06-10,NEUTRAL,30,2026-07-10
NIITLTD,10,0,0.0,0.0,0.0,0.0,0.0,RETAIL,2026-06-22,NEUTRAL,30,2026-07-10
NILAINFRA,2,0,0.0,0.0,0.0,0.0,0.0,RETAIL,2026-06-16,NEUTRAL,30,2026-07-10
NIRMAN,2,0,0.0,0.0,0.0,0.0,0.0,RETAIL,2026-07-09,NEUTRAL,30,2026-07-10
NOCIL,6,0,0.0,0.0,0.0,0.0,0.0,RETAIL,2026-06-22,NEUTRAL,30,2026-07-10
NRVANDANA,2,0,0.0,0.0,0.0,0.0,0.0,RETAIL,2026-06-25,NEUTRAL,30,2026-07-10
NXT-INFRA,2,0,0.0,0.0,0.0,0.0,0.0,RETAIL,2026-06-16,NEUTRAL,30,2026-07-10
OLAELEC,4,0,0.0,0.0,0.0,0.0,0.0,RETAIL,2026-06-30,NEUTRAL,30,2026-07-10
OLIL,1,0,0.0,0.0,0.0,0.0,0.0,RETAIL,2026-06-30,NEUTRAL,30,2026-07-10
MEESHO,2,0,0.0,0.0,0.0,0.0,0.0,RETAIL,2026-06-10,NEUTRAL,30,2026-07-10
ONDOOR,3,0,0.0,0.0,0.0,0.0,0.0,RETAIL,2026-06-16,NEUTRAL,30,2026-07-10
ONWARDTEC,16,0,0.0,0.0,0.0,0.0,0.0,RETAIL,2026-06-25,NEUTRAL,30,2026-07-10
ONYX,8,0,0.0,0.0,0.0,0.0,0.0,RETAIL,2026-06-29,NEUTRAL,30,2026-07-10
ORBTEXP,1,0,0.0,0.0,0.0,0.0,0.0,RETAIL,2026-06-23,NEUTRAL,30,2026-07-10
ORIENTHOT,2,0,0.0,0.0,0.0,0.0,0.0,RETAIL,2026-06-23,NEUTRAL,30,2026-07-10
ORIENTTECH,6,0,0.0,0.0,0.0,0.0,0.0,RETAIL,2026-07-02,NEUTRAL,30,2026-07-10
ORTINGLOBE,1,0,0.0,0.0,0.0,0.0,0.0,RETAIL,2026-07-10,NEUTRAL,30,2026-07-10
PACEDIGITK,10,0,0.0,0.0,0.0,0.0,0.0,RETAIL,2026-06-24,NEUTRAL,30,2026-07-10
PAISALO,2,0,0.0,0.0,0.0,0.0,0.0,RETAIL,2026-07-01,NEUTRAL,30,2026-07-10
PANAMAPET,12,0,0.0,0.0,0.0,0.0,0.0,RETAIL,2026-06-19,NEUTRAL,30,2026-07-10
PANSARI,4,0,0.0,0.0,0.0,0.0,0.0,RETAIL,2026-07-10,NEUTRAL,30,2026-07-10
PARAS,30,0,0.0,0.0,0.0,0.0,0.0,RETAIL,2026-06-19,NEUTRAL,30,2026-07-10
PATELRMART,4,0,0.0,0.0,0.0,0.0,0.0,RETAIL,2026-07-06,NEUTRAL,30,2026-07-10
PCJEWELLER,6,0,0.0,0.0,0.0,0.0,0.0,RETAIL,2026-07-09,NEUTRAL,30,2026-07-10
PGEL,2,0,0.0,0.0,0.0,0.0,0.0,RETAIL,2026-06-16,NEUTRAL,30,2026-07-10
NARMADA,59,0,0.0,0.0,0.0,0.0,0.0918000000000001,RETAIL,2026-07-03,NEUTRAL,30,2026-07-10
PIXTRANS,8,0,0.0,0.0,0.0,0.0,0.0,RETAIL,2026-06-29,NEUTRAL,30,2026-07-10
VGL,2,0,0.0,0.0,0.0,0.0,0.0,RETAIL,2026-06-18,NEUTRAL,30,2026-07-10
POLICYBZR,1,0,0.0,0.0,0.0,0.0,0.0,RETAIL,2026-07-03,NEUTRAL,30,2026-07-10
POWERGRID,2,0,0.0,0.0,0.0,0.0,0.0,RETAIL,2026-06-24,NEUTRAL,30,2026-07-10
PPAP,6,0,0.0,0.0,0.0,0.0,0.0,RETAIL,2026-07-10,NEUTRAL,30,2026-07-10
PPL,4,0,0.0,0.0,0.0,0.0,0.0,RETAIL,2026-06-29,NEUTRAL,30,2026-07-10
PPSL,5,0,0.0,0.0,0.0,0.0,0.0,RETAIL,2026-07-02,NEUTRAL,30,2026-07-10
PRESSTONIC,2,0,0.0,0.0,0.0,0.0,0.0,RETAIL,2026-06-19,NEUTRAL,30,2026-07-10
PROTEAN,1,0,0.0,0.0,0.0,0.0,0.0,RETAIL,2026-06-19,NEUTRAL,30,2026-07-10
PROZONER,1,0,0.0,0.0,0.0,0.0,0.0,RETAIL,2026-06-30,NEUTRAL,30,2026-07-10
QFIL,4,0,0.0,0.0,0.0,0.0,0.0,RETAIL,2026-06-22,NEUTRAL,30,2026-07-10
QUADFUTURE,10,0,0.0,0.0,0.0,0.0,0.0,RETAIL,2026-06-16,NEUTRAL,30,2026-07-10
QUESTLAB,3,0,0.0,0.0,0.0,0.0,0.0,RETAIL,2026-06-16,NEUTRAL,30,2026-07-10
RADHIKAJWE,4,0,0.0,0.0,0.0,0.0,0.0,RETAIL,2026-07-09,NEUTRAL,30,2026-07-10
RADIOWALLA,2,0,0.0,0.0,0.0,0.0,0.0,RETAIL,2026-07-10,NEUTRAL,30,2026-07-10
OMAXE,6,0,0.0,0.0,0.0,0.0,0.0,RETAIL,2026-07-06,NEUTRAL,30,2026-07-10
RAMASTEEL,1,0,0.0,0.0,0.0,0.0,0.0,RETAIL,2026-06-17,NEUTRAL,30,2026-07-10
RAMBHAJO,2,0,0.0,0.0,0.0,0.0,0.0,RETAIL,2026-07-01,NEUTRAL,30,2026-07-10
RAMCOIND,10,0,0.0,0.0,0.0,0.0,0.0,RETAIL,2026-06-25,NEUTRAL,30,2026-07-10
TICL,5,0,0.0,0.0,0.0,0.0,0.0,RETAIL,2026-06-30,NEUTRAL,30,2026-07-10
RATNAVEER,44,0,0.0,0.0,0.0,0.0,0.0,RETAIL,2026-07-08,NEUTRAL,30,2026-07-10
RBA,21,0,0.0,0.0,0.0,0.0,0.0,RETAIL,2026-06-30,NEUTRAL,30,2026-07-10
RELAXO,2,0,0.0,0.0,0.0,0.0,0.0,RETAIL,2026-06-25,NEUTRAL,30,2026-07-10
RELIANCE,2,0,0.0,0.0,0.0,0.0,0.0,RETAIL,2026-06-24,NEUTRAL,30,2026-07-10
RELTD-RE,8,0,0.0,0.0,0.0,0.0,0.0,RETAIL,2026-06-19,NEUTRAL,30,2026-07-10
RFBL,3,0,0.0,0.0,0.0,0.0,0.0,RETAIL,2026-07-07,NEUTRAL,30,2026-07-10
RHETAN,4,0,0.0,0.0,0.0,0.0,0.0,RETAIL,2026-06-22,NEUTRAL,30,2026-07-10
RHIM,10,0,0.0,0.0,0.0,0.0,0.0,RETAIL,2026-07-02,NEUTRAL,30,2026-07-10
RICHA,11,0,0.0,0.0,0.0,0.0,0.0,RETAIL,2026-07-10,NEUTRAL,30,2026-07-10
RICOAUTO,2,0,0.0,0.0,0.0,0.0,0.0,RETAIL,2026-06-10,NEUTRAL,30,2026-07-10
RIIL,8,0,0.0,0.0,0.0,0.0,0.0,RETAIL,2026-06-29,NEUTRAL,30,2026-07-10
PINELABS,3,0,0.0,0.0,0.0,0.0,0.0,RETAIL,2026-06-24,NEUTRAL,30,2026-07-10
RITES,16,0,0.0,0.0,0.0,0.0,0.0,RETAIL,2026-07-07,NEUTRAL,30,2026-07-10
RMC,2,0,0.0,0.0,0.0,0.0,0.0,RETAIL,2026-06-22,NEUTRAL,30,2026-07-10
RML,2,0,0.0,0.0,0.0,0.0,0.0,RETAIL,2026-06-19,NEUTRAL,30,2026-07-10
ROCKPP,3,0,0.0,0.0,0.0,0.0,0.0,RETAIL,2026-06-23,NEUTRAL,30,2026-07-10
ROTO,44,0,0.0,0.0,0.0,0.0,0.0,RETAIL,2026-06-25,NEUTRAL,30,2026-07-10
RPPL,1,0,0.0,0.0,0.0,0.0,0.0,RETAIL,2026-06-23,NEUTRAL,30,2026-07-10
RPTECH,24,0,0.0,0.0,0.0,0.0,0.0,RETAIL,2026-06-24,NEUTRAL,30,2026-07-10
RTL,3,0,0.0,0.0,0.0,0.0,0.0,RETAIL,2026-07-02,NEUTRAL,30,2026-07-10
SAIPARENT,2,0,0.0,0.0,0.0,0.0,0.0,RETAIL,2026-07-02,NEUTRAL,30,2026-07-10
SAJHOTELS,8,0,0.0,0.0,0.0,0.0,0.0,RETAIL,2026-07-09,NEUTRAL,30,2026-07-10
SAKSOFT,118,0,0.0,0.0,0.0,0.0,0.0,RETAIL,2026-07-08,NEUTRAL,30,2026-07-10
SALASAR,1,0,0.0,0.0,0.0,0.0,0.0,RETAIL,2026-06-24,NEUTRAL,30,2026-07-10
SAMPANN,1,0,0.0,0.0,0.0,0.0,0.0,RETAIL,2026-06-11,NEUTRAL,30,2026-07-10
SANGANI,1,0,0.0,0.0,0.0,0.0,0.0,RETAIL,2026-06-16,NEUTRAL,30,2026-07-10
SANGINITA,4,0,0.0,0.0,0.0,0.0,0.0,RETAIL,2026-07-06,NEUTRAL,30,2026-07-10
RAJTV,1,0,0.0,0.0,0.0,0.0,0.0,RETAIL,2026-07-03,NEUTRAL,30,2026-07-10
SATECH,1,0,0.0,0.0,0.0,0.0,0.0,RETAIL,2026-06-24,NEUTRAL,30,2026-07-10
SAWALIYA,1,0,0.0,0.0,0.0,0.0,0.0,RETAIL,2026-06-10,NEUTRAL,30,2026-07-10
SBC,16,0,0.0,0.0,0.0,0.0,0.0,RETAIL,2026-06-24,NEUTRAL,30,2026-07-10
SCPL,1,0,0.0,0.0,0.0,0.0,0.0,RETAIL,2026-07-01,NEUTRAL,30,2026-07-10
SEITINVIT,5,0,0.0,0.0,0.0,0.0,0.0,RETAIL,2026-07-06,NEUTRAL,30,2026-07-10
SEL,1,0,0.0,0.0,0.0,0.0,0.0,RETAIL,2026-07-10,NEUTRAL,30,2026-07-10
SELLOWRAP,2,0,0.0,0.0,0.0,0.0,0.0,RETAIL,2026-07-03,NEUTRAL,30,2026-07-10
SEYAIND,2,0,0.0,0.0,0.0,0.0,0.0,RETAIL,2026-06-18,NEUTRAL,30,2026-07-10
SHAH,10,0,0.0,0.0,0.0,0.0,0.0,RETAIL,2026-07-07,NEUTRAL,30,2026-07-10
SHAH-RE1,10,0,0.0,0.0,0.0,0.0,0.0,RETAIL,2026-06-19,NEUTRAL,30,2026-07-10
SHAILY,3,0,0.0,0.0,0.0,0.0,0.0,RETAIL,2026-06-18,NEUTRAL,30,2026-07-10
SHAKTIPUMP,8,0,0.0,0.0,0.0,0.0,0.0,RETAIL,2026-07-06,NEUTRAL,30,2026-07-10
SHANKARA,3,0,0.0,0.0,0.0,0.0,12.7568,RETAIL,2026-06-30,PROMOTER_CONFIDENCE,30,2026-07-10
SHANTIGOLD,22,0,0.0,0.0,0.0,0.0,0.0,RETAIL,2026-07-09,NEUTRAL,30,2026-07-10
SHAREINDIA,30,0,0.0,0.0,0.0,0.0,0.0,RETAIL,2026-07-09,NEUTRAL,30,2026-07-10
RITCO,3,0,0.0,0.0,0.0,0.0,0.0,RETAIL,2026-06-19,NEUTRAL,30,2026-07-10
SHIVAUM,1,0,0.0,0.0,0.0,0.0,0.0,RETAIL,2026-07-07,NEUTRAL,30,2026-07-10
SHREEDHAR,9,0,0.0,0.0,0.0,0.0,0.0,RETAIL,2026-07-01,NEUTRAL,30,2026-07-10
SIGNORIA,6,0,0.0,0.0,0.0,0.0,0.0,RETAIL,2026-06-18,NEUTRAL,30,2026-07-10
SIGNPOST,22,0,0.0,0.0,0.0,0.0,0.0,RETAIL,2026-07-02,NEUTRAL,30,2026-07-10
SIMCA,1,0,0.0,0.0,0.0,0.0,0.0,RETAIL,2026-06-11,NEUTRAL,30,2026-07-10
SIMPLEXINF,1,0,0.0,0.0,0.0,0.0,0.0,RETAIL,2026-06-19,NEUTRAL,30,2026-07-10
SINTERCOM,5,0,0.0,0.0,0.0,0.0,0.0,RETAIL,2026-06-22,NEUTRAL,30,2026-07-10
SKYGOLD,2,0,0.0,0.0,0.0,0.0,0.0,RETAIL,2026-06-23,NEUTRAL,30,2026-07-10
SOLARA,1,0,0.0,0.0,0.0,0.0,0.0,RETAIL,2026-07-10,NEUTRAL,30,2026-07-10
SOLARWORLD,4,0,0.0,0.0,0.0,0.0,0.0,RETAIL,2026-07-06,NEUTRAL,30,2026-07-10
SOMICONVEY,6,0,0.0,0.0,0.0,0.0,0.0,RETAIL,2026-06-25,NEUTRAL,30,2026-07-10
SONATSOFTW,3,0,0.0,0.0,0.0,0.0,0.0,RETAIL,2026-06-16,NEUTRAL,30,2026-07-10
SOUTHWEST,8,0,0.0,0.0,0.0,0.0,0.0,RETAIL,2026-06-22,NEUTRAL,30,2026-07-10
SPAL,2,0,0.0,0.0,0.0,0.0,0.0,RETAIL,2026-06-15,NEUTRAL,30,2026-07-10
SSFLPP,2,0,0.0,0.0,0.0,0.0,0.0,RETAIL,2026-07-02,NEUTRAL,30,2026-07-10
TITAN,2,0,0.0,0.0,0.0,0.0,0.0,RETAIL,2026-06-24,NEUTRAL,30,2026-07-10
STERTOOLS,2,0,0.0,0.0,0.0,0.0,0.0,RETAIL,2026-06-23,NEUTRAL,30,2026-07-10
STUDDS,6,0,0.0,0.0,0.0,0.0,0.0,RETAIL,2026-06-10,NEUTRAL,30,2026-07-10
STYLEBAAZA,3,0,0.0,0.0,0.0,0.0,0.0,RETAIL,2026-06-30,NEUTRAL,30,2026-07-10
SUBROS,4,0,0.0,0.0,0.0,0.0,0.0,RETAIL,2026-06-22,NEUTRAL,30,2026-07-10
SUMEET-RE,7,0,0.0,0.0,0.0,0.0,0.0,RETAIL,2026-07-10,NEUTRAL,30,2026-07-10
SUNPHARMA,2,0,0.0,0.0,0.0,0.0,0.0,RETAIL,2026-06-24,NEUTRAL,30,2026-07-10
UCL,4,0,0.0,0.0,0.0,0.0,0.0,RETAIL,2026-06-30,NEUTRAL,30,2026-07-10
SUPREME,3,0,0.0,0.0,0.0,0.0,0.0,RETAIL,2026-06-24,NEUTRAL,30,2026-07-10
SVLL,1,0,0.0,0.0,0.0,0.0,0.0,RETAIL,2026-07-10,NEUTRAL,30,2026-07-10
TARC,8,0,0.0,0.0,0.0,0.0,0.0,RETAIL,2026-07-07,NEUTRAL,30,2026-07-10
TARIL,4,0,0.0,0.0,0.0,0.0,0.0,RETAIL,2026-06-19,NEUTRAL,30,2026-07-10
TARSONS,22,0,0.0,0.0,0.0,0.0,0.0,RETAIL,2026-07-06,NEUTRAL,30,2026-07-10
TBZ,12,0,0.0,0.0,0.0,0.0,0.0,RETAIL,2026-07-09,NEUTRAL,30,2026-07-10
TCIEXP,2,0,0.0,0.0,0.0,0.0,0.0,RETAIL,2026-06-24,NEUTRAL,30,2026-07-10
TCIFINANCE,7,0,0.0,0.0,0.0,0.0,0.0,RETAIL,2026-06-10,NEUTRAL,30,2026-07-10
SHEEL,1,0,0.0,0.0,0.0,0.0,0.0,RETAIL,2026-06-18,NEUTRAL,30,2026-07-10
ZUARI,4,0,0.0,0.0,0.0,0.0,0.0,RETAIL,2026-06-16,NEUTRAL,30,2026-07-10
VIKRAN,10,0,0.0,0.0,0.0,0.0,0.0,RETAIL,2026-06-29,NEUTRAL,30,2026-07-10
VINCOFE,14,0,0.0,0.0,0.0,0.0,0.0,RETAIL,2026-06-12,NEUTRAL,30,2026-07-10
VIPULLTD,12,0,0.0,0.0,0.0,0.0,0.0,RETAIL,2026-07-09,NEUTRAL,30,2026-07-10
VISACHROME,2,0,0.0,0.0,0.0,0.0,0.0,RETAIL,2026-06-22,NEUTRAL,30,2026-07-10
VISL,3,0,0.0,0.0,0.0,0.0,0.0,RETAIL,2026-07-03,NEUTRAL,30,2026-07-10
VOLERCAR,3,0,0.0,0.0,0.0,0.0,0.0,RETAIL,2026-06-15,NEUTRAL,30,2026-07-10
VPRPL,2,0,0.0,0.0,0.0,0.0,0.0,RETAIL,2026-06-10,NEUTRAL,30,2026-07-10
WALCHANNAG,10,0,0.0,0.0,0.0,0.0,0.0,RETAIL,2026-06-19,NEUTRAL,30,2026-07-10
YAAP,1,0,0.0,0.0,0.0,0.0,0.0,RETAIL,2026-06-22,NEUTRAL,30,2026-07-10
ZEEL,10,0,0.0,0.0,0.0,0.0,0.0,RETAIL,2026-06-12,NEUTRAL,30,2026-07-10
ZEELEARN,1,0,0.0,0.0,0.0,0.0,0.0,RETAIL,2026-06-23,NEUTRAL,30,2026-07-10
ZENSARTECH,22,0,0.0,0.0,0.0,0.0,0.0,RETAIL,2026-07-10,NEUTRAL,30,2026-07-10
ZTECH,1,0,0.0,0.0,0.0,0.0,0.0,RETAIL,2026-06-29,NEUTRAL,30,2026-07-10
AASTHA,13,0,0.0,0.0,0.0,0.0,0.0,RETAIL,2026-07-10,NEUTRAL,30,2026-07-10
VERTEXPLUS,2,0,0.0,0.0,0.0,0.0,0.0,RETAIL,2026-07-01,NEUTRAL,30,2026-07-10
TFCILTD,2,0,0.0,0.0,0.0,0.0,0.0,RETAIL,2026-06-22,NEUTRAL,30,2026-07-10
ABINFRA,2,0,0.0,0.0,0.0,0.0,0.0,RETAIL,2026-06-25,NEUTRAL,30,2026-07-10
ACCORD,5,0,0.0,0.0,0.0,0.0,0.0,RETAIL,2026-07-10,NEUTRAL,30,2026-07-10
ACETEC,2,0,0.0,0.0,0.0,0.0,0.0,RETAIL,2026-07-02,NEUTRAL,30,2026-07-10
ACSTECH,4,0,0.0,0.0,0.0,0.0,0.0,RETAIL,2026-06-29,NEUTRAL,30,2026-07-10
ADFFOODS,2,0,0.0,0.0,0.0,0.0,0.0,RETAIL,2026-07-02,NEUTRAL,30,2026-07-10
ADSL,2,0,0.0,0.0,0.0,0.0,0.0,RETAIL,2026-06-24,NEUTRAL,30,2026-07-10
ADVENTHTL,6,0,0.0,0.0,0.0,0.0,0.0,RETAIL,2026-07-06,NEUTRAL,30,2026-07-10
AEROENTER,2,0,0.0,0.0,0.0,0.0,0.0,RETAIL,2026-06-19,NEUTRAL,30,2026-07-10
AFIL,1,0,0.0,0.0,0.0,0.0,0.0,RETAIL,2026-06-11,NEUTRAL,30,2026-07-10
AGARIND,8,0,0.0,0.0,0.0,0.0,0.0,RETAIL,2026-06-16,NEUTRAL,30,2026-07-10
AGARWALTUF,3,0,0.0,0.0,0.0,0.0,0.0,RETAIL,2026-07-06,NEUTRAL,30,2026-07-10
AGIIL,22,0,0.0,0.0,0.0,0.0,0.0,RETAIL,2026-07-10,NEUTRAL,30,2026-07-10
AMANTA,8,0,0.0,0.0,0.0,0.0,0.0,RETAIL,2026-06-11,NEUTRAL,30,2026-07-10
AMBER,2,0,0.0,0.0,0.0,0.0,0.0,RETAIL,2026-06-19,NEUTRAL,30,2026-07-10
20MICRONS,8,0,0.0,0.0,0.0,0.0,0.0,RETAIL,2026-06-23,NEUTRAL,30,2026-07-10
ALLCARGO,2,2,-17395120.0,-15.0642,-15.0642,0.0,0.0,FII,2026-06-19,INSTITUTIONAL_DISTRIBUTION,30,2026-07-10
FINPIPE,1,1,-4270000.0,-72.4662,0.0,0.0,0.0,INSURANCE,2026-06-17,INSTITUTIONAL_DISTRIBUTION,30,2026-07-10
