symbol,accumulation_prob,accumulation_score
RAMCOSYS,0.9933,99.3
CORONA,0.978,97.8
WELSPUNLIV,0.9988,99.9
GOKEX,0.9664,96.6
EBGNG,0.9928,99.3
POCL,0.9898,99.0
JAYBARMARU,0.9867,98.7
BAJAJCON,0.9984,99.8
LODHA,0.9395,94.0
PAYTM,0.9896,99.0
MUTHOOTMF,0.9989,99.9
NYKAA,0.9988,99.9
FUSION,0.9983,99.8
KSL,0.9968,99.7
SENORES,0.9989,99.9
INDNIPPON,0.9979,99.8
SATIN,0.9988,99.9
HESTERBIO,0.9975,99.8
OFSS,0.999,99.9
LENSKART,0.826,82.6
GOODLUCK,0.9978,99.8
TRIVENI,0.9987,99.9
GODREJIND,0.9979,99.8
RATEGAIN,0.9986,99.9
SKYGOLD,0.9966,99.7
CUPID,0.9984,99.8
LLOYDSENGG,0.9926,99.3
UTLSOLAR,0.9903,99.0
ARMANFIN,0.9847,98.5
INDOBORAX,0.9872,98.7
WELCORP,0.9982,99.8
AURUM,0.9933,99.3
RPTECH,0.9912,99.1
SPORTKING,0.9947,99.5
CRAFTSMAN,0.9004,90.0
NAM-INDIA,0.9967,99.7
SANGAMIND,0.9966,99.7
SUVEN,0.9959,99.6
RISHABH,0.9881,98.8
KMEW,0.9977,99.8
KABRAEXTRU,0.9962,99.6
RML,0.9896,99.0
RANEHOLDIN,0.9963,99.6
GREAVESCOT,0.9965,99.6
ABCAPITAL,0.9928,99.3
GNA,0.9976,99.8
WABAG,0.9967,99.7
PPAP,0.9771,97.7
UFBL,0.9545,95.4
UJJIVANSFB,0.994,99.4
PGIL,0.9977,99.8
EQUITASBNK,0.9955,99.6
BETA,0.9722,97.2
KAJARIACER,0.9926,99.3
AMAGI,0.9822,98.2
KDDL,0.9982,99.8
SPANDANA,0.9938,99.4
PHOENIXLTD,0.9961,99.6
PNBHOUSING,0.9914,99.1
EMCURE,0.9108,91.1
SKMEGGPROD,0.9856,98.6
KAPSTON,0.9736,97.4
FILATEX,0.9937,99.4
NORTHARC,0.9947,99.5
STARHEALTH,0.9951,99.5
VENUSPIPES,0.9945,99.4
THELEELA,0.9942,99.4
GRANULES,0.9985,99.8
SIGNPOST,0.9806,98.1
CREDITACC,0.9957,99.6
MOREPENLAB,0.9936,99.4
PAISALO,0.9974,99.7
ESAFSFB,0.9919,99.2
SPAL,0.9844,98.4
RAMCOIND,0.9845,98.5
LAURUSLABS,0.9976,99.8
HONASA,0.9952,99.5
JSWINFRA,0.9967,99.7
TIPSMUSIC,0.9895,99.0
RPEL,0.9954,99.5
SHILPAMED,0.9864,98.6
INDSWFTLAB,0.9894,98.9
IRISDOREME,0.9804,98.0
IPCALAB,0.9961,99.6
ATHERENERG,0.9986,99.9
RPGLIFE,0.9974,99.7
GANDHAR,0.9935,99.3
CGCL,0.9979,99.8
ADOR,0.9977,99.8
AEGISVOPAK,0.9972,99.7
SHREEJISPG,0.987,98.7
NITINSPIN,0.9914,99.1
CENTUM,0.9976,99.8
VIJAYA,0.9884,98.8
RUBICON,0.9769,97.7
BUTTERFLY,0.9842,98.4
AETHER,0.9982,99.8
GRWRHITECH,0.9975,99.7
IOLCP,0.9963,99.6
SFL,0.9965,99.6
AVL,0.9871,98.7
ICIL,0.9957,99.6
SANSERA,0.9974,99.7
GHCLTEXTIL,0.9905,99.0
HAPPYFORGE,0.9954,99.5
SCANSTL,0.9842,98.4
GMRAIRPORT,0.9904,99.0
MEGASTAR,0.9832,98.3
SBC,0.9927,99.3
HFCL,0.998,99.8
LTF,0.9971,99.7
JBCHEPHARM,0.997,99.7
JINDALSAW,0.9964,99.6
SPECTRUM,0.9969,99.7
CEMPRO,0.9964,99.6
CYIENTDLM,0.994,99.4
SONACOMS,0.9951,99.5
IKS,0.9864,98.6
MANGLMCEM,0.9855,98.6
J&KBANK,0.999,99.9
SHARDUL,0.9327,93.3
MANAPPURAM,0.9906,99.1
QUESS,0.987,98.7
GRAVITA,0.9751,97.5
3MINDIA,0.9624,96.2
ASTRAMICRO,0.9952,99.5
GALAPREC,0.9935,99.4
SURYODAY,0.9973,99.7
HDFCSML250,0.9687,96.9
RAIN,0.9789,97.9
ETHOSLTD,0.866,86.6
ORCHPHARMA,0.9974,99.7
PSPPROJECT,0.9969,99.7
RADICO,0.9969,99.7
SHYAMMETL,0.9776,97.8
STOVEKRAFT,0.9937,99.4
GROWWRLTY,0.9674,96.7
MOREALTY,0.9071,90.7
OBEROIRLTY,0.9934,99.3
GCSL,0.9228,92.3
CHOICEIN,0.934,93.4
CAPLIPOINT,0.9941,99.4
SAREGAMA,0.9829,98.3
SPARC,0.996,99.6
CNL,0.9788,97.9
VARROC,0.9818,98.2
PGHL,0.9907,99.1
TORNTPHARM,0.9955,99.5
SHRIPISTON,0.9971,99.7
WEWORK,0.9665,96.7
ADANIENSOL,0.9923,99.2
MMFL,0.9841,98.4
SAILIFE,0.9843,98.4
BLUSPRING,0.9949,99.5
AVALON,0.975,97.5
TAALTECH,0.9442,94.4
MONQ50,0.9859,98.6
NGLFINE,0.9805,98.0
CHOLAFIN,0.9867,98.7
GABRIEL,0.9957,99.6
DELHIVERY,0.9739,97.4
AMIRCHAND,0.985,98.5
AZAD,0.9788,97.9
SYRMA,0.9966,99.7
HEALTHX,0.8731,87.3
BHARATSE,0.9661,96.6
NILE,0.9636,96.4
CCAVENUE,0.9609,96.1
TBZ,0.9881,98.8
DIACABS,0.9967,99.7
NUVAMA,0.968,96.8
SETL,0.9791,97.9
PLASTIBLEN,0.9285,92.8
BUILDPRO,0.8877,88.8
PICCADIL,0.9668,96.7
CONSOFINVT,0.9206,92.1
NOVARTIND,0.9825,98.2
HTMEDIA,0.9013,90.1
AEQUS,0.9268,92.7
MIDSELIETF,0.9326,93.3
ACMESOLAR,0.997,99.7
ADANIGREEN,0.9707,97.1
FERMENTA,0.9816,98.2
BANSALWIRE,0.8119,81.2
KIRLOSENG,0.996,99.6
TALBROAUTO,0.9885,98.8
LALPATHLAB,0.8683,86.8
ARVIND,0.9969,99.7
YASHO,0.9956,99.6
BFINVEST,0.9957,99.6
SANGHVIMOV,0.9965,99.7
WELENT,0.9637,96.4
AKUMS,0.9963,99.6
NEOGEN,0.982,98.2
AARVI,0.9544,95.4
UNIPARTS,0.9922,99.2
AEGISLOG,0.996,99.6
GEOJITFSL,0.988,98.8
PRESTIGE,0.9481,94.8
BORORENEW,0.99,99.0
SARLAPOLY,0.874,87.4
NACLIND,0.9593,95.9
PRIVISCL,0.9899,99.0
MOHEALTH,0.9858,98.6
PHARMABEES,0.9895,99.0
AYE,0.9533,95.3
SUDEEPPHRM,0.9694,96.9
MSCI360,0.9615,96.2
RRKABEL,0.989,98.9
MID150BEES,0.9687,96.9
MIRZAINT,0.9723,97.2
BHEL,0.9862,98.6
TIMEX,0.98,98.0
DIVGIITTS,0.9958,99.6
USHAMART,0.9485,94.9
PWL,0.9576,95.8
HEALTHIETF,0.9861,98.6
AUROPHARMA,0.9604,96.0
AADHARHFC,0.9592,95.9
INDUSINDBK,0.9601,96.0
VADILALIND,0.9542,95.4
MINDACORP,0.943,94.3
BALAMINES,0.9866,98.7
DIFFNKG,0.9948,99.5
NAVINFLUOR,0.9429,94.3
MAYURUNIQ,0.9466,94.7
KERNEX,0.9829,98.3
AJANTPHARM,0.9794,97.9
MOCAPITAL,0.9431,94.3
FINIETF,0.8418,84.2
PRUDENT,0.9658,96.6
PANACHE,0.9179,91.8
BHARATFORG,0.9858,98.6
MIDCAPIETF,0.9716,97.2
HEALTHY,0.9858,98.6
BANDHANBNK,0.9552,95.5
EXIDEIND,0.9523,95.2
MARKSANS,0.9841,98.4
FEDERALBNK,0.9692,96.9
PANSARI,0.8538,85.4
DOMS,0.6933,69.3
ZYDUSLIFE,0.8951,89.5
KISSHT,0.9235,92.3
LLOYDSME,0.9837,98.4
PARAS,0.977,97.7
HDFCMID150,0.9482,94.8
ADFFOODS,0.9917,99.2
STYLAMIND,0.9719,97.2
INDIANHUME,0.9259,92.6
ABSLAMC,0.9848,98.5
MIDCAPETF,0.9392,93.9
VISAKAIND,0.9051,90.5
IVALUE,0.9358,93.6
TINNARUBR,0.9931,99.3
SML100CASE,0.9407,94.1
VIYASH,0.9189,91.9
IZMO,0.9149,91.5
AUBANK,0.8492,84.9
PIXTRANS,0.9622,96.2
TTKPRESTIG,0.9939,99.4
MON100,0.8613,86.1
MANCREDIT,0.9947,99.5
DHANBANK,0.9374,93.7
MIDCAPBETA,0.8647,86.5
TBOTEK,0.9504,95.0
MUFIN,0.9428,94.3
POLYPLEX,0.9531,95.3
GROWWSC250,0.9766,97.7
HDBFS,0.8654,86.5
GANESHHOU,0.8079,80.8
ADANIENT,0.9757,97.6
BEPL,0.8476,84.8
MANBA,0.8902,89.0
SHRIRAMFIN,0.9641,96.4
MOM100,0.8895,89.0
BLSE,0.9648,96.5
CANFINHOME,0.8443,84.4
MOSMALL250,0.9644,96.4
CARTRADE,0.9926,99.3
TEXINFRA,0.9197,92.0
AMBIKCO,0.9273,92.7
SENCO,0.9726,97.3
HNDFDS,0.9321,93.2
SMALLADD,0.8647,86.5
NEULANDLAB,0.9864,98.6
SSWL,0.8731,87.3
DIAMONDYD,0.8483,84.8
WANBURY,0.8663,86.6
INNOVACAP,0.9461,94.6
RATNAVEER,0.9455,94.5
COMSYN,0.8834,88.3
INTERNET,0.8338,83.4
MID150,0.9651,96.5
OMNI,0.9482,94.8
VSSL,0.8937,89.4
ACSTECH,0.9505,95.1
ZSARACOM,0.9588,95.9
FEDDERSHOL,0.9518,95.2
RBLBANK,0.9396,94.0
GLAND,0.9892,98.9
SUYOG,0.8601,86.0
ANANDRATHI,0.9166,91.7
CMPDI,0.924,92.4
LUPIN,0.9421,94.2
LLOYDSENT,0.987,98.7
MSTCLTD,0.9272,92.7
UNICHEMLAB,0.9442,94.4
ZYDUSWELL,0.8934,89.3
ACUTAAS,0.9872,98.7
SBISMLETF,0.8877,88.8
PAUSHAKLTD,0.8451,84.5
TITAN,0.9091,90.9
STYL,0.9934,99.3
IDFCFIRSTB,0.8747,87.5
KSHINTL,0.8983,89.8
ECAPINSURE,0.9166,91.7
NELCO,0.9664,96.6
XPROINDIA,0.99,99.0
MACPOWER,0.9514,95.1
KICL,0.9829,98.3
HAWKINCOOK,0.9584,95.8
GROWWDEFNC,0.9572,95.7
CONSUMER,0.8042,80.4
BAJAJ-AUTO,0.8061,80.6
EXICOM,0.7458,74.6
MUNJALAU,0.9025,90.3
GODREJPROP,0.9441,94.4
KIRLOSIND,0.8687,86.9
POONAWALLA,0.9768,97.7
NEXT50,0.929,92.9
ALPHA,0.9557,95.6
ALIVUS,0.8982,89.8
MODEFENCE,0.9351,93.5
THANGAMAYL,0.9978,99.8
MOTILALOFS,0.9905,99.0
SUNPHARMA,0.9579,95.8
PIRAMALFIN,0.8945,89.5
HEALTHCARE,0.9621,96.2
TPLPLASTEH,0.941,94.1
SOTL,0.9513,95.1
SUPRAJIT,0.9071,90.7
PACEDIGITK,0.854,85.4
CPPLUS,0.9228,92.3
BOSCHLTD,0.9385,93.8
HARRMALAYA,0.826,82.6
AGARWALEYE,0.9544,95.4
RAYMONDREL,0.9076,90.8
GROWWHOSPI,0.9699,97.0
PRECOT,0.9226,92.3
ALPHAETF,0.9438,94.4
INGERRAND,0.7692,76.9
SHAREINDIA,0.9325,93.3
JUNIORBEES,0.9492,94.9
TATACAP,0.8244,82.4
MOALPHA50,0.8857,88.6
METROPOLIS,0.8988,89.9
MEDANTA,0.9715,97.1
NH,0.8705,87.0
RELIGARE,0.9598,96.0
ARTEMISMED,0.8839,88.4
ONWARDTEC,0.8746,87.5
INVPRECQ,0.8953,89.5
TVSSCS,0.8937,89.4
TAINWALCHM,0.9787,97.9
AARTIIND,0.904,90.4
MANINDS,0.8358,83.6
KIMS,0.9165,91.7
OPTIEMUS,0.9774,97.7
ABSLNN50ET,0.7821,78.2
HMVL,0.9107,91.1
MENNPIS,0.8938,89.4
SBIETFPB,0.9418,94.2
GRASIM,0.8644,86.4
EVINDIA,0.8982,89.8
TATVA,0.9707,97.1
RBZJEWEL,0.9424,94.2
GKSL,0.9175,91.8
MON50EQUAL,0.8156,81.6
NIVABUPA,0.7714,77.1
JASH,0.8394,83.9
MIDCAPADD,0.8808,88.1
HDFCPVTBAN,0.8773,87.7
JETFREIGHT,0.8379,83.8
NEXT50IETF,0.9045,90.4
NEXT50ADD,0.8753,87.5
RAJRATAN,0.9506,95.1
POWERICA,0.963,96.3
TMB,0.7818,78.2
SBINMID150,0.6962,69.6
SHREEPUSHK,0.8984,89.8
VAIBHAVGBL,0.9189,91.9
KTKBANK,0.9328,93.3
BAJFINANCE,0.9336,93.4
MULTICAP,0.9415,94.1
GROWWNXT50,0.6246,62.5
REDINGTON,0.7264,72.6
SIKA,0.9018,90.2
MONEXT50,0.9047,90.5
SMALL250,0.8954,89.5
MANORAMA,0.9359,93.6
ITAXIS,0.402,40.2
DEFENCE,0.8935,89.4
ALPL30IETF,0.7098,71.0
MAJESAUT,0.679,67.9
APOLLOHOSP,0.9489,94.9
FLUOROCHEM,0.9232,92.3
POKARNA,0.8772,87.7
SUNDRMFAST,0.8259,82.6
VTL,0.9384,93.8
EDELWEISS,0.8168,81.7
BALRAMCHIN,0.871,87.1
WIPL,0.8665,86.6
AVANTEL,0.9769,97.7
CEATLTD,0.8791,87.9
BANKBEES,0.6779,67.8
NPBET,0.8039,80.4
BELRISE,0.8767,87.7
EBBETF0433,0.6116,61.2
PARKHOSPS,0.7337,73.4
NAVNETEDUL,0.8528,85.3
KIRLFER,0.5883,58.8
HDFCBSE500,0.7852,78.5
AONETOTAL,0.8365,83.7
NITTAGELA,0.9368,93.7
SOMATEX,0.9233,92.3
BANKETF,0.6987,69.9
PVTBKGROWW,0.176,17.6
MAFANG,0.1034,10.3
IMPAL,0.0797,8.0
DENORA,0.0465,4.7
SHIVAUM,0.3138,31.4
JSFB,0.0577,5.8
CENTENKA,0.0839,8.4
MIDSMALL,0.0246,2.5
DISAQ,0.0175,1.8
CONSUMAXIS,0.0962,9.6
LICNMID100,0.2095,21.0
WSTCSTPAPR,0.038,3.8
JTLIND,0.0839,8.4
BHAGCHEM,0.0897,9.0
JAMNAAUTO,0.0823,8.2
5PAISA,0.0684,6.8
EQUAL200,0.159,15.9
GREENPLY,0.1188,11.9
HDFCNEXT50,0.0412,4.1
GROWWNET,0.5273,52.7
SOMANYCERA,0.056,5.6
MOIPO,0.3931,39.3
SMALLIETF,0.088,8.8
VALUEAXIS,0.0045,0.4
MNC,0.3041,30.4
UYFINCORP,0.0127,1.3
SCHNEIDER,0.1574,15.7
TRAVELFOOD,0.0887,8.9
GREENLAM,0.0181,1.8
TARSONS,0.1109,11.1
PVTBANIETF,0.2279,22.8
AIAENG,0.1246,12.5
BSE500IETF,0.0227,2.3
HDFCAMC,0.0117,1.2
ITDC,0.2089,20.9
SMALLGROWW,0.0452,4.5
SENSEXAXIS,0.0046,0.5
SAKAR,0.0678,6.8
GROWWMC150,0.1234,12.3
GROWWCAPM,0.2027,20.3
HDFCNIFBAN,0.1752,17.5
CCL,0.1144,11.4
GILT10BETA,0.0028,0.3
PRICOLLTD,0.1381,13.8
EQUAL50,0.0061,0.6
SHADOWFAX,0.074,7.4
BIMETAL,0.2219,22.2
SHRINGARMS,0.0946,9.5
MOSCHIP,0.1535,15.4
PDSL,0.0571,5.7
SMALLCAP,0.1525,15.2
SEDEMAC,0.0869,8.7
EPACKPEB,0.3287,32.9
YATHARTH,0.0355,3.6
SGIL,0.0316,3.2
RAINBOW,0.1585,15.9
GROWWEV,0.0278,2.8
NEXT50BETA,0.0087,0.9
JLHL,0.0413,4.1
INDHOTEL,0.0273,2.7
YESBANK,0.0797,8.0
MID150CASE,0.6315,63.1
BFSI,0.0219,2.2
KSB,0.1672,16.7
ICICIBANK,0.0696,7.0
SKIPPER,0.069,6.9
BANKIETF,0.0164,1.6
BNKETFAXIS,0.0032,0.3
SNXT50BETA,0.1071,10.7
SBINEQWETF,0.0194,1.9
SETFNN50,0.5321,53.2
ALGOQUANT,0.051,5.1
ABDL,0.134,13.4
MONARCH,0.0412,4.1
GOLDAXIS,0.2297,23.0
SRGHFL,0.016,1.6
NIFTYAXIS,0.0035,0.4
KARURVYSYA,0.2117,21.2
AUTOBEES,0.0101,1.0
ASHIANA,0.0562,5.6
EVIETF,0.2791,27.9
HEXAGON,0.0022,0.2
EMIL,0.2396,24.0
PURVA,0.0207,2.1
UNITDSPR,0.063,6.3
MAKEINDIA,0.0095,1.0
HEALTHAXIS,0.0027,0.3
GROWW,0.02,2.0
BANKADD,0.0445,4.4
MOGSEC,0.0032,0.3
PIDILITIND,0.0061,0.6
QMSMEDI,0.0391,3.9
IKIO,0.1203,12.0
BBETF0432,0.0128,1.3
GSEC10IETF,0.0021,0.2
EPL,0.013,1.3
RPPL,0.1538,15.4
BBNPNBETF,0.0069,0.7
SKFINDUS,0.1548,15.5
KNACK,0.0011,0.1
SBCL,0.0485,4.8
BANKBETF,0.0189,1.9
SNXT30BEES,0.0013,0.1
SETFNIFBK,0.0771,7.7
QUADFUTURE,0.0614,6.1
KRISHNADEF,0.0304,3.0
CASHIETF,0.0062,0.6
SIS,0.1147,11.5
GROWWCHEM,0.0111,1.1
RELTD,0.1945,19.4
LTGILTBEES,0.0029,0.3
MASFIN,0.0049,0.5
NEXT50ETF,0.0082,0.8
DIVISLAB,0.0085,0.8
OMAXE,0.0175,1.8
HDFCLIQUID,0.0047,0.5
DECNGOLD,0.3939,39.4
SOBHA,0.0043,0.4
SIGMAADV,0.004,0.4
SETF10GILT,0.0015,0.2
REPCOHOME,0.0203,2.0
NDLVENTURE,0.0332,3.3
INFRA,0.1309,13.1
GROWWN200,0.0056,0.6
BIRLAMONEY,0.0287,2.9
ELPROINTL,0.0609,6.1
INFRAIETF,0.0011,0.1
GUFICBIO,0.1824,18.2
LMW,0.0121,1.2
MAHLIFE,0.0636,6.4
ABSLBANETF,0.0149,1.5
DCBBANK,0.0551,5.5
TFCILTD,0.0132,1.3
ENEXT50,0.0021,0.2
CMRGREEN,0.0026,0.3
HALEOSLABS,0.094,9.4
RAMRAT,0.0451,4.5
RAYMOND,0.118,11.8
GROWWMOM50,0.0028,0.3
ORIENTHOT,0.0189,1.9
NAUKRI,0.0289,2.9
HONAUT,0.0224,2.2
EQUAL50ADD,0.0021,0.2
JUBLINGREA,0.0291,2.9
MANKIND,0.0769,7.7
ASTERDM,0.0321,3.2
LIQUIDCASE,0.0025,0.2
SGMART,0.0473,4.7
AUTOIETF,0.0125,1.3
BANK10ADD,0.0329,3.3
ETERNAL,0.164,16.4
STAR,0.1031,10.3
EBBETF0430,0.0057,0.6
INFRABEES,0.0014,0.1
PATELRMART,0.0773,7.7
PREMIERENE,0.0456,4.6
PARACABLES,0.0607,6.1
EIEL,0.0402,4.0
LICNFNHGP,0.0069,0.7
INDIGO,0.0209,2.1
GLENMARK,0.0635,6.4
EBBETF0431,0.0035,0.4
VISHNU,0.0067,0.7
LIQUIDADD,0.0052,0.5
VINCOFE,0.124,12.4
UNIMECH,0.0045,0.5
ATULAUTO,0.0115,1.1
INDOSTAR,0.0175,1.7
AYMSYNTEX,0.1416,14.2
APOLLOPIPE,0.0581,5.8
NIACL,0.0641,6.4
LICNETFGSC,0.0026,0.3
MSCIINDIA,0.009,0.9
IDEA,0.0398,4.0
SOLARINDS,0.0333,3.3
BOROSCI,0.047,4.7
MMP,0.0178,1.8
ESG,0.0023,0.2
FEDFINA,0.0485,4.8
LIQUIDPLUS,0.003,0.3
SJS,0.0738,7.4
NIF100BEES,0.014,1.4
MOMENTUM50,0.0057,0.6
ASHIKA,0.0154,1.5
LOWVOL1,0.0069,0.7
GRAUWEIL,0.0719,7.2
KIRLOSBROS,0.0427,4.3
STEELXIND,0.0199,2.0
SELECTIPO,0.0994,9.9
NAZARA,0.0321,3.2
GOODYEAR,0.0136,1.4
PVTBANKADD,0.1304,13.0
CHEMICAL,0.0029,0.3
AEROENTER,0.2244,22.4
VMART,0.0248,2.5
LIQUIDBETF,0.0047,0.5
DATAMATICS,0.1754,17.5
DDEVPLSTIK,0.0178,1.8
ENTERO,0.0805,8.1
CONFIPET,0.0508,5.1
MASPTOP50,0.0014,0.1
HUHTAMAKI,0.086,8.6
SEIL,0.0971,9.7
HDFCLOWVOL,0.0083,0.8
ELIQUID,0.0062,0.6
LIQUIDSHRI,0.002,0.2
GILT5YBEES,0.0025,0.2
ARE&M,0.0165,1.7
TATATECH,0.017,1.7
MOMNC,0.0044,0.4
GROWWLIQID,0.002,0.2
MARICO,0.0988,9.9
SMCGLOBAL,0.0062,0.6
MOTOUR,0.0317,3.2
GSEC10YEAR,0.0014,0.1
CONSUMBEES,0.0262,2.6
SAMBHV,0.052,5.2
HOMEFIRST,0.1107,11.1
CORDELIA,0.002,0.2
NEXT30ADD,0.009,0.9
VIDYAWIRES,0.0791,7.9
LOWVOL,0.0029,0.3
LIQUID1,0.0028,0.3
SPECIALITY,0.0045,0.5
JNKINDIA,0.0061,0.6
RGL,0.0558,5.6
KALYANKJIL,0.0487,4.9
JAYNECOIND,0.1151,11.5
NIFTYETF,0.0072,0.7
ZOTA,0.1176,11.8
INDIAGLYCO,0.0042,0.4
PREMIERPOL,0.0178,1.8
GROWWLOVOL,0.0008,0.1
VAML,0.0013,0.1
THOMASCOTT,0.1397,14.0
WPIL,0.041,4.1
FMCGADD,0.0014,0.1
SGFIN,0.0486,4.9
ANTELOPUS,0.0218,2.2
LICNETFN50,0.002,0.2
MOSERVICE,0.0955,9.5
SETFNIF50,0.0034,0.3
DLF,0.0088,0.9
MPSLTD,0.0087,0.9
ANANTRAJ,0.0671,6.7
NIF100IETF,0.0114,1.1
SILVERAXIS,0.0061,0.6
TOP100CASE,0.008,0.8
VLSFINANCE,0.0817,8.2
MANUFGBEES,0.0019,0.2
GRINDWELL,0.0644,6.4
LTGILTCASE,0.0026,0.3
SBIETFCON,0.0081,0.8
TVSMOTOR,0.0373,3.7
EMMVEE,0.0693,6.9
M&MFIN,0.0645,6.4
SOUTHBANK,0.0129,1.3
360ONE,0.0057,0.6
TURTLEMINT,0.0012,0.1
NIFTYBEES,0.0051,0.5
AONELIQUID,0.0022,0.2
CAPITALSFB,0.0191,1.9
NIRLON,0.0039,0.4
PONNIERODE,0.0229,2.3
HDFCMOMENT,0.0043,0.4
IONEXCHANG,0.0563,5.6
SUNTECK,0.0041,0.4
HAL,0.0064,0.6
CENTURYPLY,0.005,0.5
LINC,0.0106,1.1
NIFTYBETA,0.0924,9.2
ACE,0.0054,0.5
CAMS,0.0049,0.5
GSEC5IETF,0.0019,0.2
MOBANK10,0.0417,4.2
IIFL,0.1492,14.9
FINCABLES,0.0893,8.9
AKCAPIT,0.0112,1.1
EBANKNIFTY,0.2541,25.4
BAJAJFINSV,0.0109,1.1
LIQUIDETF,0.0011,0.1
KKCL,0.0066,0.7
ABGSEC,0.0013,0.1
MONIFTY100,0.0023,0.2
SUPREMEINF,0.0138,1.4
SHAHALLOYS,0.014,1.4
VERANDA,0.0102,1.0
LIQUIDSBI,0.0011,0.1
JUSTDIAL,0.0208,2.1
CARYSIL,0.0037,0.4
HDFCNIF100,0.0095,0.9
NRBBEARING,0.005,0.5
JAGSNPHARM,0.0403,4.0
PITTIENG,0.0021,0.2
MOTHERSON,0.0096,1.0
NIBE,0.0232,2.3
GOCLCORP,0.01,1.0
KIRLPNU,0.1542,15.4
LIQGRWBEES,0.0018,0.2
THAKDEV,0.0705,7.0
TIRUPATIFL,0.0022,0.2
NETF,0.005,0.5
MOMOMENTUM,0.002,0.2
SAYAJIHOTL,0.0013,0.1
MAFATIND,0.0573,5.7
MOINFRA,0.0007,0.1
PVRINOX,0.0086,0.9
APTUS,0.0267,2.7
LANCORHOL,0.1773,17.7
EUROPRATIK,0.0527,5.3
MAXHEALTH,0.0176,1.8
KINGFA,0.0079,0.8
JBMA,0.0223,2.2
MOM30IETF,0.0023,0.2
COUNCODOS,0.1835,18.4
KOVAI,0.0022,0.2
KPIL,0.0156,1.6
ANGELONE,0.0043,0.4
LIQUID,0.0004,0.0
EMULTIMQ,0.0004,0.0
SENSEXADD,0.0017,0.2
CANHLIFE,0.0057,0.6
RUPA,0.0055,0.5
ADANIPORTS,0.0119,1.2
CONSUMIETF,0.0124,1.2
TNIDETF,0.0157,1.6
ALKEM,0.0158,1.6
HARSHA,0.0057,0.6
JSWCEMENT,0.064,6.4
ARVSMART,0.0025,0.2
NBIFIN,0.0176,1.8
HDFCNIFTY,0.0014,0.1
NETWEB,0.0379,3.8
LOTUSEYE,0.0217,2.2
LICI,0.0021,0.2
SBIMIDMOM,0.0015,0.2
KPL,0.0241,2.4
SENSEXETF,0.001,0.1
SHRIRAMPPS,0.003,0.3
RAJPALAYAM,0.0008,0.1
MOMIDMTM,0.002,0.2
NAVKARCORP,0.0036,0.4
CARRARO,0.0106,1.1
CHENNPETRO,0.0075,0.7
LIQUIDBEES,0.0006,0.1
MOMENTUM,0.0024,0.2
ATLANTAELE,0.0283,2.8
NHPC,0.0017,0.2
VENKEYS,0.0036,0.4
SBILIQETF,0.0026,0.3
DENTA,0.1842,18.4
ENDURANCE,0.0501,5.0
GOACARBON,0.0031,0.3
ULTRACEMCO,0.0015,0.2
ANTHEM,0.0057,0.6
BHARTIARTL,0.0127,1.3
GARFIBRES,0.0484,4.8
SILVERTUC,0.0023,0.2
ASAHISONG,0.0579,5.8
HDFCQUAL,0.0006,0.1
LIQUIDIETF,0.0006,0.1
AONENIFTY,0.0019,0.2
RITCO,0.0012,0.1
SENSEXBETA,0.0062,0.6
SENSEXIETF,0.0019,0.2
CEIGALL,0.0091,0.9
JINDRILL,0.0033,0.3
ROSSTECH,0.0027,0.3
HDFCSENSEX,0.0016,0.2
TCPLPACK,0.0038,0.4
IFCI,0.0623,6.2
PANAMAPET,0.0657,6.6
BSLSENETFG,0.001,0.1
PNGSREVA,0.0625,6.3
SUMEETINDS,0.1121,11.2
CDSL,0.0046,0.5
SUDARCOLOR,0.013,1.3
MOQUALITY,0.0026,0.3
UCAL,0.022,2.2
SUMICHEM,0.0157,1.6
APOLLO,0.0258,2.6
FINEORG,0.0072,0.7
MAITHANALL,0.0011,0.1
ZENTEC,0.0085,0.8
SAPPL,0.01,1.0
ENERGY,0.0022,0.2
BHARATWIRE,0.0126,1.3
TOP20,0.0058,0.6
ABSLLIQUID,0.0006,0.1
AJAXENGG,0.017,1.7
SHILCTECH,0.0054,0.5
HCG,0.1147,11.5
STEL,0.0203,2.0
OLECTRA,0.0558,5.6
MCX,0.0054,0.5
BATLIBOI,0.0364,3.6
KPRMILL,0.0172,1.7
VOEPL,0.0025,0.3
NIFTYADD,0.0043,0.4
MONIFTY500,0.0313,3.1
KOLTEPATIL,0.0027,0.3
BSLNIFTY,0.0018,0.2
CANTABIL,0.0018,0.2
NIFTYQLITY,0.0004,0.0
ECLERX,0.0084,0.8
METAL,0.0009,0.1
MOMGF,0.0025,0.2
MOM50,0.001,0.1
JITFINFRA,0.0896,9.0
AUTOAXLES,0.0044,0.4
SCPL,0.0229,2.3
JAYKAY,0.0045,0.4
INOXINDIA,0.016,1.6
LICNETFSEN,0.002,0.2
ELM250,0.0113,1.1
HEG,0.0414,4.1
MSCIADD,0.0049,0.5
NIFTYBETF,0.0011,0.1
QUAL30IETF,0.0004,0.0
ASHAPURMIN,0.0909,9.1
NIFTY100EW,0.0334,3.3
LIKHITHA,0.0045,0.5
CGPOWER,0.0059,0.6
OAL,0.0042,0.4
TVSSRICHAK,0.0047,0.5
ESENSEX,0.002,0.2
MOENERGY,0.0006,0.1
IVZINNIFTY,0.0016,0.2
SAKSOFT,0.0148,1.5
DALMIASUG,0.0022,0.2
MCCHRLS-B,0.004,0.4
NIFTYCASE,0.004,0.4
APLLTD,0.0106,1.1
JTEKTINDIA,0.0379,3.8
COMMOIETF,0.0008,0.1
JGCHEM,0.0046,0.5
SAIPARENT,0.0686,6.9
SHREECEM,0.0111,1.1
BLACKBUCK,0.0119,1.2
WALCHANNAG,0.0198,2.0
KNAGRI,0.0022,0.2
AHCL,0.0033,0.3
ORIENTLTD,0.0041,0.4
AAVAS,0.0402,4.0
APCOTEXIND,0.0018,0.2
RELIABLE,0.0024,0.2
AMNPLST,0.0042,0.4
PNCINFRA,0.0061,0.6
ANUP,0.0036,0.4
IFBIND,0.0677,6.8
CARBORUNIV,0.0668,6.7
THEJO,0.0136,1.4
AEROFLEX,0.0223,2.2
PARKHOTELS,0.0012,0.1
SIYSIL,0.0065,0.7
CIEINDIA,0.006,0.6
AONETMMQ50,0.0006,0.1
NIFTY1,0.0042,0.4
NIFTYIETF,0.0063,0.6
IGARASHI,0.0226,2.3
GRAVISSHO,0.0032,0.3
BEML,0.0098,1.0
RELAXO,0.0212,2.1
TOP15IETF,0.001,0.1
MUKKA,0.0017,0.2
CERA,0.0043,0.4
ASAHIINDIA,0.0035,0.4
MAHASTEEL,0.0146,1.5
ABSL10BANK,0.0695,6.9
FDC,0.0024,0.2
ENIFTY,0.0052,0.5
STEELCAS,0.0064,0.6
SCODATUBES,0.0044,0.4
HUDCO,0.0011,0.1
METALIETF,0.0011,0.1
MEESHO,0.1488,14.9
GRANDOAK,0.0713,7.1
HDFCGROWTH,0.0006,0.1
UNOMINDA,0.015,1.5
MAGADSUGAR,0.002,0.2
BLUESTONE,0.2138,21.4
NAHARINDUS,0.0011,0.1
THEMISMED,0.0108,1.1
FAZE3Q,0.0049,0.5
GROWWPSUBK,0.0008,0.1
MARINE,0.006,0.6
SCHAEFFLER,0.0016,0.2
GPTHEALTH,0.0218,2.2
INDOCO,0.0085,0.8
RBA,0.0075,0.7
BANARBEADS,0.0094,0.9
SBIETFQLTY,0.0003,0.0
DEEPAKFERT,0.0019,0.2
HIKAL,0.0557,5.6
COASTCORP,0.0353,3.5
CARERATING,0.0009,0.1
GLOSTERLTD,0.0008,0.1
POLYCAB,0.0015,0.1
CHALET,0.0025,0.3
APOLLOTYRE,0.0052,0.5
SWSOLAR,0.0089,0.9
TVSHLTD,0.0087,0.9
GPTINFRA,0.0104,1.0
ASAL,0.0047,0.5
PAGEIND,0.0255,2.6
INDIGOPNTS,0.0074,0.7
BIOCON,0.0035,0.4
KIRANVYPAR,0.0006,0.1
KRONOX,0.0019,0.2
PNGJL,0.0015,0.2
JKPAPER,0.0042,0.4
COFORGE,0.0052,0.5
CUMMINSIND,0.002,0.2
LOWVOLIETF,0.009,0.9
MAHLOG,0.0036,0.4
BANKBETA,0.0362,3.6
DIVIDEND,0.0008,0.1
MOLOWVOL,0.0009,0.1
MSPL,0.0012,0.1
ABSLPSE,0.0005,0.1
TVSELECT,0.204,20.4
NV20BEES,0.0004,0.0
IMFA,0.0021,0.2
KSR,0.0079,0.8
STCINDIA,0.0011,0.1
BHARTIHEXA,0.0014,0.1
RATNAMANI,0.0089,0.9
INDIASHLTR,0.0021,0.2
FLEXIADD,0.003,0.3
SONATSOFTW,0.0083,0.8
INDPRUD,0.0005,0.1
SMSPHARMA,0.0087,0.9
EIHOTEL,0.001,0.1
ORIENTBELL,0.0007,0.1
BLKASHYAP,0.0054,0.5
SURYALA,0.003,0.3
METROGLOBL,0.0022,0.2
FORTIS,0.0013,0.1
CHOLAHLDNG,0.003,0.3
QUALITY30,0.0005,0.1
MUNJALSHOW,0.0005,0.0
GAIL,0.002,0.2
TASTYBITE,0.0177,1.8
SANSTAR,0.0038,0.4
RITES,0.0051,0.5
GROWWNIFTY,0.0092,0.9
ICICIB22,0.001,0.1
LINDEINDIA,0.0165,1.7
NESTLEIND,0.0016,0.2
BLUESTARCO,0.002,0.2
GULFOILLUB,0.0053,0.5
SBILIFE,0.0024,0.2
PTCIL,0.0004,0.0
POLYMED,0.0089,0.9
GSPCROP,0.0006,0.1
GOKUL,0.0002,0.0
CHEVIOT,0.002,0.2
BI,0.0018,0.2
BAJAJST,0.0335,3.4
MOPSE,0.001,0.1
THYROCARE,0.0034,0.3
REFEX,0.0112,1.1
RSL,0.0005,0.0
GNRL,0.0769,7.7
MOVALUE,0.0005,0.1
GROWWPOWER,0.0019,0.2
SONAL,0.0011,0.1
VEDPOWER,0.0012,0.1
LAL,0.0363,3.6
JSWENERGY,0.0028,0.3
DIXON,0.0099,1.0
ABSLMSCIN,0.0018,0.2
PANACEABIO,0.0028,0.3
EICHERMOT,0.0006,0.1
FIVESTAR,0.0374,3.7
WINDLAS,0.0024,0.2
ARVINDFASN,0.0007,0.1
TANLA,0.0067,0.7
ENGINERSIN,0.0006,0.1
SURYALAXMI,0.0008,0.1
HSCL,0.001,0.1
JSWSTEEL,0.0007,0.1
THERMAX,0.0071,0.7
ROLEXRINGS,0.0027,0.3
GALLANTT,0.0293,2.9
TSFINV,0.2589,25.9
FMGOETZE,0.0019,0.2
LOVABLE,0.0007,0.1
MAHABANK,0.0039,0.4
AMBER,0.0019,0.2
GROWWPSE,0.0013,0.1
MANAKCOAT,0.0063,0.6
MOBIKWIK,0.0027,0.3
ASKAUTOLTD,0.0018,0.2
MANALIPETC,0.0011,0.1
DATAPATTNS,0.0015,0.1
KCP,0.0006,0.1
MARKOLINES,0.0008,0.1
ADVANCE,0.0366,3.7
TMCV,0.0511,5.1
KEI,0.0009,0.1
RESPONIND,0.0017,0.2
BBTCL,0.0046,0.5
GARUDA,0.0041,0.4
PSUBNKBEES,0.0005,0.0
KOTIC,0.031,3.1
TOP10ADD,0.0008,0.1
SAHYADRI,0.0015,0.1
VOGL,0.0013,0.1
TTKHLTCARE,0.0041,0.4
TNPETRO,0.0066,0.7
SUNFLAG,0.0065,0.7
KAMAHOLD,0.0008,0.1
LICHSGFIN,0.0008,0.1
CLEANMAX,0.0014,0.1
DIVOPPBEES,0.0004,0.0
SANATHAN,0.0008,0.1
GROWWMETAL,0.0006,0.1
KMSUGAR,0.0041,0.4
IXIGO,0.0365,3.7
NIITLTD,0.007,0.7
SMARTWORKS,0.013,1.3
INDIQUBE,0.0052,0.5
VISL,0.0017,0.2
MFSL,0.0005,0.1
CLSEL,0.0011,0.1
PGEL,0.0047,0.5
GOLDIAM,0.0028,0.3
SREEL,0.0052,0.5
BANKPSU,0.0005,0.1
GANDHITUBE,0.0006,0.1
VAL30IETF,0.0008,0.1
BFUTILITIE,0.0132,1.3
PPLPHARMA,0.0026,0.3
UMIYA-MRO,0.0218,2.2
VOLTAS,0.0012,0.1
TEJASNET,0.0011,0.1
ANURAS,0.0007,0.1
ELECTHERM,0.0008,0.1
PRECWIRE,0.0008,0.1
AVTNPL,0.0011,0.1
HIRECT,0.0014,0.1
EVEREADY,0.0016,0.2
HDFCPSUBK,0.0005,0.0
HDFCVALUE,0.0004,0.0
REDTAPE,0.0021,0.2
SICALLOG,0.0013,0.1
METROBRAND,0.0007,0.1
SBIBPB,0.0008,0.1
LAGNAM,0.0054,0.5
KRYSTAL,0.0041,0.4
ALKYLAMINE,0.0018,0.2
TDPOWERSYS,0.0029,0.3
AIIL,0.0033,0.3
ATALREAL,0.0004,0.0
ULTRAMAR,0.001,0.1
NEAGI,0.0005,0.1
SHINDL,0.0005,0.0
DJML,0.0006,0.1
POLICYBZR,0.0015,0.1
ASPINWALL,0.002,0.2
PSUBANKADD,0.0005,0.0
ITCHOTELS,0.023,2.3
IDFNIFTYET,0.0053,0.5
TITAGARH,0.0004,0.0
PTL,0.0004,0.0
ARKADE,0.0061,0.6
MMTC,0.0004,0.0
UMESLTD,0.0006,0.1
EIHAHOTELS,0.001,0.1
TENNIND,0.0011,0.1
ICICIGI,0.0008,0.1
CIPLA,0.0129,1.3
MIDHANI,0.0004,0.0
NV20IETF,0.0005,0.0
GANECOS,0.0182,1.8
SMLMAH,0.0158,1.6
DEN,0.003,0.3
LGBBROSLTD,0.0047,0.5
FOSECOIND,0.0133,1.3
PCBL,0.0044,0.4
NATCOPHARM,0.0034,0.3
ENRIN,0.0009,0.1
MATRIMONY,0.0012,0.1
ASIANHOTNR,0.0021,0.2
MUKANDLTD,0.0003,0.0
ARFIN,0.0012,0.1
BLIL,0.0011,0.1
NURECA,0.0077,0.8
PSUBNKIETF,0.0005,0.0
UNIVCABLES,0.0027,0.3
RMC,0.0013,0.1
ASIANPAINT,0.0008,0.1
NITCO,0.0052,0.5
KANPRPLA,0.0031,0.3
COSMOFIRST,0.0046,0.5
GALAXYSURF,0.0026,0.3
AXISBANK,0.0007,0.1
DYNAMATECH,0.0035,0.4
LGEINDIA,0.0008,0.1
NAVA,0.0017,0.2
S&SPOWER,0.0012,0.1
SANDHAR,0.0011,0.1
AGI,0.0022,0.2
DLINKINDIA,0.0006,0.1
DRAGARWQ,0.0019,0.2
FIEMIND,0.0006,0.1
TI,0.0022,0.2
OILIETF,0.0007,0.1
JUBLCPL,0.1408,14.1
SHARIABEES,0.0004,0.0
INDORAMA,0.0728,7.3
DMCC,0.0008,0.1
ROSSELLIND,0.0005,0.1
ICICIAMC,0.0013,0.1
DEEPAKNTR,0.0005,0.0
OMPOWER,0.0006,0.1
FMCGIETF,0.0005,0.1
BSE,0.0018,0.2
HECPROJECT,0.001,0.1
CRAMC,0.0364,3.6
PIGL,0.0314,3.1
DHUNINV,0.0044,0.4
SAMHI,0.0019,0.2
PETRONET,0.0004,0.0
ADVAIT,0.0004,0.0
APARINDS,0.0037,0.4
DYCL,0.0022,0.2
SIMPLEXINF,0.0012,0.1
M&M,0.0024,0.2
ELGIRUBCO,0.069,6.9
MODIS,0.0009,0.1
TIMETECHNO,0.0011,0.1
SIEMENS,0.0009,0.1
SAHLIBHFI,0.0004,0.0
ROTO,0.0013,0.1
HCC,0.0055,0.5
IDBI,0.0022,0.2
MRF,0.0005,0.1
AHLUCONT,0.0006,0.1
IFGLEXPOR,0.0123,1.2
CPSEETF,0.0004,0.0
ASHOKLEY,0.0093,0.9
SANDESH,0.0021,0.2
RKFORGE,0.0004,0.0
HARDWYN,0.0004,0.0
MOMENTUM30,0.0021,0.2
EMSLIMITED,0.0125,1.2
ANDHRSUGAR,0.0009,0.1
WOCKPHARMA,0.0085,0.9
WHEELS,0.0013,0.1
ARSSBL,0.0059,0.6
MBEL,0.0144,1.4
INDGN,0.0003,0.0
JINDALPHOT,0.0087,0.9
GESHIP,0.0042,0.4
JMA,0.0003,0.0
PRAVEG,0.022,2.2
WORTHPERI,0.0048,0.5
PUNJABCHEM,0.0025,0.2
BORANA,0.0009,0.1
APLAPOLLO,0.001,0.1
JSL,0.0017,0.2
DHAMPURSUG,0.0003,0.0
RHIM,0.0009,0.1
BPCL,0.0005,0.1
AARTIPHARM,0.0013,0.1
SONAMLTD,0.0005,0.0
BENGALASM,0.0008,0.1
UFLEX,0.0007,0.1
TAJGVK,0.0007,0.1
KWIL,0.0006,0.1
INOXGREEN,0.0089,0.9
NOCIL,0.0011,0.1
TEXRAIL,0.0006,0.1
SHARDAMOTR,0.0011,0.1
GULPOLY,0.0007,0.1
GYFTR,0.0012,0.1
SBIVALETF,0.0009,0.1
KRBL,0.0005,0.1
IOB,0.0004,0.0
SOLARA,0.0006,0.1
SBIN,0.0023,0.2
ATGL,0.0013,0.1
SIL,0.0011,0.1
SCI,0.001,0.1
TORNTPOWER,0.009,0.9
GLOBUSSPR,0.0014,0.1
LTM,0.0039,0.4
GAEL,0.0021,0.2
NDGL,0.0039,0.4
BAJAJHLDNG,0.0029,0.3
NLCINDIA,0.0023,0.2
SRM,0.0005,0.1
NTPC,0.0008,0.1
ELGIEQUIP,0.0006,0.1
RECLTD,0.0006,0.1
SUDARSCHEM,0.0159,1.6
RUBFILA,0.0002,0.0
JAYAGROGN,0.0005,0.1
SAPPHIRE,0.0013,0.1
JYOTICNC,0.0015,0.1
ABB,0.0011,0.1
AFSL,0.0004,0.0
SPLIL,0.0032,0.3
LT,0.0005,0.0
20MICRONS,0.0011,0.1
SUNDARMFIN,0.0006,0.1
AARNAV,0.0011,0.1
ONEPOINT,0.0006,0.1
BALKRISIND,0.0008,0.1
IGCL,0.0019,0.2
BDL,0.0017,0.2
GIPCL,0.0017,0.2
POWERGRID,0.0004,0.0
3BBLACKBIO,0.0024,0.2
POWERMECH,0.0017,0.2
SAMMAANCAP,0.0008,0.1
DREDGECORP,0.0007,0.1
PATELENG,0.0023,0.2
UDS,0.0134,1.3
DPABHUSHAN,0.0016,0.2
INDIACEM,0.0005,0.1
HINDPETRO,0.0006,0.1
BEARDSELL,0.0005,0.0
PYRAMID,0.0003,0.0
LAMBODHARA,0.0005,0.1
HNGSNGBEES,0.0005,0.0
GODREJCP,0.0007,0.1
GRSE,0.0006,0.1
YATRA,0.0571,5.7
IIFLCAPS,0.0015,0.2
PREMEXPLN,0.0012,0.1
CREST,0.0002,0.0
SHAILY,0.0007,0.1
PAR,0.0006,0.1
EMAMIPAP,0.0027,0.3
SHBAJRG,0.001,0.1
MVGJL,0.0006,0.1
HINDCOMPOS,0.0006,0.1
MAPMYINDIA,0.0018,0.2
MALLCOM,0.0003,0.0
MODTHREAD,0.0022,0.2
TECHM,0.0003,0.0
AAKASH,0.0134,1.3
WINDMACHIN,0.0003,0.0
VHL,0.0005,0.0
EKC,0.0003,0.0
STARTECK,0.0004,0.0
KFINTECH,0.0014,0.1
BOSCH-HCIL,0.0005,0.1
MODIRUBBER,0.0007,0.1
BANARISUG,0.0002,0.0
MARUTI,0.0019,0.2
RAMCOCEM,0.0006,0.1
TRIDENT,0.0004,0.0
WAAREERTL,0.0033,0.3
BEEKAY,0.0009,0.1
ONESOURCE,0.0006,0.1
GNFC,0.0003,0.0
63MOONS,0.0028,0.3
GUJTHEM,0.0006,0.1
APEX,0.0015,0.1
VALUE,0.0007,0.1
UGARSUGAR,0.0002,0.0
KSOLVES,0.0006,0.1
MSUMI,0.0023,0.2
CENTRALBK,0.0006,0.1
RACLGEAR,0.0054,0.5
RICOAUTO,0.0005,0.0
LXCHEM,0.0011,0.1
VINYLINDIA,0.0006,0.1
BANCOINDIA,0.0005,0.1
JKTYRE,0.01,1.0
LIBERTSHOE,0.0011,0.1
BBL,0.0004,0.0
GRPLTD,0.0012,0.1
BALMLAWRIE,0.0003,0.0
INDIANCARD,0.0017,0.2
BAJEL,0.0006,0.1
ADANIPOWER,0.0012,0.1
V2RETAIL,0.0003,0.0
NIBL,0.0015,0.2
CCCL,0.0774,7.7
SICAGEN,0.0007,0.1
BHARATCOAL,0.0005,0.1
KLBRENG-B,0.0038,0.4
GKWLIMITED,0.0005,0.1
MOLDTKPAC,0.0097,1.0
IMAGICAA,0.0004,0.0
LUMAXIND,0.0005,0.1
COROMANDEL,0.001,0.1
COCKERILL,0.0009,0.1
UTIAMC,0.0032,0.3
CUB,0.0018,0.2
NATHBIOGEN,0.0007,0.1
BRITANNIA,0.0003,0.0
SINDHUTRAD,0.0013,0.1
BOROLTD,0.0008,0.1
MUTHOOTCAP,0.0016,0.2
ASTRAZEN,0.0003,0.0
INA,0.0013,0.1
TVTODAY,0.0015,0.1
GLOBAL,0.0004,0.0
HALDER,0.0006,0.1
MAHSCOOTER,0.0025,0.2
GENUSPOWER,0.0003,0.0
DCXINDIA,0.0006,0.1
IWP,0.0009,0.1
JPOLYINVST,0.0015,0.1
HINDWAREAP,0.0021,0.2
NMDC,0.0004,0.0
DICIND,0.0004,0.0
IRIS,0.0221,2.2
TATACOMM,0.0009,0.1
ERIS,0.0006,0.1
DWARKESH,0.0005,0.0
GOLDETF,0.0007,0.1
RPSGVENT,0.0018,0.2
BEL,0.0004,0.0
NAHARCAP,0.0008,0.1
INDUSTOWER,0.0003,0.0
MAXIND,0.0007,0.1
SPLPETRO,0.0013,0.1
POWERINDIA,0.0009,0.1
PARADEEP,0.0029,0.3
MADHAVIPL,0.001,0.1
ACEINTEG,0.0009,0.1
MAXESTATES,0.0005,0.0
FCL,0.0011,0.1
SUBROS,0.0034,0.3
UNIONBANK,0.0029,0.3
AFFLE,0.0029,0.3
PSB,0.0003,0.0
VESUVIUS,0.0002,0.0
BNALTD,0.0012,0.1
GATEWAY,0.0003,0.0
ELANTAS,0.0007,0.1
BSLGOLDETF,0.0007,0.1
ICICIPRULI,0.0008,0.1
KROSS,0.0002,0.0
ASTAR,0.0006,0.1
HYUNDAI,0.0013,0.1
HEXATRADEX,0.0003,0.0
BBOX,0.0012,0.1
LAHOTIOV,0.0007,0.1
MAHEPC,0.0005,0.1
ORIENTCER,0.0008,0.1
NEPHROPLUS,0.001,0.1
HDFCBANK,0.0008,0.1
GOLDCASE,0.0005,0.0
MIDWESTLTD,0.0077,0.8
BAJAJHFL,0.0003,0.0
JAGRAN,1e-04,0.0
TRENT,0.0045,0.5
PERSISTENT,0.0004,0.0
3IINFOLTD,0.0049,0.5
NCLIND,0.0003,0.0
YUKEN,0.0008,0.1
HLEGLAS,0.0123,1.2
HSBCGOLD,0.0007,0.1
TATACONSUM,0.0003,0.0
PLATIND,0.0004,0.0
GODIGIT,0.0007,0.1
PREMCO,0.001,0.1
NILKAMAL,0.0007,0.1
GLAXO,0.0016,0.2
HISARMETAL,0.0004,0.0
JINDWORLD,0.0006,0.1
AEPL,0.0006,0.1
INDIANB,0.0005,0.1
JKCEMENT,0.0042,0.4
TIINDIA,0.0006,0.1
IRB,0.0006,0.1
RCF,0.0002,0.0
HDFCGOLD,0.0005,0.1
COALINDIA,0.0004,0.0
PENIND,0.0014,0.1
BIL,0.0004,0.0
SRF,0.0004,0.0
BANKINDIA,0.0005,0.0
INDOFARM,0.0044,0.4
QGOLDHALF,0.0009,0.1
HEMIPROP,0.0003,0.0
BPL,0.0004,0.0
VIKRAN,0.0064,0.6
AMBICAAGAR,0.0003,0.0
MPHASIS,0.0003,0.0
ASIANENE,0.0003,0.0
NBCC,0.0002,0.0
GOLDBEES,0.0005,0.0
KOTHARIPET,0.0004,0.0
STYRENIX,0.0044,0.4
VINDHYATEL,0.0007,0.1
ALLTIME,0.0008,0.1
MAMATA,0.0006,0.1
BLAL,0.0002,0.0
SETFGOLD,0.0005,0.0
IGPL,0.0004,0.0
BLUEJET,0.0369,3.7
WESTLIFE,0.0011,0.1
TATAGOLD,0.0004,0.0
ITBETA,0.0043,0.4
QUINT,0.0008,0.1
SUZLON,0.0004,0.0
RIIL,0.0002,0.0
GOLD360,0.0005,0.1
PFIZER,0.0002,0.0
DRREDDY,0.0007,0.1
ALEMBICLTD,0.0003,0.0
SUPERHOUSE,0.0003,0.0
IVC,0.0003,0.0
KENNAMET,0.0005,0.0
BALAJITELE,0.0029,0.3
NRAIL,0.0003,0.0
DCAL,0.0057,0.6
ESABINDIA,0.0002,0.0
FSL,0.0009,0.1
TNPL,0.0002,0.0
SHREDIGCEM,0.0003,0.0
PRIMESECU,0.0002,0.0
NDRAUTO,0.0005,0.0
DMART,0.0015,0.2
TCIEXP,0.0003,0.0
EIMCOELECO,0.0011,0.1
URBANCO,0.0021,0.2
VIMTALABS,0.0314,3.1
STARPAPER,0.0002,0.0
HAPPSTMNDS,0.0014,0.1
VBL,0.0003,0.0
AJMERA,0.0008,0.1
CENTRUM,0.0017,0.2
HBESD,0.0006,0.1
ELCIDIN,0.0017,0.2
SUKHJITS,0.0002,0.0
WELSPLSOL,0.0007,0.1
CINELINE,0.0002,0.0
GOLDIETF,0.0006,0.1
ABREL,0.0017,0.2
TRITURBINE,0.0014,0.1
MAZDOCK,0.0007,0.1
OIL,0.0003,0.0
ZFSTEERING,0.0005,0.1
INFOMEDIA,0.0007,0.1
FOODSIN,0.0009,0.1
GVT&D,0.0007,0.1
NSLNISP,0.0004,0.0
NATIONALUM,0.0006,0.1
SASKEN,0.001,0.1
MBAPL,0.0019,0.2
ABBOTINDIA,0.0005,0.0
LEMONTREE,0.0007,0.1
AARTISURF,0.0004,0.0
UNIONGOLD,0.0005,0.1
ICRA,0.0004,0.0
ZODIACLOTH,0.0008,0.1
GPPL,0.0003,0.0
NKIND,0.0006,0.1
MUTHOOTFIN,0.0005,0.1
LOTUSDEV,0.0026,0.3
SEAMECLTD,0.0008,0.1
CROMPTON,0.0004,0.0
SIGNATURE,0.0006,0.1
TRANSPEK,0.0025,0.3
SHOPERSTOP,0.0009,0.1
LTFOODS,0.0006,0.1
UFO,0.0002,0.0
SURYAROSNI,0.0002,0.0
ORICONENT,0.0005,0.1
NAHARPOLY,0.0004,0.0
ZUARI,0.0037,0.4
HATHWAY,0.0003,0.0
CHOICEGOLD,0.0026,0.3
HEXT,0.0025,0.2
KRISHIVAL,0.0013,0.1
KOTAKBANK,0.0003,0.0
ICEMAKE,0.0003,0.0
LCCINFOTEC,0.0006,0.1
ZUARIIND,0.0009,0.1
MERCANTILE,0.0005,0.1
GANESHBE,0.0004,0.0
PNBGILTS,0.0004,0.0
HEROMOTOCO,0.0005,0.0
SAFARI,0.0014,0.1
ROUTE,0.0038,0.4
BIRLAPREC,0.0009,0.1
GOLDBETA,0.0022,0.2
BMWVENTLTD,0.0007,0.1
UTTAMSUGAR,1e-04,0.0
ORIENTELEC,0.0002,0.0
SBIETFIT,0.0009,0.1
SINGERIND,0.0006,0.1
CURAA,0.0008,0.1
RRIL,0.0006,0.1
AERONEU,0.0012,0.1
EGOLD,0.0005,0.1
MASTERTR,0.0015,0.1
RELCHEMQ,0.0005,0.1
GOKULAGRO,0.0007,0.1
ESCORTS,0.0009,0.1
PFC,0.0004,0.0
AMBALALSA,0.0006,0.1
TERASOFT,0.0016,0.2
IRMENERGY,0.0003,0.0
HDFCNIFIT,0.0008,0.1
WAAREEINDO,0.0011,0.1
SUNCLAY,0.0023,0.2
ITADD,0.0011,0.1
DOLPHIN,0.0003,0.0
SECMARK,0.0004,0.0
HINDALCO,0.0004,0.0
ITETF,0.0007,0.1
ELECON,0.0006,0.1
CAPACITE,0.0003,0.0
GOLD1,0.0006,0.1
JIOFIN,0.0003,0.0
KPIGREEN,0.0005,0.0
RAILTEL,0.0002,0.0
ITBEES,0.0008,0.1
ADVENZYMES,0.0006,0.1
PILANIINVS,0.0002,0.0
COLPAL,0.0004,0.0
ADVENTHTL,0.0451,4.5
BCLIND,0.0005,0.0
ITIETF,0.001,0.1
ADVANIHOTR,0.0003,0.0
SUPRIYA,0.001,0.1
JUBLPHARMA,0.0004,0.0
TARIL,0.0019,0.2
RELIANCE,0.0003,0.0
CONCOR,0.0011,0.1
AARTIDRUGS,0.0004,0.0
CONTROLPR,0.0003,0.0
SBFC,0.0002,0.0
MINDTECK,0.0003,0.0
NEWGEN,0.0023,0.2
ARIES,0.0002,0.0
GOLDBND,0.0008,0.1
SOLARWORLD,0.003,0.3
BLBLIMITED,0.0007,0.1
MOGOLD,0.0005,0.0
KALYANIFRG,0.0003,0.0
SAGILITY,0.0005,0.1
AKASH,0.0003,0.0
MASTEK,0.0011,0.1
MOTISONS,0.0005,0.0
TATASTEEL,0.0005,0.0
DABUR,0.0006,0.1
TEAMLEASE,0.0006,0.1
IT,0.0005,0.0
RSDFIN,0.0006,0.1
FABTECH,0.0196,2.0
JSWDULUX,0.0011,0.1
HEIDELBERG,0.0003,0.0
TRUALT,0.0003,0.0
EUREKAFORB,0.0003,0.0
CINEVISTA,0.0004,0.0
KAMATHOTEL,0.0005,0.1
MAHSEAMLES,0.0002,0.0
SILGO,0.0003,0.0
MRPL,0.0005,0.0
DIAMINESQ,0.0035,0.4
OBCL,0.0002,0.0
ZEEL,0.0006,0.1
SWARAJENG,0.0002,0.0
PCJEWELLER,0.0009,0.1
RHETAN,0.0002,0.0
HITECH,1e-04,0.0
UTKARSHBNK,0.0041,0.4
SHANTIGOLD,0.0006,0.1
CESC,0.0003,0.0
BONLON,0.0003,0.0
WENDT,0.0047,0.5
SAGARDEEP,0.0002,0.0
WCIL,0.0002,0.0
PRAJIND,0.0004,0.0
JAYSREETEA,0.0002,0.0
ITI,0.0002,0.0
ATUL,0.0003,0.0
HATSUN,0.0004,0.0
NORBTEAEXP,0.0007,0.1
SARDAEN,0.0003,0.0
GENCON,0.0003,0.0
LINCOLN,0.0003,0.0
HBLENGINE,0.0005,0.1
ANUHPHR,0.0002,0.0
PARASPETRO,0.0022,0.2
DOLLAR,0.0006,0.1
VEEDOL,0.0003,0.0
JKIL,0.0003,0.0
PVP,0.0016,0.2
DIGJAMLMTD,0.0003,0.0
ONGC,0.0004,0.0
E2E,0.0005,0.0
IREDA,0.0002,0.0
HCLTECH,0.0013,0.1
NTPCGREEN,0.0002,0.0
DODLA,0.0003,0.0
TOTAL,0.0005,0.0
DAMCAPITAL,0.0009,0.1
ARIHANTCAP,0.0006,0.1
ATLASCYCLE,0.0003,0.0
CASTROLIND,0.0002,0.0
BBNPPGOLD,0.0004,0.0
EMAMILTD,0.0005,0.0
ABMKNO,0.0005,0.1
FIBERWEB,0.0014,0.1
SAIL,0.0004,0.0
GICRE,0.0002,0.0
BRIGHOTEL,0.0002,0.0
FRONTSP,0.0007,0.1
ALLDIGI,0.0002,0.0
ELECTCAST,0.0002,0.0
PFS,0.0002,0.0
ROSSARI,1e-04,0.0
WEALTH,0.0004,0.0
UCOBANK,0.0004,0.0
IOC,0.0003,0.0
GRAPHITE,0.0004,0.0
BSL,0.0012,0.1
GKENERGY,0.0025,0.2
SIGIND,0.0003,0.0
CEINSYS,0.0006,0.1
AKG,0.0002,0.0
GOLDADD,0.0022,0.2
KOTARISUG,0.0002,0.0
MANAKSIA,0.0002,0.0
LOYALTEX,0.0009,0.1
GMBREW,0.0007,0.1
BANSWRAS,0.0005,0.0
GHCL,0.0006,0.1
RUSTOMJEE,0.0007,0.1
ZENSARTECH,0.0017,0.2
BERGEPAINT,0.0003,0.0
SRTL,0.0009,0.1
SHALBY,0.0004,0.0
DCI,0.0119,1.2
VENTIVE,0.0002,0.0
SURAKSHA,0.0002,0.0
BALUFORGE,0.0011,0.1
NUVOCO,0.0006,0.1
TEGA,1e-04,0.0
GROWWRAIL,0.0005,0.0
SANOFICONR,0.0002,0.0
SYNCOMF,0.0002,0.0
EMKAY,0.0005,0.0
DEEPINDS,0.0002,0.0
CYIENT,0.0005,0.0
ASHOKA,0.0005,0.1
VSTIND,0.0002,0.0
HUBTOWN,0.0003,0.0
AONEGOLD,0.0004,0.0
JINDALSTEL,0.0004,0.0
DALBHARAT,0.0005,0.1
BEDMUTHA,0.0003,0.0
PRIMO,0.0003,0.0
BOMDYEING,0.0003,0.0
SWELECTES,0.0012,0.1
GMDCLTD,0.0002,0.0
LUXIND,0.0005,0.1
VOLTAMP,0.001,0.1
GROBTEA,0.0003,0.0
VMM,0.0002,0.0
WAKEFIT,0.0076,0.8
SAATVIKGL,0.0003,0.0
SCILAL,1e-04,0.0
SUNTV,0.0004,0.0
XCHANGING,0.0005,0.1
SHANTI,0.0044,0.4
VSTTILLERS,0.0003,0.0
ACCELYA,0.0003,0.0
BAJAJHCARE,0.0012,0.1
TATAPOWER,0.0002,0.0
SURANAT&P,0.0004,0.0
APOLSINHOT,0.0002,0.0
GPIL,0.0003,0.0
MEDPLUS,0.0002,0.0
KOKUYOCMLN,0.0002,0.0
KOHINOOR,0.0003,0.0
PRINCEPIPE,0.0002,0.0
GEEKAYWIRE,0.0003,0.0
SUMMITSEC,0.0005,0.0
EXPLEOSOL,1e-04,0.0
INDBANK,0.0002,0.0
TRIGYN,0.0004,0.0
PML,0.0011,0.1
AMBUJACEM,0.0006,0.1
NARMADA,0.0009,0.1
EMBDL,0.0033,0.3
HINDUNILVR,0.0003,0.0
KRISHANA,0.0014,0.1
FINOPB,0.0044,0.4
INTERARCH,0.0023,0.2
INDTERRAIN,0.0003,0.0
OMINFRAL,0.0002,0.0
BLUEDART,0.0004,0.0
SALONA,0.0002,0.0
NELCAST,0.0004,0.0
TWCGOLDETF,0.0007,0.1
ALBERTDAVD,0.0002,0.0
DGCONTENT,0.0013,0.1
CANBK,0.0005,0.0
DSSL,0.0005,0.1
GUJALKALI,0.0006,0.1
FRACTAL,0.0005,0.0
RENUKA,1e-04,0.0
AAATECH,0.0007,0.1
PNB,0.0004,0.0
REPRO,0.0005,0.0
TIIL,0.0003,0.0
ORKLAINDIA,0.0005,0.0
HINDOILEXP,0.0002,0.0
GRINFRA,0.0003,0.0
JMFINANCIL,0.0003,0.0
ACC,0.0006,0.1
CONCORDBIO,0.0003,0.0
BAIDFIN,0.0002,0.0
BIKAJI,0.0003,0.0
BIRLACORPN,0.0004,0.0
SHAKTIPUMP,0.0006,0.1
AHLEAST,1e-04,0.0
EIDPARRY,0.0005,0.0
TIL,0.0029,0.3
MAHKTECH,0.0008,0.1
GTLINFRA,0.0002,0.0
CPEDU,0.0016,0.2
TMPV,0.0007,0.1
GILLETTE,0.0006,0.1
KITEX,0.0003,0.0
CREATIVEYE,0.0005,0.1
ISGEC,1e-04,0.0
IGIL,0.0005,0.1
DTIL,0.0002,0.0
AWHCL,0.0002,0.0
RMDRIP,0.0017,0.2
BALKRISHNA,0.0003,0.0
HINDZINC,0.0003,0.0
MOKSH,0.0002,0.0
LIBAS,1e-04,0.0
WEL,0.0036,0.4
MEDIASSIST,0.0003,0.0
SYMPHONY,0.0005,0.1
HAVELLS,0.0005,0.0
MGL,0.0003,0.0
ROML,0.0003,0.0
STALLION,0.1185,11.8
ENERGYDEV,0.0038,0.4
COCHINSHIP,0.0005,0.0
VGUARD,0.0002,0.0
BCPL,0.0004,0.0
ABFRL,0.0003,0.0
HDFCLIFE,0.0004,0.0
AXITA,0.0009,0.1
BASF,0.0003,0.0
KIOCL,0.0005,0.1
UNIENTER,0.001,0.1
CEWATER,0.0016,0.2
RANASUG,1e-04,0.0
MADRASFERT,1e-04,0.0
SHAH,0.0002,0.0
ELLEN,0.003,0.3
MCL,0.0004,0.0
SINCLAIR,0.0002,0.0
ARIHANT,0.0005,0.1
GVPIL,0.0007,0.1
DELTACORP,1e-04,0.0
HCL-INSYS,1e-04,0.0
SANDUMA,0.0004,0.0
SWIGGY,0.0004,0.0
INTLCONV,0.0002,0.0
STUDDS,0.0003,0.0
SAMPANN,0.0004,0.0
DCW,0.0006,0.1
DOLATALGO,0.0002,0.0
TECH,0.0007,0.1
ADSL,0.0005,0.0
DIGITIDE,0.0016,0.2
VINNY,0.0002,0.0
FACT,0.0002,0.0
ALOKINDS,0.0004,0.0
RADHIKAJWE,0.0005,0.0
LAOPALA,0.0002,0.0
AURIONPRO,0.0011,0.1
SOUTHWEST,0.0003,0.0
DCMSHRIRAM,0.0005,0.0
HARIOMPIPE,1e-04,0.0
RVTH,0.0056,0.6
NIITMTS,0.0013,0.1
STANLEY,0.001,0.1
INTELLECT,0.0008,0.1
CRISIL,0.0005,0.1
RKSWAMY,0.0004,0.0
TECHNOE,0.0003,0.0
PTC,0.0002,0.0
ASHOKAMET,0.0003,0.0
SHIVATEX,0.0002,0.0
ARCHIDPLY,0.0002,0.0
SHRIKRISH,0.0024,0.2
KEYFINSERV,0.0004,0.0
GICHSGFIN,1e-04,0.0
TNTELE,0.0014,0.1
HIMATSEIDE,0.0017,0.2
AIROLAM,0.0003,0.0
EPACK,0.0002,0.0
SRHHYPOLTD,0.0002,0.0
GEMAROMA,0.0014,0.1
SWANCORP,0.0006,0.1
ABMINTLLTD,0.0009,0.1
GODAVARIB,0.0002,0.0
KAVDEFENCE,0.0022,0.2
DVL,0.0003,0.0
SURAJEST,0.0002,0.0
SHANTIGEAR,0.0002,0.0
FORCEMOT,0.0004,0.0
VGL,0.0004,0.0
CHAMBLFERT,1e-04,0.0
STEELCITY,0.0003,0.0
TEMBO,0.0002,0.0
EUROBOND,0.0002,0.0
AMDIND,0.0002,0.0
HINDCOPPER,0.0006,0.1
TRF,0.0003,0.0
DELTAMAGNT,0.0002,0.0
UNITEDTEA,0.0002,0.0
LUMAXTECH,0.0004,0.0
KANSAINER,0.0002,0.0
TIMKEN,0.0002,0.0
PKTEA,0.0013,0.1
ELDEHSG,0.0004,0.0
VASWANI,0.0003,0.0
ARTNIRMAN,0.0008,0.1
ANDHRAPAP,0.0002,0.0
CORALFINAC,0.0003,0.0
DBCORP,0.0004,0.0
GVPTECH,0.0003,0.0
ARCHIES,0.0006,0.1
HERITGFOOD,0.0002,0.0
VIDHIING,0.0003,0.0
WIPRO,0.0005,0.1
NPST,0.0004,0.0
DEVYANI,0.0003,0.0
TCI,0.0003,0.0
AGARIND,0.0009,0.1
BANKBARODA,0.0004,0.0
AGIIL,0.0007,0.1
PDMJEPAPER,0.0002,0.0
RNBDENIMS,0.0014,0.1
SHARDACROP,0.0002,0.0
ARENTERP,0.0003,0.0
GSFC,1e-04,0.0
MAANALU,0.0003,0.0
GMRP&UI,0.0002,0.0
SBICARD,0.0004,0.0
MURUDCERA,0.0002,0.0
SAGCEM,0.0002,0.0
MADHAV,0.0002,0.0
SCHAND,0.0002,0.0
VRAJ,0.0002,0.0
BBTC,0.0002,0.0
AONESILVER,0.0009,0.1
BALPHARMA,0.0002,0.0
ESTER,1e-04,0.0
BIOFILCHEM,0.0003,0.0
WONDERLA,0.0002,0.0
SIRCA,0.0002,0.0
FISCHER,0.0033,0.3
SJVN,0.0003,0.0
PROTEAN,0.0003,0.0
JAICORPLTD,0.0002,0.0
CAMPUS,1e-04,0.0
A2ZINFRA,0.0017,0.2
ADROITINFO,0.0003,0.0
TREL,0.0003,0.0
NITIRAJ,0.0002,0.0
BVCL,0.0006,0.1
KRSNAA,0.0003,0.0
PRECAM,0.0002,0.0
GENESYS,0.0009,0.1
VINATIORGA,0.0002,0.0
AXISCADES,0.0004,0.0
AWL,0.0002,0.0
MARSONS,0.0002,0.0
TATAINVEST,0.0003,0.0
PODDARMENT,0.0002,0.0
APCL,0.0005,0.1
ASALCBR,0.0004,0.0
LTTS,0.0003,0.0
RAJSREESUG,0.0002,0.0
MIDCAP,0.0007,0.1
LATENTVIEW,0.0002,0.0
MCLOUD,0.0009,0.1
PASHUPATI,0.0004,0.0
ICDSLTD,0.0009,0.1
SHREERAMA,0.0006,0.1
NILASPACES,0.0003,0.0
CCHHL,0.0003,0.0
MEDICO,0.0002,0.0
RAMANEWS,0.0003,0.0
JISLDVREQS,0.0002,0.0
SUNDROP,0.0003,0.0
ASTEC,1e-04,0.0
TREEHOUSE,0.0015,0.1
INNOVISION,0.0018,0.2
TTML,0.0002,0.0
SERVOTECH,0.0002,0.0
SPCENET,0.0029,0.3
STARCEMENT,0.0003,0.0
DONEAR,0.0002,0.0
TATACHEM,0.0002,0.0
ISFT,0.0002,0.0
KSCL,0.0002,0.0
ALPA,0.0002,0.0
MONTECARLO,0.0003,0.0
RADIOCITY,0.0002,0.0
TCS,0.0007,0.1
GODREJAGRO,0.0003,0.0
VAKRANGEE,0.0002,0.0
INFY,0.0006,0.1
PALASHSECU,0.0003,0.0
INDIAMART,0.0002,0.0
INCREDIBLE,0.0004,0.0
ABLBL,0.0005,0.1
CSLFINANCE,0.0002,0.0
ARIS,0.0003,0.0
NSIL,0.0003,0.0
RADAAN,0.0002,0.0
WAAREEENER,0.0003,0.0
JARO,0.0003,0.0
RVHL,0.0004,0.0
SPMLINFRA,0.0002,0.0
MOIL,0.0002,0.0
ZEEMEDIA,0.0008,0.1
AMJLAND,0.0002,0.0
DCMSRIND,0.0003,0.0
GOPAL,0.0003,0.0
ZFCVINDIA,0.0005,0.0
JISLJALEQS,0.0002,0.0
JINDALPOLY,0.0008,0.1
HPIL,0.0002,0.0
TATSILV,0.0005,0.1
KANANIIND,0.0002,0.0
DBL,0.0002,0.0
SILVER360,0.0006,0.1
DAVANGERE,0.0003,0.0
THEINVEST,0.0003,0.0
REGENCERAM,0.0002,0.0
DANGEE,0.0002,0.0
KOTHARIPRO,0.0003,0.0
CONS,0.0017,0.2
ORIENTTECH,0.0004,0.0
IPL,1e-04,0.0
BCONCEPTS,0.0006,0.1
WILLAMAGOR,0.0002,0.0
NESCO,1e-04,0.0
KNRCON,0.0002,0.0
TEAMGTY,0.0003,0.0
BANKNIFTY1,0.0007,0.1
TARMAT,0.0004,0.0
AMRUTANJAN,0.0003,0.0
JPPOWER,0.0002,0.0
COMFINTE,0.0007,0.1
DEVX,0.0003,0.0
BRNL,0.0002,0.0
SILVER,0.0006,0.1
TIJARIA,0.0005,0.1
JWL,0.0002,0.0
RAJMET,0.0003,0.0
SESHAPAPER,0.0002,0.0
UPL,0.0002,0.0
AROGRANITE,0.0004,0.0
MALUPAPER,0.0002,0.0
RUCHINFRA,0.0003,0.0
KPEL,0.0003,0.0
IRCON,0.0002,0.0
CAMLINFINE,0.0002,0.0
SUPREMEIND,0.0003,0.0
SURANASOL,0.0002,0.0
ALPHAGEO,1e-04,0.0
GREENPOWER,1e-04,0.0
ZAGGLE,0.0005,0.1
SELMC,0.0005,0.1
MOHITIND,0.0002,0.0
HONDAPOWER,0.0002,0.0
CSBBANK,0.0002,0.0
TEXMOPIPES,1e-04,0.0
PATANJALI,0.0004,0.0
SBISILVER,0.0005,0.0
HDFCSILVER,0.0005,0.0
MANOMAY,0.0003,0.0
KHANDSE,0.0003,0.0
ACI,1e-04,0.0
LORDSCHLO,0.0005,0.1
SALZERELEC,0.0002,0.0
CAPILLARY,0.0007,0.1
NDTV,0.0016,0.2
WEIZMANIND,0.0003,0.0
SILVERIETF,0.0005,0.1
INFOBEAN,0.0002,0.0
SILVERBEES,0.0005,0.1
EXCELINDUS,0.0002,0.0
FLAIR,0.0002,0.0
ISHANCH,0.0003,0.0
KAYA,0.001,0.1
LANDMARK,0.0004,0.0
SAMBHAAV,0.0004,0.0
WEBELSOLAR,0.0007,0.1
LPDC,0.0002,0.0
CLEAN,0.0002,0.0
SILVERCASE,0.0005,0.0
NFL,1e-04,0.0
GOYALALUM,0.0004,0.0
HGM,0.0002,0.0
CROWN,0.0004,0.0
HGS,0.0002,0.0
BTML,0.0003,0.0
UNIECOM,0.0002,0.0
JSLL,0.0002,0.0
TOUCHWOOD,0.0002,0.0
EXXARO,0.0004,0.0
3PLAND,0.0003,0.0
VRLLOG,1e-04,0.0
MAGNUM,0.0002,0.0
GILLANDERS,0.0002,0.0
PARAGMILK,0.0002,0.0
DHARMAJ,1e-04,0.0
SAKHTISUG,1e-04,0.0
ORISSAMINE,1e-04,0.0
OSWALPUMPS,0.0004,0.0
ARIHANTSUP,0.0003,0.0
BAJAJHIND,1e-04,0.0
SIKKO,0.0009,0.1
RAMAPHO,0.0003,0.0
JUNIPER,0.0003,0.0
JUBLFOOD,0.0003,0.0
AVANTIFEED,0.0003,0.0
ASTRAL,0.0002,0.0
RUSHIL,0.0002,0.0
PINELABS,0.0036,0.4
GLOBE,0.0003,0.0
HMAAGRO,0.0003,0.0
ESILVER,0.0006,0.1
GLOBALVECT,0.0003,0.0
TRANSRAILL,0.0003,0.0
MANAKALUCO,0.0005,0.0
ATAM,0.0003,0.0
GUJAPOLLO,0.0002,0.0
TCC,0.0004,0.0
SANOFI,0.0011,0.1
UGROCAP,0.0004,0.0
NIPPOBATRY,1e-04,0.0
KUANTUM,0.0002,0.0
GFLLIMITED,0.0002,0.0
ZENITHEXPO,0.0002,0.0
COHANCE,0.0006,0.1
QNIFTY,0.0006,0.1
WSI,0.0005,0.0
GATECHDVR,0.0003,0.0
LANDSMILL,0.0007,0.1
MONEYBOXX,0.0005,0.1
CAPTRUST,0.0007,0.1
INTENTECH,0.0003,0.0
RTNPOWER,0.0003,0.0
ITC,0.0003,0.0
ROHLTD,0.0002,0.0
PNC,0.0009,0.1
LAXMIDENTL,0.0003,0.0
GANGESSECU,0.0002,0.0
BELLACASA,0.0004,0.0
BATAINDIA,0.0002,0.0
ALICON,0.0002,0.0
JAINREC,0.0002,0.0
DHANUKA,0.0004,0.0
SILINV,0.0002,0.0
TTL,0.0013,0.1
PRAENG,0.0003,0.0
TGBHOTELS,0.0002,0.0
PIONRINV,0.0005,0.0
KREBSBIO,0.0004,0.0
NAGREEKEXP,0.0002,0.0
TARC,0.0002,0.0
VARDMNPOLY,0.0004,0.0
KALPATARU,0.0005,0.1
FINKURVE,0.0004,0.0
PRSMJOHNSN,0.0003,0.0
SSDL,0.0002,0.0
KEEPLEARN,0.0004,0.0
BIRLANU,0.0004,0.0
BAJAJINDEF,0.0002,0.0
GREENPANEL,0.0002,0.0
UBL,0.0003,0.0
SILVERADD,0.0005,0.0
IRCTC,0.0004,0.0
PROZONER,0.0005,0.0
TFL,0.0002,0.0
NETWORK18,0.0002,0.0
SHREYANIND,0.0002,0.0
SINTERCOM,0.0004,0.0
AGROPHOS,0.0002,0.0
IGL,0.0002,0.0
SATIA,1e-04,0.0
LAXMICOT,0.0005,0.1
NUCLEUS,0.0002,0.0
TOLINS,1e-04,0.0
RPPINFRA,0.0002,0.0
MTNL,1e-04,0.0
ANMOL,0.0002,0.0
EFCIL,0.0003,0.0
VIPIND,0.0002,0.0
NEXTMEDIA,0.0006,0.1
LFIC,0.0002,0.0
BCG,0.0004,0.0
BRIGADE,0.0002,0.0
ABCOTS,0.0004,0.0
VIRINCHI,0.0006,0.1
BESTAGRO,0.0009,0.1
JAIPURKURT,0.0002,0.0
MOL,0.0003,0.0
BIGBLOC,0.0002,0.0
UNITECH,0.0003,0.0
HPAL,1e-04,0.0
MOLDTECH,1e-04,0.0
BAJAJELEC,0.0002,0.0
VCL,0.0004,0.0
KARMAENG,0.0004,0.0
TREJHARA,0.0008,0.1
KAYNES,0.0005,0.1
XTGLOBAL,1e-04,0.0
SPENCERS,0.0002,0.0
AKSHAR,0.0004,0.0
GOCOLORS,0.0005,0.1
ATLANTAA,0.0006,0.1
GTL,1e-04,0.0
ANTGRAPHIC,0.0004,0.0
CUBEXTUB,0.0005,0.0
DUCON,0.0003,0.0
SOMICONVEY,1e-04,0.0
MHRIL,0.0003,0.0
ORIENTCEM,0.0003,0.0
TECHNVISN,0.0025,0.3
SHALPAINTS,0.0002,0.0
GRMOVER,0.0006,0.1
VSTL,0.0002,0.0
DREAMFOLKS,0.0006,0.1
ASHIMASYN,0.0003,0.0
PRAKASHSTL,1e-04,0.0
RACE,0.0004,0.0
HPL,1e-04,0.0
NCC,1e-04,0.0
ZENITHSTL,0.0004,0.0
RALLIS,0.0002,0.0
OSWALSEEDS,0.0007,0.1
MOSILVER,0.0004,0.0
KIRIINDUS,0.0003,0.0
SILVERAG,0.0003,0.0
LYPSAGEMS,0.0003,0.0
AJOONI,0.0002,0.0
SHANKARA,0.0007,0.1
NDL,1e-04,0.0
PRAKASH,1e-04,0.0
DRCSYSTEMS,0.0003,0.0
TIPSFILMS,0.0003,0.0
SILVERBND,0.0005,0.0
EXCELSOFT,0.0002,0.0
SILVERBETA,0.0008,0.1
INDRAMEDCO,0.0002,0.0
NV20,0.0003,0.0
ABINFRA,0.0007,0.1
WHIRLPOOL,0.0003,0.0
ENIL,0.0002,0.0
MANGALAM,0.0005,0.0
PVSL,0.0002,0.0
EASEMYTRIP,1e-04,0.0
KELLTONTEC,1e-04,0.0
DIGIDRIVE,0.0002,0.0
UEL,0.0008,0.1
NIRAJISPAT,0.0006,0.1
URJA,1e-04,0.0
RHL,0.0003,0.0
IRFC,0.0002,0.0
GENUSPAPER,0.0003,0.0
MUFTI,1e-04,0.0
MANYAVAR,0.0004,0.0
HGINFRA,0.0002,0.0
SILLYMONKS,0.0005,0.1
GAYAHWS,0.0003,0.0
SPIC,0.0002,0.0
MARATHON,0.0003,0.0
GANESHCP,1e-04,0.0
CENTEXT,0.0003,0.0
RADIANTCMS,1e-04,0.0
BSOFT,0.0002,0.0
IEX,0.0003,0.0
BHARATRAS,0.0005,0.0
INVENTURE,0.0003,0.0
RAJTV,0.0003,0.0
HEADSUP,0.0002,0.0
MANINFRA,1e-04,0.0
SHK,0.0002,0.0
OLAELEC,0.0008,0.1
SUPREME,0.0003,0.0
DYNPRO,1e-04,0.0
VIVIDHA,0.0003,0.0
USK,0.0002,0.0
INSECTICID,0.0002,0.0
CTE,0.0006,0.1
AKI,0.0009,0.1
MEDICAMEQ,0.0002,0.0
KALAMANDIR,0.0002,0.0
RVNL,0.0002,0.0
JYOTISTRUC,1e-04,0.0
SURAJLTD,0.0002,0.0
INDOTHAI,0.0003,0.0
RSYSTEMS,0.0002,0.0
AWFIS,0.0002,0.0
IITL,0.0002,0.0
SIGMA,0.0003,0.0
TVVISION,0.0014,0.1
CELEBRITY,0.0003,0.0
KRITIKA,1e-04,0.0
ORCHASP,0.0002,0.0
SUVIDHAA,0.0004,0.0
CMSINFO,0.0005,0.1
PGHH,0.0002,0.0
TARACHAND,1e-04,0.0
RKDL,0.0002,0.0
HLVLTD,0.0002,0.0
AARON,0.0002,0.0
COMPUSOFT,0.0002,0.0
JYOTHYLAB,0.0002,0.0
ASIANTILES,0.0003,0.0
VISHWARAJ,0.0002,0.0
GMMPFAUDLR,1e-04,0.0
ESSARSHPNG,0.001,0.1
ARVEE,0.0003,0.0
BALAJEE,0.0003,0.0
RPOWER,0.0003,0.0
LASA,0.0003,0.0
21STCENMGM,0.0002,0.0
GATECH,0.0002,0.0
GODFRYPHLP,0.0004,0.0
DNAMEDIA,0.0002,0.0
ELITECON,0.0023,0.2
SMLT,0.0002,0.0
RTNINDIA,0.0003,0.0
ALMONDZ,0.0002,0.0
SNOWMAN,1e-04,0.0
RAYMONDLSL,0.0002,0.0
SYNGENE,0.0003,0.0
MKPL,0.0002,0.0
KEC,0.0002,0.0
FIRSTCRY,0.0004,0.0
RAMKY,0.0002,0.0
RUCHIRA,1e-04,0.0
XELPMOC,0.0002,0.0
AVONMORE,0.0002,0.0
SOLEX,0.0006,0.1
AFCONS,0.0002,0.0
KCPSUGIND,0.0002,0.0
FINPIPE,0.0002,0.0
LICMFGOLD,0.0005,0.1
BAGFILMS,0.0003,0.0
SRD,0.0006,0.1
BAYERCROP,0.0003,0.0
NILAINFRA,1e-04,0.0
TATAELXSI,0.0003,0.0
DEVIT,0.0003,0.0
NATIONSTD,0.0007,0.1
RETAIL,0.0002,0.0
GROWWGOLD,0.0003,0.0
BECTORFOOD,0.0003,0.0
GUJRAFFIA,0.0006,0.1
SBGLP,0.0003,0.0
SEPC,0.0002,0.0
ORIENTPPR,0.0002,0.0
JKLAKSHMI,0.0004,0.0
ACL,0.0008,0.1
INNOVANA,1e-04,0.0
MFML,0.0003,0.0
BOHRAIND,0.0005,0.0
PIONEEREMB,0.0002,0.0
ATL,0.0002,0.0
BLS,0.0002,0.0
VIKASLIFE,0.0002,0.0
JSWHL,0.0006,0.1
JHS,0.0003,0.0
KAMOPAINTS,0.0006,0.1
VIKRAMSOLR,0.0002,0.0
TRU,0.0004,0.0
ALANKIT,1e-04,0.0
LEXUS,0.0005,0.1
DECCANCE,0.0003,0.0
TPHQ,0.0003,0.0
EMUDHRA,1e-04,0.0
SADBHAV,0.0004,0.0
SALASAR,1e-04,0.0
SECURKLOUD,0.0002,0.0
INOXWIND,0.0002,0.0
AIRAN,0.0002,0.0
IVZINGOLD,0.0004,0.0
SGL,0.0002,0.0
THOMASCOOK,1e-04,0.0
LGHL,0.0003,0.0
SKFINDIA,0.0004,0.0
TARAPUR,0.0003,0.0
AQYLON,0.0005,0.0
GICL,0.001,0.1
GROWWSLVR,0.0002,0.0
SAURASHCEM,0.0003,0.0
CELLO,0.0002,0.0
ELIN,0.0002,0.0
HAVISHA,0.0004,0.0
MWL,0.0009,0.1
SUNDARAM,0.0002,0.0
OSWALGREEN,0.0002,0.0
SILVER1,0.0002,0.0
MITTAL,0.0002,0.0
MHLXMIRU,0.0003,0.0
TRACXN,1e-04,0.0
PIIND,0.0002,0.0
TIRUMALCHM,1e-04,0.0
CRIZAC,0.0002,0.0
CIFL,1e-04,0.0
CHEMPLASTS,0.0002,0.0
ORIENTALTL,0.0002,0.0
VIKASECO,0.0002,0.0
AHLADA,0.0002,0.0
TECILCHEM,0.0003,0.0
INDOUS,0.0003,0.0
EPIGRAL,0.0002,0.0
PROSTARM,0.0002,0.0
REMSONSIND,1e-04,0.0
SULA,0.0002,0.0
AVROIND,0.0002,0.0
GTPL,0.0003,0.0
HERANBA,1e-04,0.0
LEMERITE,0.0002,0.0
PSUBANK,0.0005,0.0
TICL,0.0002,0.0
HEALTHADD,0.0008,0.1
NATCAPSUQ,1e-04,0.0
MIDQ50ADD,0.0003,0.0
BANG,0.0002,0.0
SDBL,1e-04,0.0
GSLSU,0.0005,0.0
PAKKA,1e-04,0.0
RKEC,0.0002,0.0
VEDL,0.0003,0.0
PRABHA,0.0002,0.0
KPITTECH,0.0002,0.0
SHRADHA,0.0003,0.0
MAHAPEXLTD,0.0002,0.0
ALLCARGO,1e-04,0.0
