symbol,forward_return_prob,forward_return_score
20MICRONS,0.3445,34.4
21STCENMGM,0.302,30.2
360ONE,0.5037,50.4
3BBLACKBIO,0.5702,57.0
3IINFOLTD,0.3282,32.8
3MINDIA,0.5467,54.7
3PLAND,0.3811,38.1
5PAISA,0.4197,42.0
63MOONS,0.382,38.2
A2ZINFRA,0.6427,64.3
AAATECH,0.4757,47.6
AADHARHFC,0.4441,44.4
AAKASH,0.5965,59.7
AAREYDRUGS,0.3326,33.3
AARNAV,0.4338,43.4
AARON,0.705,70.5
AARTECH,0.2194,21.9
AARTIDRUGS,0.2682,26.8
AARTIIND,0.4551,45.5
AARTIPHARM,0.4377,43.8
AARTISURF,0.4048,40.5
AARVI,0.5069,50.7
AAVAS,0.5035,50.4
ABAN,0.5086,50.9
ABANSENT,0.2089,20.9
ABB,0.6138,61.4
ABBOTINDIA,0.4596,46.0
ABCAPITAL,0.553,55.3
ABCOTS,0.4977,49.8
ABDL,0.502,50.2
ABFRL,0.3791,37.9
ABGSEC,0.1767,17.7
ABINFRA,0.6341,63.4
ABLBL,0.3619,36.2
ABMINTLLTD,0.3342,33.4
ABMKNO,0.3765,37.7
ABREL,0.4782,47.8
ABSL10BANK,0.3335,33.4
ABSLAMC,0.5833,58.3
ABSLBANETF,0.2178,21.8
ABSLLIQUID,0.0189,1.9
ABSLMSCIN,0.3689,36.9
ABSLNN50ET,0.1986,19.9
ABSLPSE,0.1889,18.9
ACC,0.5708,57.1
ACCELYA,0.5363,53.6
ACCURACY,0.3393,33.9
ACE,0.4152,41.5
ACEINTEG,0.1963,19.6
ACI,0.3859,38.6
ACL,0.59,59.0
ACLGATI,0.4468,44.7
ACMESOLAR,0.5712,57.1
ACSTECH,0.5073,50.7
ACUTAAS,0.3469,34.7
ADANIENSOL,0.6297,63.0
ADANIENT,0.527,52.7
ADANIGREEN,0.6065,60.7
ADANIPORTS,0.6044,60.4
ADANIPOWER,0.6508,65.1
ADFFOODS,0.4912,49.1
ADL,0.3528,35.3
ADOR,0.5695,56.9
ADROITINFO,0.3306,33.1
ADSL,0.3861,38.6
ADVAIT,0.4522,45.2
ADVANCE,0.6249,62.5
ADVANIHOTR,0.2924,29.2
ADVENTHTL,0.534,53.4
ADVENZYMES,0.4671,46.7
AEGISLOG,0.3182,31.8
AEGISVOPAK,0.3319,33.2
AEPL,0.4697,47.0
AEQUS,0.5417,54.2
AEROENTER,0.5715,57.2
AEROFLEX,0.5061,50.6
AERONEU,0.6288,62.9
AETHER,0.5754,57.5
AFCONS,0.3143,31.4
AFFLE,0.4962,49.6
AFFORDABLE,0.661,66.1
AFIL,0.4036,40.4
AFSL,0.0327,3.3
AGARIND,0.2642,26.4
AGARWALEYE,0.4433,44.3
AGI,0.2663,26.6
AGIIL,0.5675,56.7
AGRITECH,0.4037,40.4
AGROPHOS,0.4093,40.9
AHCL,0.3997,40.0
AHLADA,0.5747,57.5
AHLEAST,0.4514,45.1
AHLUCONT,0.435,43.5
AHLWEST,0.2089,20.9
AIAENG,0.5586,55.9
AIIL,0.1972,19.7
AIRAN,0.3156,31.6
AIROLAM,0.2742,27.4
AJANTPHARM,0.4618,46.2
AJAXENGG,0.444,44.4
AJMERA,0.4272,42.7
AJOONI,0.4266,42.7
AKASH,0.3475,34.7
AKCAPIT,0.4891,48.9
AKG,0.2036,20.4
AKI,0.5545,55.5
AKSHAR,0.1997,20.0
AKSHARCHEM,0.4549,45.5
AKSHOPTFBR,0.293,29.3
AKUMS,0.5766,57.7
AKZOINDIA,0.4878,48.8
ALANKIT,0.3776,37.8
ALBERTDAVD,0.4005,40.1
ALEMBICLTD,0.3516,35.2
ALGOQUANT,0.6022,60.2
ALICON,0.4119,41.2
ALIVUS,0.5745,57.4
ALKALI,0.4084,40.8
ALKEM,0.4434,44.3
ALKYLAMINE,0.4207,42.1
ALLCARGO,0.6152,61.5
ALLDIGI,0.3983,39.8
ALLTIME,0.1725,17.2
ALMONDZ,0.519,51.9
ALOKINDS,0.3115,31.1
ALPA,0.3305,33.1
ALPHA,0.2953,29.5
ALPHAETF,0.2334,23.3
ALPHAGEO,0.4175,41.7
ALPL30IETF,0.2908,29.1
ALPSINDUS,0.2089,20.9
AMAGI,0.5672,56.7
AMANTA,0.3742,37.4
AMBALALSA,0.6064,60.6
AMBER,0.4426,44.3
AMBICAAGAR,0.2225,22.2
AMBIKCO,0.5621,56.2
AMBUJACEM,0.557,55.7
AMDIND,0.3366,33.7
AMIRCHAND,0.3452,34.5
AMJLAND,0.4422,44.2
AMNPLST,0.4036,40.4
AMRUTANJAN,0.5169,51.7
ANANDRATHI,0.5629,56.3
ANANTRAJ,0.4197,42.0
ANDHRAPAP,0.3708,37.1
ANDHRSUGAR,0.3418,34.2
ANGELONE,0.6155,61.5
ANIKINDS,0.4474,44.7
ANMOL,0.2147,21.5
ANTELOPUS,0.6076,60.8
ANTGRAPHIC,0.3189,31.9
ANTHEM,0.4892,48.9
ANUHPHR,0.2715,27.2
ANUP,0.4309,43.1
ANURAS,0.3664,36.6
AONEGOLD,0.2856,28.6
AONELIQUID,0.1014,10.1
AONENIFTY,0.2984,29.8
AONESILVER,0.5368,53.7
AONETMMQ50,0.2987,29.9
AONETOTAL,0.2719,27.2
APARINDS,0.5779,57.8
APCL,0.6159,61.6
APCOTEXIND,0.52,52.0
APEX,0.5281,52.8
APLAPOLLO,0.346,34.6
APLLTD,0.3242,32.4
APOLLO,0.6322,63.2
APOLLOHOSP,0.5393,53.9
APOLLOPIPE,0.6495,64.9
APOLLOTYRE,0.4248,42.5
APOLSINHOT,0.3626,36.3
APTECHT,0.339,33.9
APTUS,0.2666,26.7
AQYLON,0.4577,45.8
ARCHIDPLY,0.1798,18.0
ARCHIES,0.2918,29.2
ARE&M,0.4712,47.1
ARENTERP,0.4732,47.3
ARFIN,0.6209,62.1
ARIES,0.361,36.1
ARIHANT,0.4736,47.4
ARIHANTCAP,0.5598,56.0
ARIHANTSUP,0.5049,50.5
ARIS,0.7074,70.7
ARISINFRA,0.3472,34.7
ARKADE,0.3795,37.9
ARMANFIN,0.4647,46.5
AROGRANITE,0.3419,34.2
ARROWGREEN,0.4215,42.2
ARSSBL,0.6902,69.0
ARTEMISMED,0.3689,36.9
ARTNIRMAN,0.2324,23.2
ARVEE,0.258,25.8
ARVIND,0.4514,45.1
ARVINDFASN,0.4498,45.0
ARVSMART,0.2852,28.5
ASAHIINDIA,0.482,48.2
ASAHISONG,0.3704,37.0
ASAL,0.4946,49.5
ASALCBR,0.4484,44.8
ASHAPURMIN,0.4176,41.8
ASHIANA,0.5929,59.3
ASHIKA,0.6141,61.4
ASHIMASYN,0.3805,38.0
ASHOKA,0.3916,39.2
ASHOKAMET,0.3808,38.1
ASHOKLEY,0.4364,43.6
ASIANENE,0.5422,54.2
ASIANHOTNR,0.4363,43.6
ASIANPAINT,0.4664,46.6
ASIANTILES,0.3636,36.4
ASKAUTOLTD,0.4522,45.2
ASMS,0.3256,32.6
ASPINWALL,0.2529,25.3
ASTAR,0.147,14.7
ASTEC,0.4825,48.2
ASTERDM,0.5852,58.5
ASTRAL,0.5845,58.4
ASTRAMICRO,0.5352,53.5
ASTRAZEN,0.5289,52.9
ASTRON,0.1002,10.0
ATALREAL,0.4625,46.3
ATAM,0.578,57.8
ATGL,0.5116,51.2
ATHERENERG,0.478,47.8
ATL,0.3411,34.1
ATLANTAA,0.6478,64.8
ATLANTAELE,0.367,36.7
ATLASCYCLE,0.392,39.2
ATUL,0.4878,48.8
ATULAUTO,0.4193,41.9
AUBANK,0.5032,50.3
AURIGROW,0.5258,52.6
AURIONPRO,0.5046,50.5
AUROPHARMA,0.5784,57.8
AURUM,0.52,52.0
AUSOMENT,0.6346,63.5
AUTOAXLES,0.4854,48.5
AUTOBEES,0.3088,30.9
AUTOIETF,0.3111,31.1
AUTOIND,0.3325,33.2
AVADHSUGAR,0.3322,33.2
AVAILFC,0.2089,20.9
AVALON,0.4435,44.4
AVANTEL,0.3405,34.0
AVANTIFEED,0.3346,33.5
AVG,0.2474,24.7
AVL,0.5178,51.8
AVONMORE,0.6906,69.1
AVROIND,0.4247,42.5
AVTNPL,0.2866,28.7
AWFIS,0.7695,77.0
AWHCL,0.3779,37.8
AWL,0.4355,43.5
AXISBANK,0.4205,42.1
AXISBNKETF,0.4558,45.6
AXISBPSETF,0.1114,11.1
AXISCADES,0.5183,51.8
AXISCETF,0.3871,38.7
AXISGOLD,0.3924,39.2
AXISHCETF,0.2905,29.0
AXISILVER,0.3933,39.3
AXISNIFTY,0.254,25.4
AXISTECETF,0.3232,32.3
AXISVALUE,0.299,29.9
AXITA,0.5837,58.4
AXSENSEX,0.3616,36.2
AYE,0.5431,54.3
AYMSYNTEX,0.3664,36.6
AZAD,0.6119,61.2
BAFNAPH,0.3434,34.3
BAGFILMS,0.3093,30.9
BAIDFIN,0.3011,30.1
BAJAJ-AUTO,0.4659,46.6
BAJAJCON,0.5452,54.5
BAJAJELEC,0.6147,61.5
BAJAJFINSV,0.474,47.4
BAJAJHCARE,0.4315,43.1
BAJAJHFL,0.3318,33.2
BAJAJHIND,0.4059,40.6
BAJAJHLDNG,0.5237,52.4
BAJAJINDEF,0.5454,54.5
BAJAJST,0.4556,45.6
BAJEL,0.3099,31.0
BAJFINANCE,0.461,46.1
BALAJEE,0.2489,24.9
BALAJITELE,0.3329,33.3
BALAMINES,0.5085,50.8
BALAXI,0.3905,39.0
BALKRISHNA,0.2826,28.3
BALKRISIND,0.4053,40.5
BALMLAWRIE,0.3258,32.6
BALPHARMA,0.5633,56.3
BALRAMCHIN,0.5048,50.5
BALUFORGE,0.4984,49.8
BANARBEADS,0.4271,42.7
BANARISUG,0.3336,33.4
BANCOINDIA,0.5157,51.6
BANDHANBNK,0.6072,60.7
BANG,0.591,59.1
BANK10ADD,0.2192,21.9
BANKA,0.2019,20.2
BANKADD,0.2682,26.8
BANKBARODA,0.44,44.0
BANKBEES,0.4267,42.7
BANKBETA,0.5166,51.7
BANKBETF,0.3246,32.5
BANKETF,0.3713,37.1
BANKETFADD,0.3705,37.1
BANKIETF,0.3656,36.6
BANKINDIA,0.39,39.0
BANKNIFTY1,0.7273,72.7
BANKPSU,0.223,22.3
BANSALWIRE,0.3459,34.6
BANSWRAS,0.3397,34.0
BARBEQUE,0.3394,33.9
BASF,0.4217,42.2
BASML,0.3911,39.1
BATAINDIA,0.5311,53.1
BATLIBOI,0.4952,49.5
BAYERCROP,0.4634,46.3
BBETF0432,0.2471,24.7
BBL,0.4567,45.7
BBNPNBETF,0.2157,21.6
BBNPPGOLD,0.3641,36.4
BBOX,0.5248,52.5
BBTC,0.3891,38.9
BBTCL,0.5751,57.5
BCG,0.3291,32.9
BCLIND,0.3761,37.6
BCONCEPTS,0.6114,61.1
BCPL,0.598,59.8
BDL,0.4745,47.5
BEARDSELL,0.2973,29.7
BECTORFOOD,0.5737,57.4
BEDMUTHA,0.4427,44.3
BEEKAY,0.4561,45.6
BEL,0.3917,39.2
BELLACASA,0.5776,57.8
BELRISE,0.5538,55.4
BEML,0.5077,50.8
BENGALASM,0.4858,48.6
BEPL,0.4481,44.8
BERGEPAINT,0.4363,43.6
BESTAGRO,0.4772,47.7
BETA,0.536,53.6
BFINVEST,0.3404,34.0
BFSI,0.3182,31.8
BFUTILITIE,0.5658,56.6
BGRENERGY,0.2089,20.9
BHAGCHEM,0.5369,53.7
BHAGERIA,0.321,32.1
BHAGYANGR,0.5811,58.1
BHANDARI,0.1204,12.0
BHARATCOAL,0.4148,41.5
BHARATFORG,0.567,56.7
BHARATGEAR,0.5318,53.2
BHARATRAS,0.7483,74.8
BHARATSE,0.4319,43.2
BHARATWIRE,0.4632,46.3
BHARTIARTL,0.4473,44.7
BHARTIHEXA,0.4569,45.7
BHEL,0.5775,57.8
BI,0.3291,32.9
BIGBLOC,0.3796,38.0
BIKAJI,0.4817,48.2
BIL,0.4745,47.4
BILVYAPAR,0.5771,57.7
BIMETAL,0.4078,40.8
BIOCON,0.4999,50.0
BIOFILCHEM,0.126,12.6
BIRLACABLE,0.368,36.8
BIRLACORPN,0.2485,24.9
BIRLAMONEY,0.4121,41.2
BIRLANU,0.5005,50.0
BIRLAPREC,0.5485,54.9
BLACKBUCK,0.4763,47.6
BLACKROSE,0.2089,20.9
BLAL,0.3587,35.9
BLBLIMITED,0.622,62.2
BLIL,0.6369,63.7
BLISSGVS,0.3031,30.3
BLKASHYAP,0.3587,35.9
BLS,0.3828,38.3
BLSE,0.4121,41.2
BLUECHIP,0.2089,20.9
BLUECOAST,0.4419,44.2
BLUEDART,0.4953,49.5
BLUEJET,0.3634,36.3
BLUESTARCO,0.4949,49.5
BLUESTONE,0.3885,38.8
BLUSPRING,0.4137,41.4
BMWVENTLTD,0.5899,59.0
BNAGROCHEM,0.2089,20.9
BNALTD,0.1227,12.3
BODALCHEM,0.287,28.7
BOHRAIND,0.5472,54.7
BOMDYEING,0.3361,33.6
BONLON,0.5464,54.6
BORANA,0.6312,63.1
BOROLTD,0.4864,48.6
BORORENEW,0.4129,41.3
BOROSCI,0.5175,51.8
BOSCH-HCIL,0.4636,46.4
BOSCHLTD,0.5099,51.0
BPCL,0.3265,32.7
BPL,0.3482,34.8
BRIGADE,0.5004,50.0
BRIGHOTEL,0.3718,37.2
BRITANNIA,0.4909,49.1
BRNL,0.3103,31.0
BROOKS,0.3249,32.5
BSE,0.552,55.2
BSE500IETF,0.1854,18.5
BSHSL,0.2214,22.1
BSL,0.1604,16.0
BSLGOLDETF,0.2396,24.0
BSLNIFTY,0.287,28.7
BSLSENETFG,0.1552,15.5
BSOFT,0.6303,63.0
BTML,0.24,24.0
BTTL,0.5708,57.1
BUILDPRO,0.5042,50.4
BUTTERFLY,0.3895,39.0
BVCL,0.5924,59.2
BYKE,0.4739,47.4
CALSOFT,0.4836,48.4
CAMLINFINE,0.3964,39.6
CAMPUS,0.387,38.7
CAMS,0.5264,52.6
CANBK,0.4767,47.7
CANFINHOME,0.2058,20.6
CANHLIFE,0.6249,62.5
CANTABIL,0.3909,39.1
CAPACITE,0.4455,44.5
CAPILLARY,0.5706,57.1
CAPITALSFB,0.4543,45.4
CAPLIPOINT,0.5007,50.1
CAPTRUST,0.3448,34.5
CARBORUNIV,0.5277,52.8
CARERATING,0.4545,45.4
CARRARO,0.4355,43.6
CARTRADE,0.3934,39.3
CARYSIL,0.5114,51.1
CASHIETF,0.053,5.3
CASTROLIND,0.3545,35.4
CCAVENUE,0.5319,53.2
CCCL,0.5142,51.4
CCHHL,0.3974,39.7
CCL,0.3785,37.9
CDSL,0.4477,44.8
CEATLTD,0.4731,47.3
CEIGALL,0.6036,60.4
CEINSYS,0.6274,62.7
CELEBRITY,0.2185,21.9
CELLO,0.4656,46.6
CEMPRO,0.4246,42.5
CENTENKA,0.4923,49.2
CENTEXT,0.3991,39.9
CENTRALBK,0.3746,37.5
CENTRUM,0.2974,29.7
CENTUM,0.5887,58.9
CENTURYPLY,0.3367,33.7
CERA,0.4098,41.0
CESC,0.4218,42.2
CEWATER,0.4382,43.8
CGCL,0.3317,33.2
CGPOWER,0.5549,55.5
CHALET,0.4864,48.6
CHAMBLFERT,0.4232,42.3
CHEMBOND,0.3296,33.0
CHEMBONDCH,0.3134,31.3
CHEMCON,0.165,16.5
CHEMFAB,0.2032,20.3
CHEMICAL,0.3899,39.0
CHEMPLASTS,0.3466,34.7
CHENNPETRO,0.5556,55.6
CHEVIOT,0.3872,38.7
CHOICEGOLD,0.3742,37.4
CHOICEIN,0.4757,47.6
CHOLAFIN,0.4811,48.1
CHOLAHLDNG,0.4879,48.8
CIEINDIA,0.4532,45.3
CIFL,0.5618,56.2
CIGNITITEC,0.5135,51.3
CINELINE,0.3147,31.5
CINEVISTA,0.1948,19.5
CIPLA,0.5003,50.0
CLEAN,0.3884,38.8
CLEANMAX,0.5159,51.6
CLEDUCATE,0.4282,42.8
CLSEL,0.2019,20.2
CMPDI,0.5739,57.4
CMRGREEN,0.1528,15.3
CMSINFO,0.5725,57.3
CNL,0.539,53.9
COALINDIA,0.3733,37.3
COASTCORP,0.5705,57.0
COCHINSHIP,0.4335,43.4
COCKERILL,0.3608,36.1
COFFEEDAY,0.4722,47.2
COFORGE,0.4569,45.7
COHANCE,0.3718,37.2
COLPAL,0.4758,47.6
COMFINTE,0.4094,40.9
COMMOIETF,0.3064,30.6
COMPUSOFT,0.3823,38.2
COMSYN,0.365,36.5
CONCOR,0.408,40.8
CONCORDBIO,0.3465,34.6
CONFIPET,0.6037,60.4
CONS,0.4365,43.7
CONSOFINVT,0.4736,47.4
CONSUMBEES,0.412,41.2
CONSUMER,0.2483,24.8
CONSUMIETF,0.1828,18.3
CONTROLPR,0.4329,43.3
CORALFINAC,0.3339,33.4
CORDSCABLE,0.3183,31.8
COROMANDEL,0.4663,46.6
CORONA,0.4686,46.9
COSMOFIRST,0.4817,48.2
COUNCODOS,0.3791,37.9
CPCAP,0.246,24.6
CPEDU,0.4859,48.6
CPPLUS,0.413,41.3
CPSEETF,0.2323,23.2
CRAFTSMAN,0.4762,47.6
CRAMC,0.5638,56.4
CREATIVE,0.3336,33.4
CREATIVEYE,0.3054,30.5
CREDITACC,0.5213,52.1
CREST,0.1667,16.7
CRISIL,0.4704,47.0
CRIZAC,0.5178,51.8
CROMPTON,0.3916,39.2
CROWN,0.4352,43.5
CSBBANK,0.5186,51.9
CSLFINANCE,0.2832,28.3
CTE,0.5297,53.0
CUB,0.4183,41.8
CUBEXTUB,0.7022,70.2
CUMMINSIND,0.5849,58.5
CUPID,0.6177,61.8
CURAA,0.2526,25.3
CYBERMEDIA,0.2887,28.9
CYBERTECH,0.3999,40.0
CYIENT,0.45,45.0
CYIENTDLM,0.4909,49.1
DABUR,0.4572,45.7
DAICHI,0.2089,20.9
DALBHARAT,0.5679,56.8
DALMIASUG,0.2865,28.7
DAMCAPITAL,0.5739,57.4
DAMODARIND,0.3166,31.7
DANGEE,0.2199,22.0
DATAMATICS,0.4056,40.6
DATAPATTNS,0.5347,53.5
DAVANGERE,0.2266,22.7
DBCORP,0.4875,48.8
DBEIL,0.2239,22.4
DBL,0.438,43.8
DBOL,0.3355,33.6
DBREALTY,0.2538,25.4
DBSTOCKBRO,0.3497,35.0
DCAL,0.6557,65.6
DCBBANK,0.4859,48.6
DCI,0.4946,49.5
DCM,0.186,18.6
DCMFINSERV,0.5132,51.3
DCMNVL,0.1598,16.0
DCMSHRIRAM,0.4639,46.4
DCMSIL,0.2089,20.9
DCMSRIND,0.3923,39.2
DCW,0.3841,38.4
DCXINDIA,0.4406,44.1
DDEVPLSTIK,0.3272,32.7
DECCANCE,0.676,67.6
DECNGOLD,0.5956,59.6
DEEDEV,0.3264,32.6
DEEPAKFERT,0.4606,46.1
DEEPAKNTR,0.6211,62.1
DEEPINDS,0.5133,51.3
DEFENCE,0.4447,44.5
DELHIVERY,0.51,51.0
DELPHIFX,0.3922,39.2
DELTACORP,0.1776,17.8
DELTAMAGNT,0.3587,35.9
DEN,0.2922,29.2
DENORA,0.4889,48.9
DENTA,0.3991,39.9
DEVIT,0.2004,20.0
DEVX,0.614,61.4
DEVYANI,0.3653,36.5
DGCONTENT,0.4766,47.7
DHAMPURSUG,0.3561,35.6
DHANBANK,0.4672,46.7
DHANI,0.3708,37.1
DHANUKA,0.4423,44.2
DHARMAJ,0.3599,36.0
DHRUV,0.4563,45.6
DHUNINV,0.6837,68.4
DIACABS,0.5595,56.0
DIAMINESQ,0.3497,35.0
DIAMONDYD,0.3989,39.9
DICIND,0.4357,43.6
DIFFNKG,0.5689,56.9
DIGIDRIVE,0.4784,47.8
DIGISPICE,0.4761,47.6
DIGITIDE,0.5313,53.1
DIGJAMLMTD,0.4691,46.9
DIL,0.3408,34.1
DISAQ,0.558,55.8
DISHTV,0.2912,29.1
DIVGIITTS,0.619,61.9
DIVIDEND,0.3058,30.6
DIVISLAB,0.4639,46.4
DIVOPPBEES,0.277,27.7
DIXON,0.4811,48.1
DJML,0.4904,49.0
DLF,0.4358,43.6
DLINKINDIA,0.5509,55.1
DMART,0.4962,49.6
DMCC,0.3991,39.9
DNAMEDIA,0.4071,40.7
DODLA,0.334,33.4
DOLATALGO,0.3382,33.8
DOLLAR,0.5167,51.7
DOLPHIN,0.2325,23.2
DOMS,0.4451,44.5
DONEAR,0.4662,46.6
DPABHUSHAN,0.7831,78.3
DPSCLTD,0.2283,22.8
DPWIRES,0.3929,39.3
DRAGARWQ,0.5482,54.8
DRCSYSTEMS,0.397,39.7
DREAMFOLKS,0.5375,53.7
DREDGECORP,0.5603,56.0
DRREDDY,0.5374,53.7
DSFCL,0.3897,39.0
DSSL,0.5618,56.2
DTIL,0.4059,40.6
DUCON,0.2946,29.5
DVL,0.4807,48.1
DWARKESH,0.3347,33.5
DYCL,0.4749,47.5
DYNAMATECH,0.5465,54.7
DYNPRO,0.3581,35.8
E2E,0.5603,56.0
EASEMYTRIP,0.3266,32.7
EBANKNIFTY,0.2161,21.6
EBBETF0430,0.3489,34.9
EBBETF0431,0.1998,20.0
EBBETF0433,0.2981,29.8
EBGNG,0.5313,53.1
ECAPINSURE,0.2485,24.8
ECLERX,0.7656,76.6
ECOSMOBLTY,0.6433,64.3
EDELWEISS,0.4674,46.7
EFCIL,0.5006,50.1
EGOLD,0.3236,32.4
EICHERMOT,0.405,40.5
EIDPARRY,0.6778,67.8
EIEL,0.4835,48.3
EIFFL,0.439,43.9
EIHAHOTELS,0.366,36.6
EIHOTEL,0.4192,41.9
EIMCOELECO,0.4397,44.0
EKC,0.32,32.0
ELANTAS,0.5239,52.4
ELCIDIN,0.4949,49.5
ELDEHSG,0.3255,32.5
ELECON,0.5194,51.9
ELECTCAST,0.3893,38.9
ELECTHERM,0.5281,52.8
ELGIEQUIP,0.553,55.3
ELGIRUBCO,0.6567,65.7
ELIN,0.7248,72.5
ELIQUID,0.1945,19.4
ELITECON,0.4634,46.3
ELLEN,0.4623,46.2
ELM250,0.0747,7.5
ELPROINTL,0.4009,40.1
EMAMILTD,0.4852,48.5
EMAMIPAP,0.2769,27.7
EMAMIREAL,0.3146,31.5
EMBDL,0.6921,69.2
EMCURE,0.5417,54.2
EMIL,0.3545,35.5
EMKAY,0.4559,45.6
EMMBI,0.3917,39.2
EMMVEE,0.5188,51.9
EMPOWER,0.2089,20.9
EMSLIMITED,0.3152,31.5
EMUDHRA,0.5004,50.0
EMULTIMQ,0.3814,38.1
ENDURANCE,0.4459,44.6
ENERGY,0.5714,57.1
ENERGYDEV,0.5248,52.5
ENEXT50,0.1227,12.3
ENGINERSIN,0.5694,56.9
ENIFTY,0.5569,55.7
ENIL,0.3383,33.8
ENRIN,0.5174,51.7
ENTERO,0.3948,39.5
EPACK,0.4097,41.0
EPACKPEB,0.522,52.2
EPIGRAL,0.5145,51.5
EPL,0.4374,43.7
EQUAL200,0.2644,26.4
EQUAL50,0.4401,44.0
EQUAL50ADD,0.1998,20.0
EQUITASBNK,0.5404,54.0
ERIS,0.4731,47.3
ESABINDIA,0.3347,33.5
ESAFSFB,0.351,35.1
ESCORTS,0.5166,51.7
ESENSEX,0.3127,31.3
ESG,0.3617,36.2
ESILVER,0.3923,39.2
ESSARSHPNG,0.3984,39.8
ESSENTIA,0.1287,12.9
ESTER,0.3917,39.2
ETERNAL,0.4219,42.2
ETHOSLTD,0.4716,47.2
EUREKAFORB,0.4722,47.2
EUROBOND,0.3415,34.2
EUROPRATIK,0.5441,54.4
EUROTEXIND,0.3874,38.7
EVEREADY,0.4198,42.0
EVERESTIND,0.4786,47.9
EVIETF,0.2752,27.5
EVINDIA,0.2875,28.7
EXCEL,0.4191,41.9
EXCELINDUS,0.4062,40.6
EXCELSOFT,0.5151,51.5
EXICOM,0.5873,58.7
EXIDEIND,0.5124,51.2
EXPLEOSOL,0.381,38.1
EXXARO,0.3192,31.9
FABTECH,0.5449,54.5
FACT,0.4524,45.2
FAIRCHEMOR,0.4248,42.5
FAZE3Q,0.5351,53.5
FCL,0.542,54.2
FCSSOFT,0.1248,12.5
FDC,0.3783,37.8
FEDDERSHOL,0.3574,35.7
FEDERALBNK,0.5057,50.6
FEDFINA,0.4394,43.9
FERMENTA,0.5555,55.5
FIBERWEB,0.4146,41.5
FIEMIND,0.4848,48.5
FILATEX,0.2086,20.9
FILATFASH,0.0615,6.1
FINCABLES,0.5661,56.6
FINEORG,0.5454,54.5
FINIETF,0.2189,21.9
FINKURVE,0.6215,62.1
FINOPB,0.4576,45.8
FINPIPE,0.3519,35.2
FIRSTCRY,0.5611,56.1
FISCHER,0.406,40.6
FIVESTAR,0.439,43.9
FLAIR,0.3649,36.5
FLEXIADD,0.4742,47.4
FLEXITUFF,0.5658,56.6
FLUOROCHEM,0.5099,51.0
FMCGADD,0.1227,12.3
FMCGIETF,0.318,31.8
FMGOETZE,0.4031,40.3
FMNL,0.3248,32.5
FOCUS,0.5731,57.3
FOODSIN,0.5805,58.0
FORCEMOT,0.493,49.3
FORTIS,0.4999,50.0
FOSECOIND,0.481,48.1
FRACTAL,0.5494,54.9
FRONTSP,0.6563,65.6
FSL,0.575,57.5
FUSION,0.5067,50.7
GABRIEL,0.5149,51.5
GAEL,0.5448,54.5
GAIL,0.3936,39.4
GALAPREC,0.5728,57.3
GALAXYSURF,0.4458,44.6
GALLANTT,0.4888,48.9
GANDHAR,0.4848,48.5
GANDHITUBE,0.3339,33.4
GANECOS,0.2002,20.0
GANESHBE,0.4336,43.4
GANESHCP,0.6625,66.3
GANESHHOU,0.4495,45.0
GANESHHOUC,0.4992,49.9
GANGAFORGE,0.5308,53.1
GANGESSECU,0.3974,39.7
GARFIBRES,0.481,48.1
GARUDA,0.3472,34.7
GATECH,0.3111,31.1
GATECHDVR,0.5953,59.5
GATEWAY,0.3825,38.2
GAUDIUMIVF,0.2089,20.9
GAYAHWS,0.6872,68.7
GCSL,0.5763,57.6
GEECEE,0.3337,33.4
GEEKAYWIRE,0.3136,31.4
GEMAROMA,0.6321,63.2
GENCON,0.3611,36.1
GENESYS,0.2481,24.8
GENUSPAPER,0.3591,35.9
GENUSPOWER,0.2437,24.4
GEOJITFSL,0.3464,34.6
GEPIL,0.3585,35.9
GESHIP,0.5727,57.3
GFLLIMITED,0.3663,36.6
GHCL,0.4148,41.5
GHCLTEXTIL,0.4333,43.3
GICHSGFIN,0.4002,40.0
GICL,0.5724,57.2
GICRE,0.3754,37.5
GILLANDERS,0.347,34.7
GILLETTE,0.4884,48.8
GILT10BETA,0.4253,42.5
GILT5BETA,0.3163,31.6
GILT5YBEES,0.1337,13.4
GINNIFILA,0.641,64.1
GIPCL,0.3956,39.6
GKENERGY,0.5162,51.6
GKSL,0.5929,59.3
GKWLIMITED,0.3887,38.9
GLAND,0.5091,50.9
GLAXO,0.4617,46.2
GLENMARK,0.4815,48.2
GLFL,0.2089,20.9
GLOBAL,0.4795,48.0
GLOBALE,0.4123,41.2
GLOBALVECT,0.4451,44.5
GLOBE,0.2165,21.6
GLOBECIVIL,0.442,44.2
GLOBUSSPR,0.4702,47.0
GLOSTERLTD,0.4896,49.0
GLOTTIS,0.2837,28.4
GMBREW,0.5035,50.3
GMDCLTD,0.4545,45.5
GMMPFAUDLR,0.5924,59.2
GMRAIRPORT,0.4533,45.3
GMRP&UI,0.2548,25.5
GNA,0.4693,46.9
GNFC,0.5322,53.2
GNRL,0.5628,56.3
GOACARBON,0.4448,44.5
GOCLCORP,0.42,42.0
GOCOLORS,0.2401,24.0
GODAVARIB,0.4219,42.2
GODFRYPHLP,0.5276,52.8
GODHA,0.3639,36.4
GODIGIT,0.3858,38.6
GODREJAGRO,0.3855,38.6
GODREJCP,0.4387,43.9
GODREJIND,0.4614,46.1
GODREJPROP,0.5071,50.7
GOKEX,0.5639,56.4
GOKUL,0.2702,27.0
GOKULAGRO,0.5781,57.8
GOLD1,0.3469,34.7
GOLD360,0.3581,35.8
GOLDADD,0.5605,56.1
GOLDBEES,0.3444,34.4
GOLDBETA,0.4588,45.9
GOLDBND,0.5899,59.0
GOLDCASE,0.2984,29.8
GOLDETF,0.3025,30.3
GOLDETFADD,0.2867,28.7
GOLDIAM,0.5968,59.7
GOLDIETF,0.3504,35.0
GOLDSHARE,0.4248,42.5
GOLDTECH,0.54,54.0
GOODLUCK,0.6023,60.2
GOODYEAR,0.522,52.2
GOPAL,0.3595,35.9
GOYALALUM,0.6233,62.3
GPIL,0.5178,51.8
GPPL,0.3963,39.6
GPTHEALTH,0.4429,44.3
GPTINFRA,0.4967,49.7
GRADIENTE,0.2215,22.2
GRANDOAK,0.3291,32.9
GRANULES,0.5711,57.1
GRAPHITE,0.4244,42.4
GRASIM,0.5251,52.5
GRAUWEIL,0.3616,36.2
GRAVISSHO,0.3375,33.8
GRAVITA,0.4459,44.6
GREAVESCOT,0.4921,49.2
GREENLAM,0.2669,26.7
GREENPANEL,0.4525,45.3
GREENPLY,0.4472,44.7
GREENPOWER,0.3938,39.4
GRINDWELL,0.5431,54.3
GRINFRA,0.4254,42.5
GRMOVER,0.3172,31.7
GROBTEA,0.3073,30.7
GROWW,0.6395,63.9
GROWWCAPM,0.4882,48.8
GROWWCHEM,0.4504,45.0
GROWWDEFNC,0.5329,53.3
GROWWEV,0.2899,29.0
GROWWGOLD,0.6535,65.3
GROWWHOSPI,0.4686,46.9
GROWWLIQID,0.0207,2.1
GROWWLOVOL,0.1438,14.4
GROWWMC150,0.278,27.8
GROWWMETAL,0.6205,62.0
GROWWMOM50,0.2757,27.6
GROWWN200,0.2979,29.8
GROWWNET,0.2732,27.3
GROWWNIFTY,0.2903,29.0
GROWWNXT50,0.2823,28.2
GROWWPOWER,0.312,31.2
GROWWPSE,0.6149,61.5
GROWWPSUBK,0.6292,62.9
GROWWRAIL,0.3436,34.4
GROWWRLTY,0.3908,39.1
GROWWSC250,0.4404,44.0
GROWWSLVR,0.6522,65.2
GRPLTD,0.4927,49.3
GRSE,0.535,53.5
GRWRHITECH,0.4975,49.8
GSEC10ABSL,0.3571,35.7
GSEC10IETF,0.1889,18.9
GSEC10YEAR,0.0834,8.3
GSEC5IETF,0.142,14.2
GSFC,0.3146,31.5
GSLSU,0.3875,38.7
GSPCROP,0.5354,53.5
GSPL,0.1343,13.4
GSS,0.4166,41.7
GTECJAINX,0.5217,52.2
GTL,0.3186,31.9
GTLINFRA,0.377,37.7
GTPL,0.4054,40.5
GUFICBIO,0.2804,28.0
GUJALKALI,0.4367,43.7
GUJAPOLLO,0.619,61.9
GUJGASLTD,0.4502,45.0
GUJRAFFIA,0.5974,59.7
GUJTHEM,0.4607,46.1
GULFOILLUB,0.4793,47.9
GULFPETRO,0.244,24.4
GULPOLY,0.5076,50.8
GVPIL,0.5366,53.7
GVPTECH,0.2799,28.0
GVT&D,0.5977,59.8
HAL,0.4791,47.9
HALDER,0.6745,67.5
HALDYNGL,0.2089,20.9
HALEOSLABS,0.5822,58.2
HAPPSTMNDS,0.4617,46.2
HAPPYFORGE,0.4996,50.0
HARDWYN,0.6106,61.1
HARIOMPIPE,0.4532,45.3
HARRMALAYA,0.317,31.7
HARSHA,0.4935,49.4
HATHWAY,0.3124,31.2
HATSUN,0.4629,46.3
HAVELLS,0.5186,51.9
HAVISHA,0.3958,39.6
HAWKINCOOK,0.4075,40.8
HBESD,0.2377,23.8
HBLENGINE,0.4447,44.5
HBSL,0.3931,39.3
HCC,0.4135,41.3
HCG,0.5287,52.9
HCL-INSYS,0.3446,34.5
HCLTECH,0.5713,57.1
HDBFS,0.5004,50.0
HDFCAMC,0.5186,51.9
HDFCBANK,0.4757,47.6
HDFCBSE500,0.2131,21.3
HDFCGOLD,0.3519,35.2
HDFCGROWTH,0.3462,34.6
HDFCLIFE,0.5724,57.2
HDFCLIQUID,0.1037,10.4
HDFCLOWVOL,0.1887,18.9
HDFCMID150,0.2393,23.9
HDFCMOMENT,0.3399,34.0
HDFCNEXT50,0.1291,12.9
HDFCNIF100,0.2687,26.9
HDFCNIFBAN,0.226,22.6
HDFCNIFIT,0.4505,45.1
HDFCNIFTY,0.4261,42.6
HDFCPSUBK,0.3334,33.3
HDFCPVTBAN,0.1706,17.1
HDFCQUAL,0.3464,34.6
HDFCSENSEX,0.2842,28.4
HDFCSILVER,0.3943,39.4
HDFCSML250,0.429,42.9
HDFCVALUE,0.3252,32.5
HEADSUP,0.3817,38.2
HEALTHADD,0.3529,35.3
HEALTHCARE,0.4164,41.6
HEALTHIETF,0.379,37.9
HEALTHX,0.1491,14.9
HEALTHY,0.2106,21.1
HECPROJECT,0.3763,37.6
HEG,0.2952,29.5
HEIDELBERG,0.3889,38.9
HEMIPROP,0.4119,41.2
HERANBA,0.4598,46.0
HERCULES,0.4995,50.0
HERITGFOOD,0.4968,49.7
HEROMOTOCO,0.4815,48.1
HESTERBIO,0.2698,27.0
HEUBACHIND,0.5997,60.0
HEXAGON,0.152,15.2
HEXATRADEX,0.3565,35.7
HEXT,0.4546,45.5
HFCL,0.5234,52.3
HGINFRA,0.3813,38.1
HGM,0.3318,33.2
HGS,0.3143,31.4
HIKAL,0.4258,42.6
HILINFRA,0.4251,42.5
HILTON,0.4194,41.9
HIMATSEIDE,0.3758,37.6
HINDALCO,0.4362,43.6
HINDCOMPOS,0.4127,41.3
HINDCON,0.2507,25.1
HINDCOPPER,0.4162,41.6
HINDMOTORS,0.2089,20.9
HINDNATGLS,0.2089,20.9
HINDOILEXP,0.3621,36.2
HINDPETRO,0.3449,34.5
HINDUNILVR,0.4521,45.2
HINDWAREAP,0.2635,26.4
HINDZINC,0.4516,45.2
HIRECT,0.5951,59.5
HISARMETAL,0.3451,34.5
HITECH,0.3977,39.8
HITECHCORP,0.4825,48.2
HLEGLAS,0.2506,25.1
HLVLTD,0.4025,40.3
HMAAGRO,0.5125,51.2
HMVL,0.2634,26.3
HNDFDS,0.447,44.7
HNGSNGBEES,0.3643,36.4
HOMEFIRST,0.4382,43.8
HONASA,0.6165,61.6
HONAUT,0.4625,46.2
HONDAPOWER,0.4422,44.2
HPAL,0.3458,34.6
HPIL,0.1317,13.2
HPL,0.4579,45.8
HSBCGOLD,0.3212,32.1
HSCL,0.6014,60.1
HTMEDIA,0.6673,66.7
HUBTOWN,0.4963,49.6
HUDCO,0.3828,38.3
HUHTAMAKI,0.3952,39.5
HYBRIDFIN,0.3598,36.0
HYUNDAI,0.4931,49.3
IBULLSLTD,0.3722,37.2
ICDSLTD,0.6207,62.1
ICEMAKE,0.4759,47.6
ICICIAMC,0.6742,67.4
ICICIB22,0.3474,34.7
ICICIBANK,0.4563,45.6
ICICIGI,0.4483,44.8
ICICIPRULI,0.5651,56.5
ICIL,0.5892,58.9
ICRA,0.4578,45.8
IDBI,0.3294,32.9
IDEA,0.5106,51.1
IDEAFORGE,0.4124,41.2
IDFCFIRSTB,0.2317,23.2
IDFNIFTYET,0.4157,41.6
IEX,0.3933,39.3
IFBAGRO,0.4186,41.9
IFBIND,0.4335,43.3
IFCI,0.4804,48.0
IFGLEXPOR,0.3304,33.0
IGARASHI,0.3562,35.6
IGCL,0.4998,50.0
IGIL,0.4409,44.1
IGL,0.3996,40.0
IGPL,0.5389,53.9
IIFL,0.4702,47.0
IIFLCAPS,0.4444,44.4
IITL,0.4563,45.6
IKIO,0.4213,42.1
IKS,0.4535,45.3
IMAGICAA,0.4041,40.4
IMFA,0.4888,48.9
IMPAL,0.4171,41.7
INA,0.6395,63.9
INCREDIBLE,0.4929,49.3
INDBANK,0.2826,28.3
INDGN,0.3665,36.6
INDHOTEL,0.4531,45.3
INDIACEM,0.308,30.8
INDIAGLYCO,0.4271,42.7
INDIAMART,0.4816,48.2
INDIANB,0.4689,46.9
INDIANCARD,0.1078,10.8
INDIANHUME,0.3972,39.7
INDIASHLTR,0.4396,44.0
INDIGO,0.4223,42.2
INDIGOPNTS,0.2439,24.4
INDIQUBE,0.3634,36.3
INDNIPPON,0.4325,43.3
INDOAMIN,0.2928,29.3
INDOBORAX,0.237,23.7
INDOCO,0.2426,24.3
INDOFARM,0.4644,46.4
INDORAMA,0.1722,17.2
INDOSTAR,0.3781,37.8
INDOTECH,0.466,46.6
INDOTHAI,0.5514,55.1
INDOUS,0.6361,63.6
INDOWIND,0.2238,22.4
INDPRUD,0.1227,12.3
INDRAMEDCO,0.5141,51.4
INDSWFTLAB,0.44,44.0
INDSWFTLTD,0.4088,40.9
INDTERRAIN,0.3304,33.0
INDUSINDBK,0.5202,52.0
INDUSTOWER,0.3711,37.1
INFIBEAM,0.3396,34.0
INFOBEAN,0.2808,28.1
INFOMEDIA,0.596,59.6
INFRA,0.4244,42.4
INFRABEES,0.4048,40.5
INFRAIETF,0.3788,37.9
INFY,0.7009,70.1
INGERRAND,0.4296,43.0
INNOVACAP,0.5492,54.9
INNOVANA,0.5901,59.0
INNOVISION,0.3897,39.0
INOXGREEN,0.4148,41.5
INOXINDIA,0.6011,60.1
INOXWIND,0.6293,62.9
INSECTICID,0.4081,40.8
INSPIRISYS,0.3883,38.8
INTELLECT,0.5625,56.3
INTENTECH,0.5253,52.5
INTERARCH,0.5318,53.2
INTERNET,0.3097,31.0
INTLCONV,0.3311,33.1
INVENTURE,0.5441,54.4
INVPRECQ,0.5542,55.4
IOB,0.3146,31.5
IOC,0.3582,35.8
IOLCP,0.4009,40.1
IONEXCHANG,0.4867,48.7
IPCALAB,0.4331,43.3
IPL,0.3349,33.5
IRB,0.305,30.5
IRCON,0.4346,43.5
IRCTC,0.4778,47.8
IREDA,0.4093,40.9
IRFC,0.4452,44.5
IRIS,0.5335,53.4
IRISDOREME,0.443,44.3
IRMENERGY,0.2196,22.0
ISFT,0.2327,23.3
ISGEC,0.4599,46.0
ISHANCH,0.3822,38.2
IT,0.4739,47.4
ITADD,0.3342,33.4
ITBEES,0.4753,47.5
ITBETA,0.6067,60.7
ITC,0.5178,51.8
ITCHOTELS,0.4381,43.8
ITDC,0.3613,36.1
ITDCEM,0.5237,52.4
ITETF,0.4493,44.9
ITETFADD,0.2735,27.4
ITI,0.3737,37.4
ITIETF,0.4727,47.3
IVALUE,0.3737,37.4
IVC,0.2822,28.2
IVP,0.4447,44.5
IVZINGOLD,0.3723,37.2
IVZINNIFTY,0.3464,34.6
IWP,0.5429,54.3
IXIGO,0.3561,35.6
IZMO,0.573,57.3
J&KBANK,0.5805,58.0
JAGRAN,0.1677,16.8
JAGSNPHARM,0.3289,32.9
JAIBALAJI,0.168,16.8
JAICORPLTD,0.4098,41.0
JAINREC,0.5412,54.1
JAIPURKURT,0.2373,23.7
JAMNAAUTO,0.4813,48.1
JARO,0.6422,64.2
JASH,0.3299,33.0
JAYAGROGN,0.5125,51.2
JAYBARMARU,0.3857,38.6
JAYKAY,0.3775,37.8
JAYNECOIND,0.3209,32.1
JAYSREETEA,0.3557,35.6
JBCHEPHARM,0.5456,54.6
JBMA,0.5216,52.2
JCHAC,0.4356,43.6
JETFREIGHT,0.4193,41.9
JGCHEM,0.5088,50.9
JHS,0.448,44.8
JINDALPHOT,0.3442,34.4
JINDALPOLY,0.4458,44.6
JINDALSAW,0.584,58.4
JINDALSTEL,0.3302,33.0
JINDRILL,0.3127,31.3
JINDWORLD,0.1993,19.9
JIOFIN,0.4384,43.8
JISLDVREQS,0.261,26.1
JISLJALEQS,0.2931,29.3
JITFINFRA,0.6695,66.9
JKCEMENT,0.4772,47.7
JKIL,0.4335,43.4
JKIPL,0.4559,45.6
JKLAKSHMI,0.5782,57.8
JKPAPER,0.386,38.6
JKTYRE,0.4374,43.7
JLHL,0.411,41.1
JMA,0.4476,44.8
JMFINANCIL,0.4049,40.5
JNKINDIA,0.4691,46.9
JOCIL,0.2161,21.6
JPOLYINVST,0.275,27.5
JPPOWER,0.2734,27.3
JSFB,0.4284,42.8
JSL,0.4108,41.1
JSLL,0.3582,35.8
JSWCEMENT,0.4096,41.0
JSWDULUX,0.4907,49.1
JSWENERGY,0.5279,52.8
JSWHL,0.6345,63.5
JSWINFRA,0.5308,53.1
JSWSTEEL,0.45,45.0
JTEKTINDIA,0.4244,42.4
JTLIND,0.5074,50.7
JUBLCPL,0.5272,52.7
JUBLFOOD,0.5493,54.9
JUBLINGREA,0.3303,33.0
JUBLPHARMA,0.4822,48.2
JUNIORBEES,0.4451,44.5
JUNIPER,0.4242,42.4
JUSTDIAL,0.6371,63.7
JWL,0.466,46.6
JYOTHYLAB,0.6943,69.4
JYOTICNC,0.3958,39.6
JYOTISTRUC,0.1719,17.2
KABRAEXTRU,0.3879,38.8
KAJARIACER,0.5156,51.6
KAKATCEM,0.1736,17.4
KALAMANDIR,0.4313,43.1
KALPATARU,0.4607,46.1
KALYANIFRG,0.2555,25.6
KALYANKJIL,0.5185,51.8
KAMAHOLD,0.6979,69.8
KAMATHOTEL,0.5016,50.2
KAMDHENU,0.3345,33.4
KAMOPAINTS,0.6187,61.9
KANANIIND,0.3399,34.0
KANCHI,0.2089,20.9
KANORICHEM,0.2685,26.8
KANPRPLA,0.4221,42.2
KANSAINER,0.5233,52.3
KAPSTON,0.5641,56.4
KARMAENG,0.6056,60.6
KARURVYSYA,0.4733,47.3
KAUSHALYA,0.4799,48.0
KAVDEFENCE,0.6547,65.5
KAYA,0.4153,41.5
KAYNES,0.8135,81.3
KCP,0.392,39.2
KCPSUGIND,0.3673,36.7
KDDL,0.5522,55.2
KEC,0.4541,45.4
KECL,0.4544,45.4
KEEPLEARN,0.4053,40.5
KEI,0.587,58.7
KELLTONTEC,0.2836,28.4
KENNAMET,0.5825,58.2
KERNEX,0.3972,39.7
KESORAMIND,0.2892,28.9
KEYFINSERV,0.2823,28.2
KFINTECH,0.5329,53.3
KHADIM,0.5538,55.4
KHAICHEM,0.433,43.3
KHAITANLTD,0.3055,30.5
KHANDSE,0.2077,20.8
KICL,0.5076,50.8
KILITCH,0.3832,38.3
KIMS,0.407,40.7
KINGFA,0.6676,66.8
KIOCL,0.4206,42.1
KIRANVYPAR,0.1227,12.3
KIRIINDUS,0.5316,53.2
KIRLFER,0.4867,48.7
KIRLOSBROS,0.502,50.2
KIRLOSENG,0.534,53.4
KIRLOSIND,0.441,44.1
KIRLPNU,0.5563,55.6
KISSHT,0.1546,15.5
KITEX,0.3988,39.9
KKCL,0.4165,41.6
KLBRENG-B,0.5858,58.6
KMEW,0.5516,55.2
KMSUGAR,0.2794,27.9
KNAGRI,0.5018,50.2
KNRCON,0.31,31.0
KOHINOOR,0.3785,37.8
KOKUYOCMLN,0.3888,38.9
KOLTEPATIL,0.3312,33.1
KOPRAN,0.3966,39.7
KOTAKBANK,0.4549,45.5
KOTARISUG,0.3033,30.3
KOTHARIPET,0.319,31.9
KOTHARIPRO,0.3185,31.9
KOTIC,0.6945,69.4
KOTYARK,0.422,42.2
KOVAI,0.5511,55.1
KPEL,0.4529,45.3
KPIGREEN,0.4009,40.1
KPIL,0.3879,38.8
KPITTECH,0.5351,53.5
KPL,0.3948,39.5
KPRMILL,0.5212,52.1
KRBL,0.3961,39.6
KREBSBIO,0.7497,75.0
KRIDHANINF,0.3666,36.7
KRISHANA,0.5676,56.8
KRISHIVAL,0.4839,48.4
KRISHNADEF,0.4737,47.4
KRITI,0.3407,34.1
KRITIKA,0.3776,37.8
KRITINUT,0.3429,34.3
KRN,0.4807,48.1
KRONOX,0.4981,49.8
KROSS,0.3992,39.9
KRSNAA,0.6485,64.8
KRYSTAL,0.3497,35.0
KSB,0.4765,47.6
KSCL,0.3384,33.8
KSHINTL,0.5502,55.0
KSHITIJPOL,0.2359,23.6
KSL,0.4772,47.7
KSOLVES,0.3263,32.6
KSR,0.1414,14.1
KTKBANK,0.6004,60.0
KUANTUM,0.4367,43.7
KWIL,0.3582,35.8
LAGNAM,0.4177,41.8
LAHOTIOV,0.3461,34.6
LAL,0.3234,32.3
LALPATHLAB,0.4915,49.2
LAMBODHARA,0.2521,25.2
LANCORHOL,0.2653,26.5
LANDMARK,0.285,28.5
LANDSMILL,0.3749,37.5
LAOPALA,0.3397,34.0
LASA,0.5334,53.3
LATENTVIEW,0.7735,77.4
LATTEYS,0.3684,36.8
LAURUSLABS,0.5536,55.4
LAXMICOT,0.4835,48.4
LAXMIDENTL,0.4016,40.2
LAXMIINDIA,0.3002,30.0
LCCINFOTEC,0.5705,57.0
LEMERITE,0.5226,52.3
LEMONTREE,0.4818,48.2
LENSKART,0.6633,66.3
LEXUS,0.6393,63.9
LFIC,0.1787,17.9
LGBBROSLTD,0.4335,43.3
LGEINDIA,0.6351,63.5
LGHL,0.5486,54.9
LIBAS,0.2994,29.9
LIBERTSHOE,0.4021,40.2
LICHSGFIN,0.4857,48.6
LICI,0.431,43.1
LICMFGOLD,0.301,30.1
LICNETFGSC,0.166,16.6
LICNETFN50,0.3867,38.7
LICNETFSEN,0.2957,29.6
LICNFNHGP,0.3216,32.2
LICNMID100,0.1352,13.5
LIKHITHA,0.4198,42.0
LINC,0.5916,59.2
LINCOLN,0.357,35.7
LINDEINDIA,0.5518,55.2
LIQGRWBEES,0.011,1.1
LIQUID,0.0213,2.1
LIQUID1,0.0342,3.4
LIQUIDADD,0.0133,1.3
LIQUIDBEES,0.0247,2.5
LIQUIDBETF,0.0596,6.0
LIQUIDCASE,0.0115,1.1
LIQUIDETF,0.1086,10.9
LIQUIDIETF,0.0406,4.1
LIQUIDPLUS,0.0701,7.0
LIQUIDSBI,0.0229,2.3
LIQUIDSHRI,0.0063,0.6
LLOYDSENGG,0.5559,55.6
LLOYDSENT,0.6092,60.9
LLOYDSME,0.5729,57.3
LMW,0.474,47.4
LODHA,0.4769,47.7
LOKESHMACH,0.3482,34.8
LORDSCHLO,0.5295,52.9
LOTUSDEV,0.4851,48.5
LOTUSEYE,0.4111,41.1
LOVABLE,0.1585,15.9
LOWVOL,0.2507,25.1
LOWVOL1,0.3356,33.6
LOWVOLIETF,0.1962,19.6
LOYALTEX,0.5033,50.3
LPDC,0.3386,33.9
LT,0.4894,48.9
LTF,0.5352,53.5
LTFOODS,0.4498,45.0
LTGILTBEES,0.1334,13.3
LTGILTCASE,0.0315,3.1
LTIM,0.2768,27.7
LTM,0.5613,56.1
LTTS,0.5175,51.8
LUMAXIND,0.4814,48.1
LUMAXTECH,0.5288,52.9
LUPIN,0.5357,53.6
LUXIND,0.4147,41.5
LXCHEM,0.1723,17.2
LYKALABS,0.2734,27.3
LYPSAGEMS,0.5666,56.7
M&M,0.4859,48.6
M&MFIN,0.4563,45.6
MAANALU,0.6341,63.4
MACPOWER,0.633,63.3
MADHAV,0.3702,37.0
MADHAVIPL,0.6127,61.3
MADHUCON,0.286,28.6
MADRASFERT,0.2603,26.0
MAFANG,0.4218,42.2
MAFATIND,0.5774,57.7
MAGADSUGAR,0.3803,38.0
MAGNUM,0.2624,26.2
MAHABANK,0.5168,51.7
MAHAPEXLTD,0.3926,39.3
MAHASTEEL,0.4012,40.1
MAHEPC,0.4004,40.0
MAHESHWARI,0.4667,46.7
MAHKTECH,0.2114,21.1
MAHLIFE,0.4727,47.3
MAHLOG,0.4304,43.0
MAHSCOOTER,0.4941,49.4
MAHSEAMLES,0.3315,33.1
MAITHANALL,0.4664,46.6
MAJESAUT,0.5429,54.3
MAKEINDIA,0.2099,21.0
MALLCOM,0.3397,34.0
MALUPAPER,0.3656,36.6
MAMATA,0.4022,40.2
MANAKALUCO,0.5969,59.7
MANAKCOAT,0.2402,24.0
MANAKSIA,0.3228,32.3
MANAKSTEEL,0.3251,32.5
MANALIPETC,0.2591,25.9
MANAPPURAM,0.526,52.6
MANBA,0.434,43.4
MANCREDIT,0.5423,54.2
MANGALAM,0.5829,58.3
MANGCHEFER,0.4509,45.1
MANGLMCEM,0.4785,47.9
MANINDS,0.4394,43.9
MANINFRA,0.4521,45.2
MANKIND,0.5111,51.1
MANOMAY,0.4431,44.3
MANORAMA,0.5034,50.3
MANORG,0.4328,43.3
MANUFGBEES,0.2793,27.9
MANUGRAPH,0.3336,33.4
MANYAVAR,0.6953,69.5
MAPMYINDIA,0.7534,75.3
MARALOVER,0.3403,34.0
MARATHON,0.589,58.9
MARICO,0.5064,50.6
MARINE,0.5374,53.7
MARKOLINES,0.4634,46.3
MARKSANS,0.4121,41.2
MARSONS,0.5697,57.0
MARUTI,0.4317,43.2
MASFIN,0.4241,42.4
MASKINVEST,0.3435,34.3
MASPTOP50,0.2549,25.5
MASTEK,0.5921,59.2
MASTERTR,0.3121,31.2
MATRIMONY,0.4075,40.7
MAWANASUG,0.3136,31.4
MAXESTATES,0.4815,48.2
MAXHEALTH,0.4791,47.9
MAXIND,0.3632,36.3
MAYURUNIQ,0.466,46.6
MAZDA,0.4462,44.6
MAZDOCK,0.4645,46.4
MBAPL,0.4766,47.7
MBEL,0.4358,43.6
MBLINFRA,0.4284,42.8
MCCHRLS-B,0.5045,50.5
MCL,0.6179,61.8
MCLEODRUSS,0.4223,42.2
MCLOUD,0.328,32.8
MCX,0.6128,61.3
MEDANTA,0.4634,46.3
MEDIASSIST,0.415,41.5
MEDICAMEQ,0.4605,46.0
MEDICO,0.2824,28.2
MEDPLUS,0.4452,44.5
MEESHO,0.5521,55.2
MEGASOFT,0.2089,20.9
MEGASTAR,0.4554,45.5
MEIL,0.5343,53.4
MENNPIS,0.5529,55.3
MENONBE,0.3287,32.9
MERCANTILE,0.3586,35.9
METAL,0.4051,40.5
METALIETF,0.3641,36.4
METROBRAND,0.1964,19.6
METROGLOBL,0.5354,53.5
METROPOLIS,0.5325,53.3
MFML,0.321,32.1
MFSL,0.4977,49.8
MGEL,0.2099,21.0
MGL,0.4138,41.4
MHLXMIRU,0.7479,74.8
MHRIL,0.3495,34.9
MICEL,0.349,34.9
MID150,0.1488,14.9
MID150BEES,0.3792,37.9
MID150CASE,0.1816,18.2
MIDCAP,0.5753,57.5
MIDCAPADD,0.3155,31.6
MIDCAPBETA,0.6462,64.6
MIDCAPETF,0.2828,28.3
MIDCAPIETF,0.2641,26.4
MIDHANI,0.5211,52.1
MIDQ50ADD,0.3589,35.9
MIDSELIETF,0.1646,16.5
MIDSMALL,0.368,36.8
MIDWESTLTD,0.5421,54.2
MINDACORP,0.334,33.4
MINDTECK,0.562,56.2
MIRCELECTR,0.4011,40.1
MIRZAINT,0.3608,36.1
MITCON,0.3838,38.4
MITTAL,0.4077,40.8
MKPL,0.2956,29.6
MMFL,0.416,41.6
MMP,0.4313,43.1
MMTC,0.4607,46.1
MMWL,0.2089,20.9
MNC,0.2954,29.5
MOALPHA50,0.1791,17.9
MOBANK10,0.4669,46.7
MOBIKWIK,0.3959,39.6
MOCAPITAL,0.4482,44.8
MODEFENCE,0.5369,53.7
MODINATUR,0.4806,48.1
MODIRUBBER,0.3757,37.6
MODIS,0.6445,64.4
MODISONLTD,0.3988,39.9
MODTHREAD,0.2639,26.4
MOENERGY,0.5786,57.9
MOGOLD,0.2094,20.9
MOGSEC,0.0676,6.8
MOHEALTH,0.3119,31.2
MOHITIND,0.4602,46.0
MOIL,0.3353,33.5
MOINFRA,0.1782,17.8
MOIPO,0.4836,48.4
MOKSH,0.1984,19.8
MOL,0.453,45.3
MOLDTECH,0.3862,38.6
MOLDTKPAC,0.4587,45.9
MOLOWVOL,0.1622,16.2
MOM100,0.2276,22.8
MOM30IETF,0.3414,34.1
MOM50,0.2035,20.3
MOMENTUM,0.3325,33.3
MOMENTUM30,0.6015,60.1
MOMENTUM50,0.3603,36.0
MOMGF,0.3357,33.6
MOMIDMTM,0.3396,34.0
MOMNC,0.2138,21.4
MOMOMENTUM,0.4047,40.5
MON100,0.4067,40.7
MON50EQUAL,0.1164,11.6
MONARCH,0.3883,38.8
MONEXT50,0.131,13.1
MONEYBOXX,0.4211,42.1
MONIFTY100,0.5597,56.0
MONIFTY500,0.0881,8.8
MONQ50,0.2633,26.3
MONTECARLO,0.4081,40.8
MOPSE,0.3775,37.8
MOQUALITY,0.1825,18.2
MOREALTY,0.3636,36.4
MOREPENLAB,0.3642,36.4
MOSCHIP,0.4163,41.6
MOSERVICE,0.4154,41.5
MOSILVER,0.4572,45.7
MOSMALL250,0.2669,26.7
MOTHERSON,0.4107,41.1
MOTILALOFS,0.4758,47.6
MOTISONS,0.286,28.6
MOTOGENFIN,0.1947,19.5
MOTOUR,0.3379,33.8
MOVALUE,0.4207,42.1
MPHASIS,0.6679,66.8
MPSLTD,0.2667,26.7
MRF,0.5212,52.1
MRPL,0.3811,38.1
MSCI360,0.11,11.0
MSCIADD,0.2578,25.8
MSCIINDIA,0.1314,13.1
MSPL,0.384,38.4
MSTCLTD,0.5928,59.3
MSUMI,0.3429,34.3
MTARTECH,0.5613,56.1
MTNL,0.3845,38.4
MUFIN,0.4697,47.0
MUFTI,0.4038,40.4
MUKANDLTD,0.3976,39.8
MUKKA,0.3228,32.3
MUKTAARTS,0.2069,20.7
MULTICAP,0.1781,17.8
MUNJALAU,0.3062,30.6
MUNJALSHOW,0.2393,23.9
MURUDCERA,0.1719,17.2
MUTHOOTCAP,0.5124,51.2
MUTHOOTFIN,0.4283,42.8
MUTHOOTMF,0.5535,55.4
MVGJL,0.3752,37.5
MWL,0.5942,59.4
NACLIND,0.3507,35.1
NAGAFERT,0.2398,24.0
NAGREEKCAP,0.4761,47.6
NAGREEKEXP,0.3792,37.9
NAHARCAP,0.6354,63.5
NAHARINDUS,0.2186,21.9
NAHARPOLY,0.3159,31.6
NAHARSPING,0.3053,30.5
NAM-INDIA,0.5541,55.4
NARMADA,0.5192,51.9
NATCAPSUQ,0.5004,50.0
NATCOPHARM,0.3782,37.8
NATHBIOGEN,0.4218,42.2
NATIONALUM,0.4586,45.9
NATIONSTD,0.6157,61.6
NAUKRI,0.5782,57.8
NAVA,0.4159,41.6
NAVINFLUOR,0.5545,55.5
NAVKARCORP,0.3247,32.5
NAVKARURB,0.231,23.1
NAVNETEDUL,0.4193,41.9
NAZARA,0.4968,49.7
NBCC,0.4261,42.6
NBIFIN,0.5156,51.6
NCC,0.3681,36.8
NCLIND,0.1474,14.7
NDGL,0.4427,44.3
NDL,0.4334,43.3
NDLVENTURE,0.4752,47.5
NDRAUTO,0.461,46.1
NDTV,0.2788,27.9
NEAGI,0.1288,12.9
NECCLTD,0.2541,25.4
NECLIFE,0.3274,32.7
NELCAST,0.5384,53.8
NELCO,0.5396,54.0
NEOGEN,0.4339,43.4
NEPHROPLUS,0.5988,59.9
NESCO,0.3575,35.7
NESTLEIND,0.5402,54.0
NETF,0.3684,36.8
NETWEB,0.5623,56.2
NETWORK18,0.2873,28.7
NEULANDLAB,0.5385,53.8
NEWGEN,0.4536,45.4
NEXT30ADD,0.2458,24.6
NEXT50,0.3584,35.8
NEXT50ADD,0.4014,40.1
NEXT50BETA,0.2301,23.0
NEXT50ETF,0.2236,22.4
NEXT50IETF,0.2534,25.3
NEXTMEDIA,0.5781,57.8
NFL,0.3096,31.0
NGIL,0.2134,21.3
NGLFINE,0.5351,53.5
NH,0.5323,53.2
NHPC,0.3221,32.2
NIACL,0.364,36.4
NIBE,0.5476,54.8
NIBL,0.2959,29.6
NIF100BEES,0.3963,39.6
NIF100IETF,0.3142,31.4
NIF10GETF,0.443,44.3
NIF5GETF,0.3774,37.7
NIFITETF,0.38,38.0
NIFMID150,0.4154,41.5
NIFTY1,0.2788,27.9
NIFTY100EW,0.134,13.4
NIFTY50ADD,0.3846,38.5
NIFTYADD,0.6668,66.7
NIFTYBEES,0.4478,44.8
NIFTYBETA,0.6454,64.5
NIFTYBETF,0.267,26.7
NIFTYCASE,0.505,50.5
NIFTYETF,0.3988,39.9
NIFTYIETF,0.4554,45.5
NIFTYQLITY,0.3044,30.4
NIITLTD,0.4902,49.0
NIITMTS,0.7067,70.7
NILAINFRA,0.5159,51.6
NILASPACES,0.5133,51.3
NILE,0.634,63.4
NILKAMAL,0.4326,43.3
NIMBSPROJ,0.2089,20.9
NINSYS,0.4553,45.5
NIPPOBATRY,0.456,45.6
NIRAJ,0.1763,17.6
NIRAJISPAT,0.4261,42.6
NIRLON,0.561,56.1
NITCO,0.4843,48.4
NITINSPIN,0.5429,54.3
NITIRAJ,0.1457,14.6
NITTAGELA,0.3833,38.3
NIVABUPA,0.3131,31.3
NKIND,0.1988,19.9
NLCINDIA,0.472,47.2
NMDC,0.4398,44.0
NOCIL,0.4283,42.8
NOIDATOLL,0.44,44.0
NORBTEAEXP,0.603,60.3
NORTHARC,0.5054,50.5
NOVAAGRI,0.4814,48.1
NOVARTIND,0.4218,42.2
NPBET,0.3881,38.8
NPST,0.5339,53.4
NRAIL,0.4572,45.7
NRBBEARING,0.5623,56.2
NRL,0.3665,36.7
NSIL,0.5312,53.1
NSLNISP,0.2701,27.0
NTPC,0.3993,39.9
NTPCGREEN,0.3115,31.1
NUCLEUS,0.3113,31.1
NURECA,0.4042,40.4
NUVAMA,0.606,60.6
NUVOCO,0.444,44.4
NV20,0.7263,72.6
NV20BEES,0.3092,30.9
NV20IETF,0.308,30.8
NYKAA,0.5587,55.9
OAL,0.2392,23.9
OBCL,0.2682,26.8
OBEROIRLTY,0.5398,54.0
OCCLLTD,0.3316,33.2
ODIGMA,0.3591,35.9
OFSS,0.5434,54.3
OIL,0.3107,31.1
OILCOUNTUB,0.1487,14.9
OILIETF,0.302,30.2
OLAELEC,0.5987,59.9
OLECTRA,0.5148,51.5
OMAXAUTO,0.4749,47.5
OMAXE,0.1814,18.1
OMFREIGHT,0.3564,35.6
OMINFRAL,0.3825,38.2
OMNI,0.394,39.4
OMPOWER,0.1204,12.0
ONELIFECAP,0.4052,40.5
ONEPOINT,0.2995,30.0
ONESOURCE,0.472,47.2
ONGC,0.2317,23.2
ONMOBILE,0.4528,45.3
ONWARDTEC,0.4642,46.4
OPTIEMUS,0.4199,42.0
ORBTEXP,0.3618,36.2
ORCHASP,0.3636,36.4
ORCHPHARMA,0.4531,45.3
ORICONENT,0.427,42.7
ORIENTALTL,0.4694,46.9
ORIENTBELL,0.4167,41.7
ORIENTCEM,0.515,51.5
ORIENTCER,0.2648,26.5
ORIENTELEC,0.3991,39.9
ORIENTHOT,0.4158,41.6
ORIENTLTD,0.3347,33.5
ORIENTPPR,0.5037,50.4
ORIENTTECH,0.5159,51.6
ORISSAMINE,0.5257,52.6
ORKLAINDIA,0.6569,65.7
ORTINGLOBE,0.3147,31.5
OSIAHYPER,0.3807,38.1
OSWALAGRO,0.4805,48.1
OSWALGREEN,0.3531,35.3
OSWALPUMPS,0.4555,45.5
OSWALSEEDS,0.577,57.7
PACEDIGITK,0.6084,60.8
PAGEIND,0.4997,50.0
PAISALO,0.5949,59.5
PAKKA,0.5637,56.4
PALASHSECU,0.4417,44.2
PALREDTEC,0.3327,33.3
PANACEABIO,0.5588,55.9
PANACHE,0.5434,54.3
PANAMAPET,0.4697,47.0
PANSARI,0.3192,31.9
PAR,0.4623,46.2
PARACABLES,0.5601,56.0
PARADEEP,0.4012,40.1
PARAGMILK,0.4059,40.6
PARAS,0.481,48.1
PARASPETRO,0.4921,49.2
PARKHOSPS,0.554,55.4
PARKHOTELS,0.4035,40.4
PARSVNATH,0.3486,34.9
PASHUPATI,0.3719,37.2
PASUPTAC,0.3473,34.7
PATANJALI,0.39,39.0
PATELENG,0.5017,50.2
PATELRMART,0.4073,40.7
PATINTLOG,0.1637,16.4
PAUSHAKLTD,0.636,63.6
PAVNAIND,0.4279,42.8
PAYTM,0.5008,50.1
PCBL,0.4511,45.1
PCJEWELLER,0.4313,43.1
PDMJEPAPER,0.345,34.5
PDSL,0.4365,43.6
PEARLPOLY,0.2347,23.5
PEL,0.581,58.1
PENIND,0.4494,44.9
PENINLAND,0.61,61.0
PERSISTENT,0.5304,53.0
PETRONET,0.3299,33.0
PFC,0.4394,43.9
PFIZER,0.3819,38.2
PFOCUS,0.3759,37.6
PFS,0.2387,23.9
PGEL,0.4318,43.2
PGHH,0.7205,72.1
PGHL,0.1245,12.5
PGIL,0.4639,46.4
PHARMABEES,0.2799,28.0
PHOENIXLTD,0.5004,50.0
PICCADIL,0.3755,37.5
PIDILITIND,0.3956,39.6
PIGL,0.5298,53.0
PIIND,0.5191,51.9
PILANIINVS,0.4086,40.9
PILITA,0.4155,41.5
PINELABS,0.5398,54.0
PIONEEREMB,0.4249,42.5
PIONRINV,0.3068,30.7
PIRAMALFIN,0.5337,53.4
PITTIENG,0.5123,51.2
PIXTRANS,0.5466,54.7
PKTEA,0.5338,53.4
PLASTIBLEN,0.4616,46.2
PLATIND,0.3895,38.9
PLAZACABLE,0.4947,49.5
PML,0.5124,51.2
PNB,0.3536,35.4
PNBGILTS,0.4894,48.9
PNBHOUSING,0.5481,54.8
PNC,0.3173,31.7
PNCINFRA,0.4385,43.9
PNGJL,0.4728,47.3
PNGSREVA,0.4192,41.9
POCL,0.5429,54.3
PODDARMENT,0.3347,33.5
POKARNA,0.5648,56.5
POLICYBZR,0.4386,43.9
POLYCAB,0.4868,48.7
POLYMED,0.4644,46.4
POLYPLEX,0.5342,53.4
PONNIERODE,0.2684,26.8
POONAWALLA,0.3936,39.4
POWERGRID,0.4234,42.3
POWERICA,0.5507,55.1
POWERINDIA,0.6497,65.0
POWERMECH,0.5203,52.0
PPAP,0.4292,42.9
PPL,0.5442,54.4
PPLPHARMA,0.3762,37.6
PRABHA,0.3398,34.0
PRADPME,0.5541,55.4
PRAENG,0.5243,52.4
PRAJIND,0.4178,41.8
PRAKASH,0.415,41.5
PRAKASHSTL,0.3644,36.4
PRAVEG,0.6326,63.3
PRAXIS,0.3176,31.8
PRECAM,0.3858,38.6
PRECOT,0.5857,58.6
PRECWIRE,0.6929,69.3
PREMCO,0.624,62.4
PREMEXPLN,0.6226,62.3
PREMIERENE,0.5786,57.9
PREMIERPOL,0.2694,26.9
PRESTIGE,0.4533,45.3
PRICOLLTD,0.2917,29.2
PRIMESECU,0.3533,35.3
PRIMO,0.171,17.1
PRINCEPIPE,0.2017,20.2
PRITI,0.5381,53.8
PRITIKAUTO,0.439,43.9
PRIVISCL,0.5424,54.2
PROSTARM,0.2627,26.3
PROTEAN,0.4904,49.0
PROZONER,0.3137,31.4
PRSMJOHNSN,0.1992,19.9
PRUDENT,0.5977,59.8
PRUDMOULI,0.4517,45.2
PSB,0.3171,31.7
PSPPROJECT,0.485,48.5
PSUBANK,0.1422,14.2
PSUBANKADD,0.2444,24.4
PSUBNKBEES,0.3492,34.9
PSUBNKIETF,0.3236,32.4
PTC,0.4032,40.3
PTCIL,0.3997,40.0
PTL,0.3511,35.1
PUNJABCHEM,0.4408,44.1
PURVA,0.3285,32.8
PVP,0.5756,57.6
PVRINOX,0.3989,39.9
PVSL,0.4309,43.1
PVTBANIETF,0.1431,14.3
PVTBANKADD,0.3496,35.0
PVTBKGROWW,0.154,15.4
PWL,0.5212,52.1
PYRAMID,0.3009,30.1
QGOLDHALF,0.3521,35.2
QMSMEDI,0.1449,14.5
QNIFTY,0.7586,75.9
QPOWER,0.4054,40.5
QUADFUTURE,0.5295,53.0
QUAL30IETF,0.2286,22.9
QUALITY30,0.3042,30.4
QUESS,0.5316,53.2
QUICKHEAL,0.4233,42.3
QUINT,0.3129,31.3
RACE,0.3739,37.4
RACLGEAR,0.604,60.4
RADAAN,0.3233,32.3
RADHIKAJWE,0.509,50.9
RADIANTCMS,0.4112,41.1
RADICO,0.5398,54.0
RADIOCITY,0.3007,30.1
RAILTEL,0.4367,43.7
RAIN,0.5695,57.0
RAINBOW,0.4985,49.8
RAJESHEXPO,0.342,34.2
RAJMET,0.3374,33.7
RAJOOENG,0.5824,58.2
RAJPALAYAM,0.5187,51.9
RAJRATAN,0.4719,47.2
RAJSREESUG,0.3309,33.1
RAJTV,0.1557,15.6
RALLIS,0.338,33.8
RAMANEWS,0.3415,34.1
RAMAPHO,0.5676,56.8
RAMASTEEL,0.4901,49.0
RAMCOCEM,0.4868,48.7
RAMCOIND,0.3523,35.2
RAMCOSYS,0.4413,44.1
RAMKY,0.4538,45.4
RAMRAT,0.5884,58.8
RANASUG,0.2888,28.9
RANEHOLDIN,0.5505,55.0
RATEGAIN,0.5352,53.5
RATNAMANI,0.455,45.5
RATNAVEER,0.5497,55.0
RAYMOND,0.5089,50.9
RAYMONDLSL,0.3324,33.2
RAYMONDREL,0.4798,48.0
RBA,0.5535,55.4
RBLBANK,0.5756,57.6
RBZJEWEL,0.2272,22.7
RCF,0.2892,28.9
RECLTD,0.4628,46.3
REDINGTON,0.3947,39.5
REDTAPE,0.2088,20.9
REFEX,0.5252,52.5
REGAAL,0.3878,38.8
REGENCERAM,0.2011,20.1
RELAXO,0.3262,32.6
RELCHEMQ,0.1426,14.3
RELIABLE,0.3765,37.6
RELIANCE,0.4225,42.2
RELIGARE,0.4011,40.1
RELTD,0.4509,45.1
REMSONSIND,0.5429,54.3
RENUKA,0.2873,28.7
REPCOHOME,0.4451,44.5
REPL,0.5469,54.7
REPRO,0.4099,41.0
RESPONIND,0.341,34.1
RETAIL,0.3895,38.9
RGL,0.3181,31.8
RHETAN,0.5403,54.0
RHFL,0.2089,20.9
RHIM,0.2509,25.1
RHL,0.2774,27.7
RICOAUTO,0.5529,55.3
RIIL,0.3124,31.2
RISHABH,0.3661,36.6
RITCO,0.2804,28.0
RITES,0.3228,32.3
RKDL,0.4137,41.4
RKEC,0.7467,74.7
RKFORGE,0.4072,40.7
RKSWAMY,0.265,26.5
RMC,0.1589,15.9
RMDRIP,0.4115,41.1
RML,0.5436,54.4
RNBDENIMS,0.4449,44.5
ROHLTD,0.4357,43.6
ROLEXRINGS,0.531,53.1
ROLLT,0.2593,25.9
ROML,0.6223,62.2
ROSSARI,0.3846,38.5
ROSSELLIND,0.4072,40.7
ROSSTECH,0.5959,59.6
ROTO,0.3571,35.7
ROUTE,0.4936,49.4
RPEL,0.5511,55.1
RPGLIFE,0.4169,41.7
RPOWER,0.6916,69.2
RPPINFRA,0.6081,60.8
RPPL,0.4667,46.7
RPSGVENT,0.4429,44.3
RPTECH,0.4718,47.2
RRIL,0.5093,50.9
RRKABEL,0.5392,53.9
RSDFIN,0.1227,12.3
RSL,0.4766,47.7
RSSOFTWARE,0.2577,25.8
RSWM,0.3489,34.9
RSYSTEMS,0.6565,65.6
RTNINDIA,0.4714,47.1
RTNPOWER,0.2768,27.7
RUBFILA,0.3766,37.7
RUBICON,0.2105,21.0
RUBYMILLS,0.355,35.5
RUCHINFRA,0.3387,33.9
RUCHIRA,0.3876,38.8
RUDRA,0.3121,31.2
RUPA,0.3927,39.3
RUSHIL,0.4095,40.9
RUSTOMJEE,0.3566,35.7
RVHL,0.5906,59.1
RVNL,0.525,52.5
RVTH,0.3836,38.4
S&SPOWER,0.5707,57.1
SAATVIKGL,0.5943,59.4
SABTNL,0.4829,48.3
SADBHAV,0.4569,45.7
SADBHIN,0.3071,30.7
SADHNANIQ,0.3198,32.0
SAFARI,0.5481,54.8
SAGARDEEP,0.1676,16.8
SAGCEM,0.463,46.3
SAGILITY,0.4402,44.0
SAHLIBHFI,0.4991,49.9
SAHYADRI,0.479,47.9
SAIL,0.5219,52.2
SAILIFE,0.537,53.7
SAIPARENT,0.3117,31.2
SAKAR,0.51,51.0
SAKHTISUG,0.3329,33.3
SAKSOFT,0.6025,60.3
SAKUMA,0.2479,24.8
SALASAR,0.2912,29.1
SALONA,0.203,20.3
SALSTEEL,0.3252,32.5
SALZERELEC,0.402,40.2
SAMBHAAV,0.6551,65.5
SAMBHV,0.4149,41.5
SAMHI,0.4287,42.9
SAMMAANCAP,0.3348,33.5
SAMPANN,0.2843,28.4
SANATHAN,0.3821,38.2
SANDESH,0.3081,30.8
SANDHAR,0.5511,55.1
SANDUMA,0.4271,42.7
SANGAMIND,0.3657,36.6
SANGHIIND,0.4938,49.4
SANGHVIMOV,0.4646,46.5
SANGINITA,0.3549,35.5
SANOFI,0.6061,60.6
SANOFICONR,0.4798,48.0
SANSERA,0.5701,57.0
SANSTAR,0.2349,23.5
SAPPHIRE,0.3075,30.8
SAPPL,0.6533,65.3
SARDAEN,0.5713,57.1
SAREGAMA,0.2849,28.5
SARLAPOLY,0.3776,37.8
SARVESHWAR,0.2391,23.9
SASKEN,0.4474,44.7
SASTASUNDR,0.21,21.0
SATIA,0.4506,45.1
SATIN,0.5885,58.8
SAURASHCEM,0.6001,60.0
SAYAJIHOTL,0.1481,14.8
SBC,0.5756,57.6
SBCL,0.5648,56.5
SBFC,0.3498,35.0
SBGLP,0.4194,41.9
SBIBPB,0.2054,20.5
SBICARD,0.7325,73.3
SBIETFCON,0.3507,35.1
SBIETFIT,0.4579,45.8
SBIETFPB,0.3518,35.2
SBIETFQLTY,0.1725,17.3
SBILIFE,0.4449,44.5
SBILIQETF,0.0156,1.6
SBIMIDMOM,0.6086,60.9
SBIN,0.5064,50.6
SBINEQWETF,0.2621,26.2
SBINMID150,0.3953,39.5
SBISILVER,0.4609,46.1
SBISMLETF,0.2195,21.9
SBIVALETF,0.1227,12.3
SCANSTL,0.4802,48.0
SCHAEFFLER,0.4529,45.3
SCHAND,0.315,31.5
SCHNEIDER,0.5403,54.0
SCI,0.5512,55.1
SCILAL,0.3454,34.5
SCODATUBES,0.3991,39.9
SCPL,0.5725,57.2
SDBL,0.5908,59.1
SDL26BEES,0.1027,10.3
SEAMECLTD,0.5328,53.3
SECMARK,0.6155,61.5
SECURKLOUD,0.4892,48.9
SEDEMAC,0.3315,33.2
SEIL,0.6752,67.5
SEJALLTD,0.4655,46.5
SELAN,0.3747,37.5
SELECTIPO,0.2936,29.4
SELMC,0.4546,45.5
SEMAC,0.4487,44.9
SENCO,0.456,45.6
SENORES,0.5078,50.8
SENSEXADD,0.2419,24.2
SENSEXBETA,0.5801,58.0
SENSEXETF,0.395,39.5
SENSEXIETF,0.3916,39.2
SEPC,0.6392,63.9
SEQUENT,0.551,55.1
SERVOTECH,0.5563,55.6
SESHAPAPER,0.3943,39.4
SETCO,0.5035,50.3
SETF10GILT,0.2975,29.8
SETFGOLD,0.3659,36.6
SETFNIF50,0.4138,41.4
SETFNIFBK,0.4174,41.7
SETFNN50,0.3784,37.8
SETL,0.4423,44.2
SFL,0.5119,51.2
SGFIN,0.5452,54.5
SGIL,0.3129,31.3
SGL,0.2958,29.6
SGLTL,0.3238,32.4
SGMART,0.6137,61.4
SHADOWFAX,0.4664,46.6
SHAH,0.2098,21.0
SHAHALLOYS,0.386,38.6
SHAILY,0.5161,51.6
SHAKTIPUMP,0.4062,40.6
SHALBY,0.228,22.8
SHALPAINTS,0.4969,49.7
SHANKARA,0.4467,44.7
SHANTI,0.1216,12.2
SHANTIGEAR,0.3567,35.7
SHANTIGOLD,0.4707,47.1
SHARDACROP,0.3527,35.3
SHARDAMOTR,0.4905,49.1
SHARDUL,0.5316,53.2
SHAREINDIA,0.3217,32.2
SHARIABEES,0.3594,35.9
SHBAJRG,0.576,57.6
SHEKHAWATI,0.3886,38.9
SHEMAROO,0.3584,35.8
SHILCTECH,0.5628,56.3
SHILPAMED,0.5099,51.0
SHINDL,0.6306,63.1
SHIVALIK,0.6689,66.9
SHIVAMAUTO,0.2704,27.0
SHIVAMILLS,0.1405,14.1
SHIVATEX,0.3467,34.7
SHIVAUM,0.3389,33.9
SHK,0.5673,56.7
SHOPERSTOP,0.3274,32.7
SHRADHA,0.2347,23.5
SHREDIGCEM,0.2402,24.0
SHREECEM,0.5009,50.1
SHREEJISPG,0.5839,58.4
SHREEPUSHK,0.4526,45.3
SHREERAMA,0.4211,42.1
SHRENIK,0.3223,32.2
SHREYANIND,0.6468,64.7
SHRIKRISH,0.5704,57.0
SHRINGARMS,0.4113,41.1
SHRIPISTON,0.613,61.3
SHRIRAMFIN,0.5486,54.9
SHRIRAMPPS,0.3333,33.3
SHYAMCENT,0.2992,29.9
SHYAMMETL,0.4692,46.9
SHYAMTEL,0.5274,52.7
SICAGEN,0.5283,52.8
SIEMENS,0.5443,54.4
SIGACHI,0.522,52.2
SIGIND,0.2578,25.8
SIGMA,0.5846,58.5
SIGMAADV,0.3626,36.3
SIGNATURE,0.4662,46.6
SIGNPOST,0.2601,26.0
SIKA,0.5573,55.7
SIKKO,0.51,51.0
SIL,0.3132,31.3
SILGO,0.4261,42.6
SILINV,0.4061,40.6
SILLYMONKS,0.5256,52.6
SILVER,0.452,45.2
SILVER1,0.6743,67.4
SILVER360,0.4499,45.0
SILVERADD,0.4577,45.8
SILVERAG,0.3946,39.5
SILVERBEES,0.4658,46.6
SILVERBETA,0.6391,63.9
SILVERBND,0.6535,65.4
SILVERCASE,0.341,34.1
SILVERETF,0.4965,49.6
SILVERIETF,0.4561,45.6
SILVERTUC,0.6438,64.4
SILVRETF,0.4378,43.8
SIMPLEXINF,0.5422,54.2
SINCLAIR,0.2482,24.8
SINDHUTRAD,0.3096,31.0
SINGERIND,0.6083,60.8
SINTERCOM,0.688,68.8
SIRCA,0.4636,46.4
SIS,0.5371,53.7
SIYSIL,0.3379,33.8
SJS,0.5287,52.9
SJVN,0.3288,32.9
SKFINDIA,0.7773,77.7
SKFINDUS,0.5459,54.6
SKIPPER,0.4785,47.9
SKMEGGPROD,0.1993,19.9
SKYGOLD,0.6203,62.0
SMALL250,0.3477,34.8
SMALLADD,0.4435,44.3
SMALLCAP,0.3086,30.9
SMALLGROWW,0.1677,16.8
SMALLIETF,0.1623,16.2
SMARTLINK,0.3174,31.7
SMARTWORKS,0.4151,41.5
SMCGLOBAL,0.3059,30.6
SML100CASE,0.0639,6.4
SMLISUZU,0.4674,46.7
SMLMAH,0.6264,62.6
SMLT,0.4236,42.4
SMSLIFE,0.3653,36.5
SMSPHARMA,0.3877,38.8
SNOWMAN,0.3791,37.9
SNXT30BEES,0.2964,29.6
SNXT50BETA,0.5634,56.3
SOBHA,0.4623,46.2
SOFTTECH,0.368,36.8
SOLARA,0.4064,40.6
SOLARINDS,0.4637,46.4
SOLARWORLD,0.534,53.4
SOLEX,0.6666,66.7
SOMANYCERA,0.3106,31.1
SOMATEX,0.5771,57.7
SOMICONVEY,0.4194,41.9
SONACOMS,0.5875,58.7
SONAL,0.1493,14.9
SONAMLTD,0.4788,47.9
SONATSOFTW,0.3956,39.6
SOTL,0.4715,47.2
SOUTHBANK,0.5304,53.0
SOUTHWEST,0.5832,58.3
SPAL,0.5506,55.1
SPANDANA,0.501,50.1
SPARC,0.5311,53.1
SPCENET,0.6339,63.4
SPECIALITY,0.5103,51.0
SPECTRUM,0.5508,55.1
SPENCERS,0.3544,35.4
SPIC,0.3853,38.5
SPLIL,0.3119,31.2
SPLPETRO,0.4596,46.0
SPMLINFRA,0.3779,37.8
SPORTKING,0.5625,56.2
SRD,0.5872,58.7
SREEL,0.3111,31.1
SRF,0.4613,46.1
SRGHFL,0.3325,33.3
SRHHYPOLTD,0.3041,30.4
SRM,0.2633,26.3
SRTL,0.6026,60.3
SSDL,0.5572,55.7
SSWL,0.3775,37.7
STALLION,0.5686,56.9
STANLEY,0.7286,72.9
STAR,0.6189,61.9
STARCEMENT,0.3003,30.0
STARHEALTH,0.4849,48.5
STARPAPER,0.3858,38.6
STARTECK,0.3718,37.2
STCINDIA,0.296,29.6
STEELCAS,0.3773,37.7
STEELCITY,0.2588,25.9
STEELXIND,0.3766,37.7
STEL,0.4016,40.2
STERTOOLS,0.2946,29.5
STLNETWORK,0.4066,40.7
STLTECH,0.4116,41.2
STOVEKRAFT,0.3541,35.4
STUDDS,0.424,42.4
STYL,0.5065,50.7
STYLAMIND,0.5951,59.5
STYLEBAAZA,0.29,29.0
STYRENIX,0.5236,52.4
SUBEXLTD,0.3406,34.1
SUBROS,0.4231,42.3
SUDARCOLOR,0.6436,64.4
SUDARSCHEM,0.4384,43.8
SUDEEPPHRM,0.4449,44.5
SUKHJITS,0.3229,32.3
SULA,0.5704,57.0
SUMEETINDS,0.5921,59.2
SUMICHEM,0.4259,42.6
SUMIT,0.3124,31.2
SUMMITSEC,0.4346,43.5
SUNCLAY,0.4544,45.4
SUNDARAM,0.4059,40.6
SUNDARMFIN,0.4208,42.1
SUNDARMHLD,0.2996,30.0
SUNDRMBRAK,0.3546,35.5
SUNDRMFAST,0.5337,53.4
SUNDROP,0.4706,47.1
SUNFLAG,0.4532,45.3
SUNPHARMA,0.4994,49.9
SUNTECK,0.5641,56.4
SUNTV,0.4638,46.4
SUPERHOUSE,0.258,25.8
SUPERSPIN,0.6299,63.0
SUPRAJIT,0.4206,42.1
SUPREME,0.4706,47.1
SUPREMEIND,0.5266,52.7
SUPREMEINF,0.2089,20.9
SUPRIYA,0.3855,38.5
SURAJEST,0.5431,54.3
SURAJLTD,0.3639,36.4
SURAKSHA,0.3437,34.4
SURANASOL,0.3253,32.5
SURANAT&P,0.2592,25.9
SURYALA,0.3227,32.3
SURYALAXMI,0.4537,45.4
SURYAROSNI,0.3896,39.0
SURYODAY,0.472,47.2
SUTLEJTEX,0.4984,49.8
SUVEN,0.5635,56.3
SUVIDHAA,0.5817,58.2
SUYOG,0.6047,60.5
SUZLON,0.3662,36.6
SVLL,0.4007,40.1
SVPGLOB,0.2706,27.1
SWANCORP,0.5819,58.2
SWANENERGY,0.389,38.9
SWARAJENG,0.5172,51.7
SWELECTES,0.2499,25.0
SWIGGY,0.7319,73.2
SWSOLAR,0.5337,53.4
SYMPHONY,0.5269,52.7
SYNCOMF,0.3395,33.9
SYNGENE,0.5808,58.1
SYRMA,0.5591,55.9
SYSTMTXC,0.4008,40.1
TAALTECH,0.6212,62.1
TAINWALCHM,0.3079,30.8
TAJGVK,0.3447,34.5
TAKE,0.2089,20.9
TALBROAUTO,0.4779,47.8
TAMBOLIIN,0.5144,51.4
TANLA,0.4095,40.9
TARACHAND,0.4743,47.4
TARAPUR,0.4973,49.7
TARC,0.4343,43.4
TARIL,0.3121,31.2
TARMAT,0.2273,22.7
TARSONS,0.4209,42.1
TASTYBITE,0.453,45.3
TATACAP,0.4557,45.6
TATACHEM,0.3755,37.6
TATACOMM,0.5816,58.2
TATACONSUM,0.4287,42.9
TATAELXSI,0.4847,48.5
TATAGOLD,0.2596,26.0
TATAINVEST,0.3583,35.8
TATAMOTORS,0.2683,26.8
TATAPOWER,0.3598,36.0
TATASTEEL,0.2832,28.3
TATATECH,0.6556,65.6
TATSILV,0.3418,34.2
TATVA,0.4433,44.3
TBOTEK,0.3754,37.5
TBZ,0.3992,39.9
TCC,0.5803,58.0
TCI,0.4915,49.2
TCIEXP,0.4224,42.2
TCIFINANCE,0.4824,48.2
TCPLPACK,0.4277,42.8
TCS,0.6185,61.9
TDPOWERSYS,0.6847,68.5
TEAMGTY,0.357,35.7
TEAMLEASE,0.3427,34.3
TECH,0.477,47.7
TECHM,0.5044,50.4
TECHNOE,0.4495,45.0
TECHNVISN,0.4837,48.4
TECILCHEM,0.3207,32.1
TEGA,0.3671,36.7
TEJASNET,0.6007,60.1
TEMBO,0.307,30.7
TENNIND,0.6267,62.7
TERASOFT,0.5164,51.6
TEXINFRA,0.4058,40.6
TEXMOPIPES,0.3229,32.3
TEXRAIL,0.3775,37.7
TFCILTD,0.4235,42.4
TFL,0.3328,33.3
TGBHOTELS,0.3211,32.1
THACKER,0.2089,20.9
THAKDEV,0.2089,20.9
THANGAMAYL,0.4891,48.9
THEINVEST,0.5007,50.1
THEJO,0.3979,39.8
THELEELA,0.4857,48.6
THEMISMED,0.4119,41.2
THERMAX,0.4515,45.1
THOMASCOOK,0.2284,22.8
THOMASCOTT,0.4268,42.7
THYROCARE,0.494,49.4
TI,0.483,48.3
TICL,0.5952,59.5
TIGERLOGS,0.395,39.5
TIIL,0.5257,52.6
TIINDIA,0.4791,47.9
TIJARIA,0.6182,61.8
TIL,0.4833,48.3
TIMESGTY,0.4452,44.5
TIMETECHNO,0.4269,42.7
TIMEX,0.5597,56.0
TIMKEN,0.4977,49.8
TINNARUBR,0.4786,47.9
TIPSFILMS,0.4215,42.2
TIPSMUSIC,0.5524,55.2
TIRUMALCHM,0.3583,35.8
TIRUPATIFL,0.5651,56.5
TITAGARH,0.4934,49.3
TITAN,0.5303,53.0
TMB,0.5335,53.3
TMCV,0.5274,52.7
TMPV,0.6754,67.5
TNIDETF,0.3826,38.3
TNPETRO,0.5,50.0
TNPL,0.3077,30.8
TNTELE,0.5909,59.1
TOKYOPLAST,0.323,32.3
TOLINS,0.5773,57.7
TOP100CASE,0.2742,27.4
TOP10ADD,0.3606,36.1
TOP15IETF,0.3076,30.8
TOP20,0.3209,32.1
TORNTPHARM,0.5656,56.6
TORNTPOWER,0.4658,46.6
TOTAL,0.4683,46.8
TOUCHWOOD,0.4518,45.2
TPHQ,0.3327,33.3
TPLPLASTEH,0.3872,38.7
TRACXN,0.5309,53.1
TRANSPEK,0.7091,70.9
TRANSRAILL,0.4797,48.0
TRANSWORLD,0.2182,21.8
TRAVELFOOD,0.4391,43.9
TREEHOUSE,0.5981,59.8
TREJHARA,0.6603,66.0
TREL,0.3312,33.1
TRENT,0.5452,54.5
TRF,0.4173,41.7
TRIDENT,0.3137,31.4
TRIGYN,0.3035,30.4
TRITURBINE,0.5591,55.9
TRIVENI,0.4746,47.5
TRU,0.5522,55.2
TRUALT,0.4695,47.0
TSFINV,0.6204,62.0
TTKHLTCARE,0.4803,48.0
TTKPRESTIG,0.2945,29.4
TTL,0.4973,49.7
TTML,0.3719,37.2
TURTLEMINT,0.1288,12.9
TVSELECT,0.5548,55.5
TVSHLTD,0.4722,47.2
TVSMOTOR,0.462,46.2
TVSSCS,0.5523,55.2
TVSSRICHAK,0.2323,23.2
TVTODAY,0.3988,39.9
TVVISION,0.5774,57.7
TWCGOLDETF,0.4961,49.6
UBL,0.5688,56.9
UCAL,0.4898,49.0
UCOBANK,0.2192,21.9
UDAICEMENT,0.2754,27.5
UDS,0.1564,15.6
UEL,0.5776,57.8
UFBL,0.5817,58.2
UFLEX,0.214,21.4
UFO,0.4281,42.8
UGARSUGAR,0.2755,27.5
UGROCAP,0.6989,69.9
UJJIVANSFB,0.3097,31.0
ULTRACEMCO,0.4942,49.4
ULTRAMAR,0.6144,61.4
UMAEXPORTS,0.4301,43.0
UMESLTD,0.2392,23.9
UMIYA-MRO,0.3141,31.4
UNICHEMLAB,0.3183,31.8
UNIDT,0.2023,20.2
UNIECOM,0.2909,29.1
UNIENTER,0.3315,33.1
UNIINFO,0.3768,37.7
UNIMECH,0.5673,56.7
UNIONBANK,0.4263,42.6
UNIONGOLD,0.1861,18.6
UNIPARTS,0.513,51.3
UNITDSPR,0.4827,48.3
UNITECH,0.5646,56.5
UNITEDPOLY,0.2658,26.6
UNITEDTEA,0.2226,22.3
UNIVASTU,0.2878,28.8
UNIVCABLES,0.6161,61.6
UNIVPHOTO,0.4421,44.2
UNOMINDA,0.4394,43.9
UPL,0.4298,43.0
URAVIDEF,0.4179,41.8
URBANCO,0.371,37.1
URJA,0.328,32.8
USHAMART,0.5582,55.8
USK,0.2434,24.3
UTIAMC,0.5025,50.3
UTIBANKETF,0.3524,35.2
UTINEXT50,0.328,32.8
UTINIFTETF,0.2343,23.4
UTISENSETF,0.433,43.3
UTISXN50,0.3246,32.5
UTKARSHBNK,0.2725,27.2
UTLSOLAR,0.6057,60.6
UTTAMSUGAR,0.3985,39.8
UYFINCORP,0.6333,63.3
V2RETAIL,0.4836,48.4
VADILALIND,0.219,21.9
VAIBHAVGBL,0.4211,42.1
VAISHALI,0.1204,12.0
VAKRANGEE,0.3857,38.6
VAL30IETF,0.3351,33.5
VALIANTLAB,0.3045,30.5
VALIANTORG,0.4486,44.9
VALUE,0.2604,26.0
VAML,0.1536,15.4
VARDHACRLC,0.382,38.2
VARDMNPOLY,0.5209,52.1
VARROC,0.3787,37.9
VASCONEQ,0.4377,43.8
VASWANI,0.5767,57.7
VBL,0.4919,49.2
VCL,0.54,54.0
VEDL,0.8021,80.2
VEDPOWER,0.1536,15.4
VEEDOL,0.4637,46.4
VELJAN,0.402,40.2
VENKEYS,0.4047,40.5
VENTIVE,0.4177,41.8
VENUSPIPES,0.5727,57.3
VENUSREM,0.5317,53.2
VERANDA,0.5025,50.2
VERTOZ,0.3992,39.9
VESUVIUS,0.4656,46.6
VETO,0.2552,25.5
VGL,0.5701,57.0
VGUARD,0.3882,38.8
VHL,0.5089,50.9
VIDHIING,0.4114,41.1
VIDYAWIRES,0.5502,55.0
VIJAYA,0.3091,30.9
VIJIFIN,0.3868,38.7
VIKASECO,0.5407,54.1
VIKASLIFE,0.4885,48.8
VIKRAMSOLR,0.2669,26.7
VIKRAN,0.2692,26.9
VIMTALABS,0.4228,42.3
VINATIORGA,0.4411,44.1
VINCOFE,0.4411,44.1
VINDHYATEL,0.4844,48.4
VINEETLAB,0.3238,32.4
VINNY,0.2515,25.2
VINYLINDIA,0.4412,44.1
VIPCLOTHNG,0.1801,18.0
VIPIND,0.3372,33.7
VIPULLTD,0.5331,53.3
VIRINCHI,0.5933,59.3
VISAKAIND,0.3271,32.7
VISASTEEL,0.4583,45.8
VISHNU,0.4089,40.9
VISHWARAJ,0.535,53.5
VISL,0.1536,15.4
VITAL,0.2089,20.9
VIVIDHA,0.4748,47.5
VIVIMEDLAB,0.3154,31.5
VIYASH,0.5256,52.6
VLEGOV,0.406,40.6
VLSFINANCE,0.3934,39.3
VMART,0.5079,50.8
VMM,0.3644,36.4
VMSTMT,0.3573,35.7
VOGL,0.1536,15.4
VOLTAMP,0.4887,48.9
VOLTAS,0.4359,43.6
VPRPL,0.4721,47.2
VRAJ,0.3901,39.0
VRLLOG,0.4673,46.7
VSSL,0.224,22.4
VSTIND,0.279,27.9
VSTL,0.3833,38.3
VSTTILLERS,0.5979,59.8
VTL,0.5888,58.9
WAAREEENER,0.4655,46.5
WAAREEINDO,0.1528,15.3
WAAREERTL,0.4598,46.0
WABAG,0.5599,56.0
WAKEFIT,0.4628,46.3
WALCHANNAG,0.5882,58.8
WANBURY,0.577,57.7
WCIL,0.4273,42.7
WEALTH,0.351,35.1
WEBELSOLAR,0.421,42.1
WEIZMANIND,0.3767,37.7
WEL,0.3665,36.6
WELCORP,0.5055,50.6
WELENT,0.3764,37.6
WELINV,0.478,47.8
WELSPLSOL,0.4851,48.5
WELSPUNLIV,0.5802,58.0
WENDT,0.4442,44.4
WESTLIFE,0.4146,41.5
WEWIN,0.3797,38.0
WEWORK,0.2363,23.6
WHEELS,0.5088,50.9
WHIRLPOOL,0.4144,41.4
WILLAMAGOR,0.2978,29.8
WIMPLAST,0.2089,20.9
WINDLAS,0.4386,43.9
WINDMACHIN,0.4434,44.3
WIPL,0.405,40.5
WIPRO,0.4602,46.0
WOCKPHARMA,0.4739,47.4
WONDERLA,0.3601,36.0
WORTH,0.2683,26.8
WORTHPERI,0.3041,30.4
WPIL,0.6262,62.6
WSI,0.3307,33.1
WSTCSTPAPR,0.3183,31.8
XCHANGING,0.4551,45.5
XELPMOC,0.3241,32.4
XPROINDIA,0.5568,55.7
XTGLOBAL,0.4489,44.9
YASHO,0.425,42.5
YATHARTH,0.594,59.4
YATRA,0.5248,52.5
YESBANK,0.3857,38.6
YUKEN,0.4515,45.2
ZAGGLE,0.7956,79.6
ZEEL,0.5046,50.5
ZEELEARN,0.249,24.9
ZEEMEDIA,0.587,58.7
ZENITHEXPO,0.201,20.1
ZENITHSTL,0.3941,39.4
ZENSARTECH,0.6863,68.6
ZENTEC,0.5654,56.5
ZFCVINDIA,0.3255,32.5
ZFSTEERING,0.4597,46.0
ZIMLAB,0.4936,49.4
ZODIAC,0.5127,51.3
ZODIACLOTH,0.379,37.9
ZOTA,0.4199,42.0
ZSARACOM,0.5335,53.3
ZUARI,0.3066,30.7
ZUARIIND,0.3664,36.6
ZYDUSLIFE,0.468,46.8
ZYDUSWELL,0.5388,53.9
