symbol,date,source,headline,sentiment,sent_score,themes,signal_type,link,article_id,processed_at
COALINDIALTD,2026-07-02,MINT_MARKETS,Coal India's June supplies to power sector rise 5.9% on strong electricity demand,BULLISH,1.0,"CAPITAL_EXPENDITURE_INDUSTRY,INDIAN_ECONOMY",COMPANY_SPECIFIC|SECTOR,https://www.livemint.com/market/stock-market-news/coal-indias-june-supplies-to-power-sector-rise-5-9-on-strong-electricity-demand-11783006638264.html,https://www.livemint.com/market/stock-market-news/coal-indias-june-supplies-to-power-sector-rise-5-9-on-strong-electricity-demand-11783006638264.html,2026-07-03 04:11
HZC,2026-07-02,MINT_MARKETS,Hindustan Zinc reports record Q1 mined metal output for fifth straight year,BEARISH,-1.0,"GREEN_ENERGY,MINING",COMPANY_SPECIFIC,https://www.livemint.com/market/stock-market-news/hindustan-zinc-reports-record-q1-mined-metal-output-for-fifth-straight-year-11783002586454.html,https://www.livemint.com/market/stock-market-news/hindustan-zinc-reports-record-q1-mined-metal-output-for-fifth-straight-year-11783002586454.html,2026-07-03 04:11
INFY,2026-07-02,MINT_MARKETS,"Expert view: Broader market to remain range-bound in medium term, says SKG Investment's Director",NEUTRAL,0.0,"DEFENCE_ELECTRONICS,FINANCIALISATION,HEALTHCARE_EXPANSION",MACRO,https://www.livemint.com/market/stock-market-news/expert-view-broader-market-to-remain-range-bound-in-medium-term-says-skg-investments-director-11782990063458.html,https://www.livemint.com/market/stock-market-news/expert-view-broader-market-to-remain-range-bound-in-medium-term-says-skg-investments-director-11782990063458.html,2026-07-03 04:11
RELINFRA,2026-07-02,MINT_MARKETS,"Expert view: Broader market to remain range-bound in medium term, says SKG Investment's Director",BEARISH,-1.0,"DEFENCE_ELECTRONICS,FINANCIALISATION,HEALTHCARE_EXPANSION",MACRO,https://www.livemint.com/market/stock-market-news/expert-view-broader-market-to-remain-range-bound-in-medium-term-says-skg-investments-director-11782990063458.html,https://www.livemint.com/market/stock-market-news/expert-view-broader-market-to-remain-range-bound-in-medium-term-says-skg-investments-director-11782990063458.html,2026-07-03 04:11
CIPLA,2026-07-02,MINT_MARKETS,"Expert view: Broader market to remain range-bound in medium term, says SKG Investment's Director",BULLISH,1.0,"DEFENCE_ELECTRONICS,FINANCIALISATION,HEALTHCARE_EXPANSION",MACRO,https://www.livemint.com/market/stock-market-news/expert-view-broader-market-to-remain-range-bound-in-medium-term-says-skg-investments-director-11782990063458.html,https://www.livemint.com/market/stock-market-news/expert-view-broader-market-to-remain-range-bound-in-medium-term-says-skg-investments-director-11782990063458.html,2026-07-03 04:11
IBULHSGFIN,2026-07-02,MINT_MARKETS,"Expert view: Broader market to remain range-bound in medium term, says SKG Investment's Director",NEUTRAL,0.0,"DEFENCE_ELECTRONICS,FINANCIALISATION,HEALTHCARE_EXPANSION",MACRO,https://www.livemint.com/market/stock-market-news/expert-view-broader-market-to-remain-range-bound-in-medium-term-says-skg-investments-director-11782990063458.html,https://www.livemint.com/market/stock-market-news/expert-view-broader-market-to-remain-range-bound-in-medium-term-says-skg-investments-director-11782990063458.html,2026-07-03 04:11
INFY,2026-07-02,MINT_MARKETS,Why should you buy ETFs instead of stocks? Nithin Kamath of Zerodha explains,NEUTRAL,0.0,DIGITAL_INDIA,SECTOR,https://www.livemint.com/market/stock-market-news/why-should-you-buy-etfs-instead-of-stocks-nithin-kamath-of-zerodha-explains-11782980485821.html,https://www.livemint.com/market/stock-market-news/why-should-you-buy-etfs-instead-of-stocks-nithin-kamath-of-zerodha-explains-11782980485821.html,2026-07-03 04:11
ZENTECH,2026-07-02,MINT_MARKETS,"Top Gainers &amp; Losers on 2 July: Zensar Tech, TCS, Coforge, Apollo Tyres, Bharat Forge, Anant Raj among top gainers",BULLISH,1.0,DIGITAL_INDIA,SECTOR|MACRO,https://www.livemint.com/market/stock-market-news/top-gainers-losers-on-2-july-zensar-tech-tcs-coforge-apollo-tyres-bharat-forge-anant-raj-among-top-gainers-11782984189497.html,https://www.livemint.com/market/stock-market-news/top-gainers-losers-on-2-july-zensar-tech-tcs-coforge-apollo-tyres-bharat-forge-anant-raj-among-top-gainers-11782984189497.html,2026-07-03 04:11
TCS,2026-07-02,MINT_MARKETS,"Top Gainers &amp; Losers on 2 July: Zensar Tech, TCS, Coforge, Apollo Tyres, Bharat Forge, Anant Raj among top gainers",BULLISH,1.0,DIGITAL_INDIA,SECTOR|MACRO,https://www.livemint.com/market/stock-market-news/top-gainers-losers-on-2-july-zensar-tech-tcs-coforge-apollo-tyres-bharat-forge-anant-raj-among-top-gainers-11782984189497.html,https://www.livemint.com/market/stock-market-news/top-gainers-losers-on-2-july-zensar-tech-tcs-coforge-apollo-tyres-bharat-forge-anant-raj-among-top-gainers-11782984189497.html,2026-07-03 04:11
COFORGE,2026-07-02,MINT_MARKETS,"Top Gainers &amp; Losers on 2 July: Zensar Tech, TCS, Coforge, Apollo Tyres, Bharat Forge, Anant Raj among top gainers",BULLISH,1.0,DIGITAL_INDIA,SECTOR|MACRO,https://www.livemint.com/market/stock-market-news/top-gainers-losers-on-2-july-zensar-tech-tcs-coforge-apollo-tyres-bharat-forge-anant-raj-among-top-gainers-11782984189497.html,https://www.livemint.com/market/stock-market-news/top-gainers-losers-on-2-july-zensar-tech-tcs-coforge-apollo-tyres-bharat-forge-anant-raj-among-top-gainers-11782984189497.html,2026-07-03 04:11
APOLLOTYRE,2026-07-02,MINT_MARKETS,"Top Gainers &amp; Losers on 2 July: Zensar Tech, TCS, Coforge, Apollo Tyres, Bharat Forge, Anant Raj among top gainers",BULLISH,1.0,DIGITAL_INDIA,SECTOR|MACRO,https://www.livemint.com/market/stock-market-news/top-gainers-losers-on-2-july-zensar-tech-tcs-coforge-apollo-tyres-bharat-forge-anant-raj-among-top-gainers-11782984189497.html,https://www.livemint.com/market/stock-market-news/top-gainers-losers-on-2-july-zensar-tech-tcs-coforge-apollo-tyres-bharat-forge-anant-raj-among-top-gainers-11782984189497.html,2026-07-03 04:11
BHARATFORG,2026-07-02,MINT_MARKETS,"Top Gainers &amp; Losers on 2 July: Zensar Tech, TCS, Coforge, Apollo Tyres, Bharat Forge, Anant Raj among top gainers",BULLISH,1.0,DIGITAL_INDIA,SECTOR|MACRO,https://www.livemint.com/market/stock-market-news/top-gainers-losers-on-2-july-zensar-tech-tcs-coforge-apollo-tyres-bharat-forge-anant-raj-among-top-gainers-11782984189497.html,https://www.livemint.com/market/stock-market-news/top-gainers-losers-on-2-july-zensar-tech-tcs-coforge-apollo-tyres-bharat-forge-anant-raj-among-top-gainers-11782984189497.html,2026-07-03 04:11
ANANTRAJ,2026-07-02,MINT_MARKETS,"Top Gainers &amp; Losers on 2 July: Zensar Tech, TCS, Coforge, Apollo Tyres, Bharat Forge, Anant Raj among top gainers",BULLISH,1.0,DIGITAL_INDIA,SECTOR|MACRO,https://www.livemint.com/market/stock-market-news/top-gainers-losers-on-2-july-zensar-tech-tcs-coforge-apollo-tyres-bharat-forge-anant-raj-among-top-gainers-11782984189497.html,https://www.livemint.com/market/stock-market-news/top-gainers-losers-on-2-july-zensar-tech-tcs-coforge-apollo-tyres-bharat-forge-anant-raj-among-top-gainers-11782984189497.html,2026-07-03 04:11
TATATECH,2026-07-02,MINT_MARKETS,Tata Technologies shares jump 9% after expanding strategic partnership with Tenneco,BULLISH,1.0,"CAPEX_CYCLE,DIGITAL_INDIA,GLOBAL_ENGAGEMENT",COMPANY_SPECIFIC,https://www.livemint.com/market/stock-market-news/tata-technologies-shares-jump-9-after-expanding-strategic-partnership-with-tenneco-11782983564354.html,https://www.livemint.com/market/stock-market-news/tata-technologies-shares-jump-9-after-expanding-strategic-partnership-with-tenneco-11782983564354.html,2026-07-03 04:12
KAJARIACE,2026-07-02,MINT_MARKETS,"Kajaria Ceramics buyback opens July 3: Check key dates, price, eligibility, and more",NEUTRAL,0.0,"CAPEX_CYCLE,REAL_ESTATE_RECOVERY",COMPANY_SPECIFIC,https://www.livemint.com/market/stock-market-news/kajaria-ceramics-buyback-opens-july-3-check-key-dates-price-eligibility-and-more-11782978089215.html,https://www.livemint.com/market/stock-market-news/kajaria-ceramics-buyback-opens-july-3-check-key-dates-price-eligibility-and-more-11782978089215.html,2026-07-03 04:12
VOLTAS,2026-07-02,MINT_MARKETS,Room AC firms set to have a moment in the sun?,BULLISH,1.0,"CAPEX_CYCLE,AGRITECH,GREEN_ENERGY",COMPANY_SPECIFIC,https://www.livemint.com/market/mark-to-market/room-ac-firms-set-to-have-a-moment-in-the-sun-11782975084575.html,https://www.livemint.com/market/mark-to-market/room-ac-firms-set-to-have-a-moment-in-the-sun-11782975084575.html,2026-07-03 04:12
BLUESTAR,2026-07-02,MINT_MARKETS,Room AC firms set to have a moment in the sun?,BEARISH,-1.0,"CAPEX_CYCLE,AGRITECH,GREEN_ENERGY",COMPANY_SPECIFIC,https://www.livemint.com/market/mark-to-market/room-ac-firms-set-to-have-a-moment-in-the-sun-11782975084575.html,https://www.livemint.com/market/mark-to-market/room-ac-firms-set-to-have-a-moment-in-the-sun-11782975084575.html,2026-07-03 04:12
CONCOR,2026-07-02,MINT_MARKETS,ICICI Prudential Mutual Fund raises stake to 5.24% in Container Corporation of India,BULLISH,1.0,"FINANCIALISATION,CAPEX_CYCLE",COMPANY_SPECIFIC,https://www.livemint.com/market/stock-market-news/icici-prudential-mutual-fund-raises-stake-to-5-24-in-container-corporation-of-india-11782976943930.html,https://www.livemint.com/market/stock-market-news/icici-prudential-mutual-fund-raises-stake-to-5-24-in-container-corporation-of-india-11782976943930.html,2026-07-03 04:12
IFCI,2026-07-02,MINT_MARKETS,"Stocks to buy: Nagaraj Shetti recommends IFCI, Five-Star Business Finance shares to buy in the short-term",BULLISH,1.0,"FINANCIALISATION,EXPORT_GROWTH",COMPANY_SPECIFIC,https://www.livemint.com/market/stock-market-news/stocks-to-buy-nagaraj-shetti-recommends-ifci-five-star-business-finance-shares-to-buy-in-the-shortterm-11782974932260.html,https://www.livemint.com/market/stock-market-news/stocks-to-buy-nagaraj-shetti-recommends-ifci-five-star-business-finance-shares-to-buy-in-the-shortterm-11782974932260.html,2026-07-03 04:12
FSF,2026-07-02,MINT_MARKETS,"Stocks to buy: Nagaraj Shetti recommends IFCI, Five-Star Business Finance shares to buy in the short-term",BULLISH,1.0,"FINANCIALISATION,EXPORT_GROWTH",COMPANY_SPECIFIC,https://www.livemint.com/market/stock-market-news/stocks-to-buy-nagaraj-shetti-recommends-ifci-five-star-business-finance-shares-to-buy-in-the-shortterm-11782974932260.html,https://www.livemint.com/market/stock-market-news/stocks-to-buy-nagaraj-shetti-recommends-ifci-five-star-business-finance-shares-to-buy-in-the-shortterm-11782974932260.html,2026-07-03 04:12
IRCTC,2026-07-02,MINT_MARKETS,Can WeWork India's managed-office bet pay off?,BEARISH,-1.0,"DIGITAL_INDIA,FINANCIALISATION",COMPANY_SPECIFIC,https://www.livemint.com/market/mark-to-market/wework-india-stock-rally-managed-office-growth-11782971111171.html,https://www.livemint.com/market/mark-to-market/wework-india-stock-rally-managed-office-growth-11782971111171.html,2026-07-03 04:12
HDFC,2026-07-02,MINT_MARKETS,Can WeWork India's managed-office bet pay off?,BEARISH,-1.0,"DIGITAL_INDIA,FINANCIALISATION",COMPANY_SPECIFIC,https://www.livemint.com/market/mark-to-market/wework-india-stock-rally-managed-office-growth-11782971111171.html,https://www.livemint.com/market/mark-to-market/wework-india-stock-rally-managed-office-growth-11782971111171.html,2026-07-03 04:12
TCS,2026-07-02,MINT_MARKETS,Can WeWork India's managed-office bet pay off?,BULLISH,1.0,"DIGITAL_INDIA,FINANCIALISATION",COMPANY_SPECIFIC,https://www.livemint.com/market/mark-to-market/wework-india-stock-rally-managed-office-growth-11782971111171.html,https://www.livemint.com/market/mark-to-market/wework-india-stock-rally-managed-office-growth-11782971111171.html,2026-07-03 04:12
INFY,2026-07-02,MINT_MARKETS,Can WeWork India's managed-office bet pay off?,BULLISH,1.0,"DIGITAL_INDIA,FINANCIALISATION",COMPANY_SPECIFIC,https://www.livemint.com/market/mark-to-market/wework-india-stock-rally-managed-office-growth-11782971111171.html,https://www.livemint.com/market/mark-to-market/wework-india-stock-rally-managed-office-growth-11782971111171.html,2026-07-03 04:12
WTL,2026-07-02,MINT_MARKETS,Can WeWork India's managed-office bet pay off?,BEARISH,-1.0,"DIGITAL_INDIA,FINANCIALISATION",COMPANY_SPECIFIC,https://www.livemint.com/market/mark-to-market/wework-india-stock-rally-managed-office-growth-11782971111171.html,https://www.livemint.com/market/mark-to-market/wework-india-stock-rally-managed-office-growth-11782971111171.html,2026-07-03 04:12
INFY,2026-07-02,MINT_MARKETS,"Nifty IT jumps almost 5%; Infosys, TCS shares surge up to 6%. Should you buy IT stocks at this juncture?",BULLISH,1.0,"DIGITAL_INDIA,INFRASTRUCTURE_BUILD",COMPANY_SPECIFIC|SECTOR,https://www.livemint.com/market/stock-market-news/nifty-it-jumps-over-4-infosys-tcs-shares-surge-up-to-5-should-you-buy-it-stocks-at-this-juncture-11782969939148.html,https://www.livemint.com/market/stock-market-news/nifty-it-jumps-over-4-infosys-tcs-shares-surge-up-to-5-should-you-buy-it-stocks-at-this-juncture-11782969939148.html,2026-07-03 04:13
TCS,2026-07-02,MINT_MARKETS,"Nifty IT jumps almost 5%; Infosys, TCS shares surge up to 6%. Should you buy IT stocks at this juncture?",BULLISH,1.0,"DIGITAL_INDIA,INFRASTRUCTURE_BUILD",COMPANY_SPECIFIC|SECTOR,https://www.livemint.com/market/stock-market-news/nifty-it-jumps-over-4-infosys-tcs-shares-surge-up-to-5-should-you-buy-it-stocks-at-this-juncture-11782969939148.html,https://www.livemint.com/market/stock-market-news/nifty-it-jumps-over-4-infosys-tcs-shares-surge-up-to-5-should-you-buy-it-stocks-at-this-juncture-11782969939148.html,2026-07-03 04:13
CSM,2026-07-02,MINT_MARKETS,"CSM Technologies share price hits 5% lower circuit after flat listing. Should you buy, sell or hold?",BEARISH,-1.0,CAPEX_CYCLE,COMPANY_SPECIFIC,https://www.livemint.com/market/stock-market-news/csm-technologies-share-price-hits-5-lower-circuit-after-flat-listing-should-you-buy-sell-or-hold-11782970680043.html,https://www.livemint.com/market/stock-market-news/csm-technologies-share-price-hits-5-lower-circuit-after-flat-listing-should-you-buy-sell-or-hold-11782970680043.html,2026-07-03 04:13
NONE,2026-07-02,MINT_MARKETS,"Adon Agro Commodities IPO share allotment in focus today: GMP, 4 steps to check status online",NONE,0.0,,IRRELEVANT,https://www.livemint.com/market/ipo/adon-agro-commodities-ipo-share-allotment-in-focus-today-gmp-4-steps-to-check-status-online-11782965576360.html,https://www.livemint.com/market/ipo/adon-agro-commodities-ipo-share-allotment-in-focus-today-gmp-4-steps-to-check-status-online-11782965576360.html,2026-07-03 04:13
VEDL,2026-07-02,MINT_MARKETS,Multibagger Alert! Vedanta Iron and Steel share price soars 113% since listing - More upside ahead?,BULLISH,1.0,"CAPEX_CYCLE,INDIA_PLUS_ONE",COMPANY_SPECIFIC,https://www.livemint.com/market/stock-market-news/multibagger-alert-vedanta-iron-and-steel-share-price-soars-113-since-listing-more-upside-ahead-11782967910054.html,https://www.livemint.com/market/stock-market-news/multibagger-alert-vedanta-iron-and-steel-share-price-soars-113-since-listing-more-upside-ahead-11782967910054.html,2026-07-03 04:13
CSMTECH,2026-07-02,MINT_MARKETS,"CSM Technologies share price makes flat debut, lists at IPO price of  ₹113",NEUTRAL,0.0,SECTOR,COMPANY_SPECIFIC,https://www.livemint.com/market/stock-market-news/csm-technologies-share-price-makes-flat-debut-lists-at-ipo-price-of-113-11782966462910.html,https://www.livemint.com/market/stock-market-news/csm-technologies-share-price-makes-flat-debut-lists-at-ipo-price-of-113-11782966462910.html,2026-07-03 04:13
CDSSL,2026-07-02,MINT_MARKETS,"Stocks to buy or sell: Osho Krishan of Angel One suggests buying CDSL, Indian Hotels shares on 2 July",BULLISH,1.0,DIGITAL_INDIA,SECTOR,https://www.livemint.com/market/stocks-to-buy-or-sell-osho-krishan-of-angel-one-suggests-buying-cdsl-indian-hotels-shares-on-2-july-11782964575702.html,https://www.livemint.com/market/stocks-to-buy-or-sell-osho-krishan-of-angel-one-suggests-buying-cdsl-indian-hotels-shares-on-2-july-11782964575702.html,2026-07-03 04:13
INDHOTEL,2026-07-02,MINT_MARKETS,"Stocks to buy or sell: Osho Krishan of Angel One suggests buying CDSL, Indian Hotels shares on 2 July",BULLISH,1.0,DIGITAL_INDIA,SECTOR,https://www.livemint.com/market/stocks-to-buy-or-sell-osho-krishan-of-angel-one-suggests-buying-cdsl-indian-hotels-shares-on-2-july-11782964575702.html,https://www.livemint.com/market/stocks-to-buy-or-sell-osho-krishan-of-angel-one-suggests-buying-cdsl-indian-hotels-shares-on-2-july-11782964575702.html,2026-07-03 04:13
ADANIENT,2026-07-02,MINT_MARKETS,"Adani Energy Solutions approves  ₹10,000 crore fundraising via QIP; check Q1 results date for the Adani Group stock",BULLISH,1.0,"CAPITAL_RAISING,GREEN_ENERGY,INFRASTRUCTURE_BUILD",COMPANY_SPECIFIC,https://www.livemint.com/market/stock-market-news/adani-energy-solutions-approves-rs-10-000-crore-fundraising-via-qip-check-q1-results-date-for-the-adani-group-stock-11782963982557.html,https://www.livemint.com/market/stock-market-news/adani-energy-solutions-approves-rs-10-000-crore-fundraising-via-qip-check-q1-results-date-for-the-adani-group-stock-11782963982557.html,2026-07-03 04:13
WIPRO,2026-07-02,MINT_MARKETS,Wipro share price climbs 1% following a 17% drop in ADRs overnight amid growing AI concerns. Do you own?,NEUTRAL,0.0,"AI_ENABLERS,CAPITAL_MARKET",COMPANY_SPECIFIC,https://www.livemint.com/market/stock-market-news/wipro-share-price-climbs-1-following-a-17-drop-in-adrs-overnight-amid-growing-ai-concerns-do-you-own-11782961689819.html,https://www.livemint.com/market/stock-market-news/wipro-share-price-climbs-1-following-a-17-drop-in-adrs-overnight-amid-growing-ai-concerns-do-you-own-11782961689819.html,2026-07-03 04:14
BANKNIFTY,2026-07-02,MINT_MARKETS,Tight funding norms for prop traders may hit expiry day volumes,BULLISH/NEUTRAL/BULLISH,0.0,"INTEREST_RATE_CYCLE,CAPEX_CYCLE,EXPORT_GROWTH",SECTOR,https://www.livemint.com/market/stock-market-news/rbi-reserve-bank-of-india-proprietary-traders-prop-trading-weekly-options-nifty-sensex-options-collateral-11782959844426.html,https://www.livemint.com/market/stock-market-news/rbi-reserve-bank-of-india-proprietary-traders-prop-trading-weekly-options-nifty-sensex-options-collateral-11782959844426.html,2026-07-03 04:14
NIFTY,2026-07-02,MINT_MARKETS,Tight funding norms for prop traders may hit expiry day volumes,BULLISH/NEUTRAL/BULLISH,0.0,"INTEREST_RATE_CYCLE,CAPEX_CYCLE,EXPORT_GROWTH",SECTOR,https://www.livemint.com/market/stock-market-news/rbi-reserve-bank-of-india-proprietary-traders-prop-trading-weekly-options-nifty-sensex-options-collateral-11782959844426.html,https://www.livemint.com/market/stock-market-news/rbi-reserve-bank-of-india-proprietary-traders-prop-trading-weekly-options-nifty-sensex-options-collateral-11782959844426.html,2026-07-03 04:14
NIFTY50,2026-07-02,MINT_MARKETS,Tight funding norms for prop traders may hit expiry day volumes,BULLISH/NEUTRAL/BULLISH,0.0,"INTEREST_RATE_CYCLE,CAPEX_CYCLE,EXPORT_GROWTH",SECTOR,https://www.livemint.com/market/stock-market-news/rbi-reserve-bank-of-india-proprietary-traders-prop-trading-weekly-options-nifty-sensex-options-collateral-11782959844426.html,https://www.livemint.com/market/stock-market-news/rbi-reserve-bank-of-india-proprietary-traders-prop-trading-weekly-options-nifty-sensex-options-collateral-11782959844426.html,2026-07-03 04:14
ADOWS,2026-07-02,MINT_COMPANIES,"Adani Enterprises launches $1.05 billion share sale, begins second phase of  ₹16,600 crore fundraising",BULLISH,1.0,CAPITAL_RAISING,COMPANY_SPECIFIC,https://www.livemint.com/companies/gautam-adani-enterprises-stock-share-sale-fundraising-qip-rights-issue-11783001732983.html,https://www.livemint.com/companies/gautam-adani-enterprises-stock-share-sale-fundraising-qip-rights-issue-11783001732983.html,2026-07-03 04:14
ADANIENT,2026-07-02,MINT_COMPANIES,"Adani flagship seeks $1 billion via placement, terms show",NEUTRAL,0.0,"CAPEX_CYCLE,INDIA_PLUS_ONE",COMPANY_SPECIFIC,https://www.livemint.com/companies/news/adani-flagship-seeks-1-billion-via-placement-terms-show-11783006683194.html,https://www.livemint.com/companies/news/adani-flagship-seeks-1-billion-via-placement-terms-show-11783006683194.html,2026-07-03 04:14
RELIANCE,2026-07-02,MINT_COMPANIES,"Reliance Jio, Amazon Leo spar over proposed satellite network framework",BEARISH,-1.0,"CAPEX_CYCLE,LOGISTICS_MODERNISATION",COMPANY_SPECIFIC|SECTOR,https://www.livemint.com/companies/reliance-jio-amazon-leo-spar-over-proposed-satellite-network-framework-11782996344558.html,https://www.livemint.com/companies/reliance-jio-amazon-leo-spar-over-proposed-satellite-network-framework-11782996344558.html,2026-07-03 04:14
INFY,2026-07-02,MINT_COMPANIES,"Reliance Jio, Amazon Leo spar over proposed satellite network framework",NEUTRAL,0.0,"CAPEX_CYCLE,LOGISTICS_MODERNISATION",COMPANY_SPECIFIC|SECTOR,https://www.livemint.com/companies/reliance-jio-amazon-leo-spar-over-proposed-satellite-network-framework-11782996344558.html,https://www.livemint.com/companies/reliance-jio-amazon-leo-spar-over-proposed-satellite-network-framework-11782996344558.html,2026-07-03 04:14
MARICO,2026-07-02,MINT_COMPANIES,Marico expects strong operating profit growth in Q1 as copra prices fall 45% from peak,BULLISH,1.0,"CAPEX_CYCLE, DIVIDEND_YIELD, LARGECAP_VALUE",COMPANY_SPECIFIC,https://www.livemint.com/companies/news/marico-operating-profit-copra-prices-q1-results-parachute-coconut-oil-saffola-oils-quarterly-update-11782992275454.html,https://www.livemint.com/companies/news/marico-operating-profit-copra-prices-q1-results-parachute-coconut-oil-saffola-oils-quarterly-update-11782992275454.html,2026-07-03 04:15
TATASWY,2026-07-02,MINT_COMPANIES,Tata Steel pushes UK profitability target to FY29,BEARISH,-1.0,"INDUSTRY_CONTRACTIVITY,CAPITAL_MARKETS",COMPANY_SPECIFIC,https://www.livemint.com/companies/news/tata-steel-uk-profitability-target-delayed-eaf-port-talbot-fy29-11782988143358.html,https://www.livemint.com/companies/news/tata-steel-uk-profitability-target-delayed-eaf-port-talbot-fy29-11782988143358.html,2026-07-03 04:15
BAJFINANCE,2026-07-02,MINT_COMPANIES,"Adani takes on Birla, Vedanta with $11.5 billion aluminium bet",NEUTRAL,0.0,"CAPEX_CYCLE,SMART_CITIES",COMPANY_SPECIFIC,https://www.livemint.com/companies/news/adani-enterprises-aditya-birla-group-vedanta-group-aluminium-industry-india-11782979418211.html,https://www.livemint.com/companies/news/adani-enterprises-aditya-birla-group-vedanta-group-aluminium-industry-india-11782979418211.html,2026-07-03 04:15
VEDL,2026-07-02,MINT_COMPANIES,"Adani takes on Birla, Vedanta with $11.5 billion aluminium bet",BULLISH,1.0,"CAPEX_CYCLE,SMART_CITIES",COMPANY_SPECIFIC,https://www.livemint.com/companies/news/adani-enterprises-aditya-birla-group-vedanta-group-aluminium-industry-india-11782979418211.html,https://www.livemint.com/companies/news/adani-enterprises-aditya-birla-group-vedanta-group-aluminium-industry-india-11782979418211.html,2026-07-03 04:15
ADANIENT,2026-07-02,MINT_COMPANIES,"Adani takes on Birla, Vedanta with $11.5 billion aluminium bet",BULLISH,1.0,"CAPEX_CYCLE,SMART_CITIES",COMPANY_SPECIFIC,https://www.livemint.com/companies/news/adani-enterprises-aditya-birla-group-vedanta-group-aluminium-industry-india-11782979418211.html,https://www.livemint.com/companies/news/adani-enterprises-aditya-birla-group-vedanta-group-aluminium-industry-india-11782979418211.html,2026-07-03 04:15
TATASTEEL,2026-07-02,MINT_COMPANIES,"Adani takes on Birla, Vedanta with $11.5 billion aluminium bet",NEUTRAL,0.0,"CAPEX_CYCLE,SMART_CITIES",COMPANY_SPECIFIC,https://www.livemint.com/companies/news/adani-enterprises-aditya-birla-group-vedanta-group-aluminium-industry-india-11782979418211.html,https://www.livemint.com/companies/news/adani-enterprises-aditya-birla-group-vedanta-group-aluminium-industry-india-11782979418211.html,2026-07-03 04:15
NTPC,2026-07-02,MINT_COMPANIES,"Adani takes on Birla, Vedanta with $11.5 billion aluminium bet",NEUTRAL,0.0,"CAPEX_CYCLE,SMART_CITIES",COMPANY_SPECIFIC,https://www.livemint.com/companies/news/adani-enterprises-aditya-birla-group-vedanta-group-aluminium-industry-india-11782979418211.html,https://www.livemint.com/companies/news/adani-enterprises-aditya-birla-group-vedanta-group-aluminium-industry-india-11782979418211.html,2026-07-03 04:15
IRRELEVANT,2026-07-02,MINT_COMPANIES,Microsoft partners with Singapore's Lightstorm to build India-Southeast Asia undersea cable,NEUTRAL,0.0,"DIGITAL_INDIA,INFRASTRUCTURE_BUILD",MACRO,https://www.livemint.com/companies/news/microsoft-partners-with-singapores-lightstorm-to-build-india-southeast-asia-undersea-cable-11782978232921.html,https://www.livemint.com/companies/news/microsoft-partners-with-singapores-lightstorm-to-build-india-southeast-asia-undersea-cable-11782978232921.html,2026-07-03 04:15
VEDL,2026-07-02,MINT_COMPANIES,"Regulatory cloud lifts, Vedanta readies Bokaro capacity doubling",BULLISH,1.0,"INDUSTRIAL_PRODUCTION,INDIA_PLUS_ONE",COMPANY_SPECIFIC,https://www.livemint.com/companies/vedanta-iron-steel-vedanta-anil-agarwal-bokaro-steel-plant-steel-capacity-expansion-esl-steel-bokaro-11782919317947.html,https://www.livemint.com/companies/vedanta-iron-steel-vedanta-anil-agarwal-bokaro-steel-plant-steel-capacity-expansion-esl-steel-bokaro-11782919317947.html,2026-07-03 04:16
AXISBANK,2026-07-02,MINT_COMPANIES,New KPI on the block: Indian companies from banking to consulting start appraising leaders on AI implementation,BULLISH,1.0,"DIGITAL_INDIA,FINTECH_INFRASTR",SECTOR,https://www.livemint.com/companies/news/new-kpi-ai-adoption-performance-appraisals-pwc-india-axis-bank-bell-curve-model-top-management-11782895145276.html,https://www.livemint.com/companies/news/new-kpi-ai-adoption-performance-appraisals-pwc-india-axis-bank-bell-curve-model-top-management-11782895145276.html,2026-07-03 04:16
TVSMOTOR,2026-07-02,MINT_COMPANIES,"TVS's  ₹2,000-crore Norton gamble is set for the market test",NEUTRAL,0.0,,COMPANY_SPECIFIC,https://www.livemint.com/companies/news/tvs-norton-losses-2000-crore-premium-motorcycle-brand-revival-market-test-11782872699846.html,https://www.livemint.com/companies/news/tvs-norton-losses-2000-crore-premium-motorcycle-brand-revival-market-test-11782872699846.html,2026-07-03 04:16
HCLTECH,2026-07-01,MINT_COMPANIES,Prudential-HCL joint venture becomes India’s eighth standalone health insurer,NEUTRAL,0.0,"FINANCIALISATION,HEALTHTECH,WEALTH_MGMT",COMPANY_SPECIFIC,https://www.livemint.com/companies/news/prudential-hcl-health-irdai-approval-11782915502104.html,https://www.livemint.com/companies/news/prudential-hcl-health-irdai-approval-11782915502104.html,2026-07-03 04:16
PRUINVESCO,2026-07-01,MINT_COMPANIES,Prudential-HCL joint venture becomes India’s eighth standalone health insurer,NEUTRAL,0.0,"FINANCIALISATION,HEALTHTECH,WEALTH_MGMT",COMPANY_SPECIFIC,https://www.livemint.com/companies/news/prudential-hcl-health-irdai-approval-11782915502104.html,https://www.livemint.com/companies/news/prudential-hcl-health-irdai-approval-11782915502104.html,2026-07-03 04:16
MUTHOOTFIN,2026-07-01,MINT_COMPANIES,Prudential-HCL joint venture becomes India’s eighth standalone health insurer,BEARISH,-1.0,"FINANCIALISATION,HEALTHTECH,WEALTH_MGMT",COMPANY_SPECIFIC,https://www.livemint.com/companies/news/prudential-hcl-health-irdai-approval-11782915502104.html,https://www.livemint.com/companies/news/prudential-hcl-health-irdai-approval-11782915502104.html,2026-07-03 04:16
TATAS,2026-07-01,MINT_COMPANIES,"RBI inserts indirect public funds definition, Tata Sons listing back in focus",BULLISH,1.0,INDIA_PLUS_ONE,COMPANY_SPECIFIC,https://www.livemint.com/companies/rbi-indirect-public-funds-definition-tata-sons-listing-ipo-11782908665318.html,https://www.livemint.com/companies/rbi-indirect-public-funds-definition-tata-sons-listing-ipo-11782908665318.html,2026-07-03 04:17
INFY,2026-07-01,MINT_COMPANIES,"RBI inserts indirect public funds definition, Tata Sons listing back in focus",NEUTRAL,0.0,INDIA_PLUS_ONE,COMPANY_SPECIFIC,https://www.livemint.com/companies/rbi-indirect-public-funds-definition-tata-sons-listing-ipo-11782908665318.html,https://www.livemint.com/companies/rbi-indirect-public-funds-definition-tata-sons-listing-ipo-11782908665318.html,2026-07-03 04:17
INFY,2026-07-01,MINT_COMPANIES,Accenture continues to expand India footprint with  ₹355-crore Pune lease,NEUTRAL,0.0,"DIGITAL_INDIA,FINANCIALISATION",SECTOR,https://www.livemint.com/companies/news/accenture-continues-to-expands-india-footprint-with-355-crore-pune-lease-11782899580975.html,https://www.livemint.com/companies/news/accenture-continues-to-expands-india-footprint-with-355-crore-pune-lease-11782899580975.html,2026-07-03 04:17
PRESTIGE,2026-07-01,MINT_COMPANIES,HSBC signs 1.2 million sq ft GCC deal with Prestige Group in Bengaluru,BEARISH,-1.0,"CAPEX_CYCLE,INFRASTRUCTURE_BUILD",COMPANY_SPECIFIC,https://www.livemint.com/companies/news/hsbc-signs-1-2-million-sq-ft-gcc-deal-with-prestige-group-in-bengaluru-11782897349903.html,https://www.livemint.com/companies/news/hsbc-signs-1-2-million-sq-ft-gcc-deal-with-prestige-group-in-bengaluru-11782897349903.html,2026-07-03 04:17
HINDBANK,2026-07-01,MINT_COMPANIES,Who is Rajiv Kumar? The ex-poll panel chief who oversaw India's largest elections and is now set to lead HDFC Bank,NEUTRAL,0.0,"COMPANY_SPECIFIC,FINANCIALISATION",COMPANY_SPECIFIC,https://www.livemint.com/companies/news/who-is-rajiv-kumar-the-ex-poll-panel-chief-who-oversaw-indias-largest-elections-and-is-now-set-to-lead-hdfc-bank-11782896337746.html,https://www.livemint.com/companies/news/who-is-rajiv-kumar-the-ex-poll-panel-chief-who-oversaw-indias-largest-elections-and-is-now-set-to-lead-hdfc-bank-11782896337746.html,2026-07-03 04:17
INDIGO,2026-07-01,MINT_COMPANIES,IndiGo launches ‘IndiGo Lite’ cabin baggage-only fare to offer cheaper tickets,NEUTRAL,0.0,"TRAVEL_TOURISM,FINANCIALISATION,CONSUMER_PACKAGING",SECTOR,https://www.livemint.com/companies/news/indigo-launches-indigo-lite-cabin-baggage-only-fare-to-offer-cheaper-tickets-11782893586182.html,https://www.livemint.com/companies/news/indigo-launches-indigo-lite-cabin-baggage-only-fare-to-offer-cheaper-tickets-11782893586182.html,2026-07-03 04:17
MRF,2026-06-26,MINT_ECONOMY,Govt eases Quality Control Order rules: Which industry segments are likely to get relief?,NEUTRAL,0.0,"QUALITY_GROWTH,CAPEX_CYCLE,PREMIUMISATION",SECTOR,https://www.livemint.com/economy/govt-eases-quality-control-order-rules-which-industry-segments-are-likely-to-get-relief-11782479810184.html,https://www.livemint.com/economy/govt-eases-quality-control-order-rules-which-industry-segments-are-likely-to-get-relief-11782479810184.html,2026-07-03 04:19
TITAN,2026-06-26,MINT_ECONOMY,Govt eases Quality Control Order rules: Which industry segments are likely to get relief?,NEUTRAL,0.0,"QUALITY_GROWTH,CAPEX_CYCLE,PREMIUMISATION",SECTOR,https://www.livemint.com/economy/govt-eases-quality-control-order-rules-which-industry-segments-are-likely-to-get-relief-11782479810184.html,https://www.livemint.com/economy/govt-eases-quality-control-order-rules-which-industry-segments-are-likely-to-get-relief-11782479810184.html,2026-07-03 04:19
BLUECHIP,2026-06-26,MINT_ECONOMY,Govt eases Quality Control Order rules: Which industry segments are likely to get relief?,NEUTRAL,0.0,"QUALITY_GROWTH,CAPEX_CYCLE,PREMIUMISATION",SECTOR,https://www.livemint.com/economy/govt-eases-quality-control-order-rules-which-industry-segments-are-likely-to-get-relief-11782479810184.html,https://www.livemint.com/economy/govt-eases-quality-control-order-rules-which-industry-segments-are-likely-to-get-relief-11782479810184.html,2026-07-03 04:19
WHIRLPOOLINDIA,2026-06-26,MINT_ECONOMY,Govt eases Quality Control Order rules: Which industry segments are likely to get relief?,NEUTRAL,0.0,"QUALITY_GROWTH,CAPEX_CYCLE,PREMIUMISATION",SECTOR,https://www.livemint.com/economy/govt-eases-quality-control-order-rules-which-industry-segments-are-likely-to-get-relief-11782479810184.html,https://www.livemint.com/economy/govt-eases-quality-control-order-rules-which-industry-segments-are-likely-to-get-relief-11782479810184.html,2026-07-03 04:19
HCLTECH,2026-06-26,MINT_ECONOMY,Govt eases Quality Control Order rules: Which industry segments are likely to get relief?,NEUTRAL,0.0,"QUALITY_GROWTH,CAPEX_CYCLE,PREMIUMISATION",SECTOR,https://www.livemint.com/economy/govt-eases-quality-control-order-rules-which-industry-segments-are-likely-to-get-relief-11782479810184.html,https://www.livemint.com/economy/govt-eases-quality-control-order-rules-which-industry-segments-are-likely-to-get-relief-11782479810184.html,2026-07-03 04:19
IRCON,2026-06-24,MINT_ECONOMY,"Global giants backing India’s shipbuilding boom, says shipping secretary",BULLISH,1.0,INFRASTRUCTURE_BUILD,SECTOR,https://www.livemint.com/economy/global-giants-backing-india-shipbuilding-boom-says-shipping-secretary-11782289535387.html,https://www.livemint.com/economy/global-giants-backing-india-shipbuilding-boom-says-shipping-secretary-11782289535387.html,2026-07-03 04:20
GRASIM,2026-06-24,MINT_ECONOMY,"Global giants backing India’s shipbuilding boom, says shipping secretary",BULLISH,1.0,INFRASTRUCTURE_BUILD,SECTOR,https://www.livemint.com/economy/global-giants-backing-india-shipbuilding-boom-says-shipping-secretary-11782289535387.html,https://www.livemint.com/economy/global-giants-backing-india-shipbuilding-boom-says-shipping-secretary-11782289535387.html,2026-07-03 04:20
JSWSTEEL,2026-06-24,MINT_ECONOMY,"Global giants backing India’s shipbuilding boom, says shipping secretary",BULLISH,1.0,INFRASTRUCTURE_BUILD,SECTOR,https://www.livemint.com/economy/global-giants-backing-india-shipbuilding-boom-says-shipping-secretary-11782289535387.html,https://www.livemint.com/economy/global-giants-backing-india-shipbuilding-boom-says-shipping-secretary-11782289535387.html,2026-07-03 04:20
IRCTC,2026-06-22,MINT_ECONOMY,RBI governor asks banks to treat MSMEs as long-term partners,BEARISH,-1.0,"DIGITAL_INDIA,FINANCIALISATION",MACRO,https://www.livemint.com/economy/rbi-governor-asks-banks-to-treat-msmes-as-long-term-partners-11782135648303.html,https://www.livemint.com/economy/rbi-governor-asks-banks-to-treat-msmes-as-long-term-partners-11782135648303.html,2026-07-03 04:21
PAYTM,2026-06-22,MINT_ECONOMY,RBI governor asks banks to treat MSMEs as long-term partners,BULLISH,1.0,"DIGITAL_INDIA,FINANCIALISATION",MACRO,https://www.livemint.com/economy/rbi-governor-asks-banks-to-treat-msmes-as-long-term-partners-11782135648303.html,https://www.livemint.com/economy/rbi-governor-asks-banks-to-treat-msmes-as-long-term-partners-11782135648303.html,2026-07-03 04:21
MINDTREE,2026-06-22,MINT_ECONOMY,RBI governor asks banks to treat MSMEs as long-term partners,BEARISH,-1.0,"DIGITAL_INDIA,FINANCIALISATION",MACRO,https://www.livemint.com/economy/rbi-governor-asks-banks-to-treat-msmes-as-long-term-partners-11782135648303.html,https://www.livemint.com/economy/rbi-governor-asks-banks-to-treat-msmes-as-long-term-partners-11782135648303.html,2026-07-03 04:21
HCLTECH,2026-06-22,MINT_ECONOMY,RBI governor asks banks to treat MSMEs as long-term partners,BULLISH,1.0,"DIGITAL_INDIA,FINANCIALISATION",MACRO,https://www.livemint.com/economy/rbi-governor-asks-banks-to-treat-msmes-as-long-term-partners-11782135648303.html,https://www.livemint.com/economy/rbi-governor-asks-banks-to-treat-msmes-as-long-term-partners-11782135648303.html,2026-07-03 04:21
INFOSYS,2026-06-22,MINT_ECONOMY,RBI governor asks banks to treat MSMEs as long-term partners,BULLISH,1.0,"DIGITAL_INDIA,FINANCIALISATION",MACRO,https://www.livemint.com/economy/rbi-governor-asks-banks-to-treat-msmes-as-long-term-partners-11782135648303.html,https://www.livemint.com/economy/rbi-governor-asks-banks-to-treat-msmes-as-long-term-partners-11782135648303.html,2026-07-03 04:21
TECHM,2026-06-22,MINT_ECONOMY,RBI governor asks banks to treat MSMEs as long-term partners,BULLISH,1.0,"DIGITAL_INDIA,FINANCIALISATION",MACRO,https://www.livemint.com/economy/rbi-governor-asks-banks-to-treat-msmes-as-long-term-partners-11782135648303.html,https://www.livemint.com/economy/rbi-governor-asks-banks-to-treat-msmes-as-long-term-partners-11782135648303.html,2026-07-03 04:21
BANDHABANK,2024-04-23,MC_BUZZING,"Bulk deals: Societe Generale, Marshall Wace active in Bandhan Bank, BoB and Manappuram Finance",BEARISH,-1.0,"INTEREST_RATE_CYCLE,BANKING_CREDIT",COMPANY_SPECIFIC,https://www.moneycontrol.com/news/buzzing-stocks/bulk-deals-societe-generale-marshall-wace-activebandhan-bank-bobmanappuram-finance_17532011.html,https://www.moneycontrol.com/news/buzzing-stocks/bulk-deals-societe-generale-marshall-wace-activebandhan-bank-bobmanappuram-finance_17532011.html,2026-07-03 04:21
BOB,2024-04-23,MC_BUZZING,"Bulk deals: Societe Generale, Marshall Wace active in Bandhan Bank, BoB and Manappuram Finance",BEARISH,-1.0,"INTEREST_RATE_CYCLE,BANKING_CREDIT",COMPANY_SPECIFIC,https://www.moneycontrol.com/news/buzzing-stocks/bulk-deals-societe-generale-marshall-wace-activebandhan-bank-bobmanappuram-finance_17532011.html,https://www.moneycontrol.com/news/buzzing-stocks/bulk-deals-societe-generale-marshall-wace-activebandhan-bank-bobmanappuram-finance_17532011.html,2026-07-03 04:21
MMFIN,2024-04-23,MC_BUZZING,"Bulk deals: Societe Generale, Marshall Wace active in Bandhan Bank, BoB and Manappuram Finance",BEARISH,-1.0,"INTEREST_RATE_CYCLE,BANKING_CREDIT",COMPANY_SPECIFIC,https://www.moneycontrol.com/news/buzzing-stocks/bulk-deals-societe-generale-marshall-wace-activebandhan-bank-bobmanappuram-finance_17532011.html,https://www.moneycontrol.com/news/buzzing-stocks/bulk-deals-societe-generale-marshall-wace-activebandhan-bank-bobmanappuram-finance_17532011.html,2026-07-03 04:21
UJIVAN,2024-04-23,MC_BUZZING,"Bulk deals: Societe Generale, Marshall Wace active in Bandhan Bank, BoB and Manappuram Finance",NEUTRAL,0.0,"INTEREST_RATE_CYCLE,BANKING_CREDIT",COMPANY_SPECIFIC,https://www.moneycontrol.com/news/buzzing-stocks/bulk-deals-societe-generale-marshall-wace-activebandhan-bank-bobmanappuram-finance_17532011.html,https://www.moneycontrol.com/news/buzzing-stocks/bulk-deals-societe-generale-marshall-wace-activebandhan-bank-bobmanappuram-finance_17532011.html,2026-07-03 04:21
NEUTRAL,2024-04-23,MC_BUZZING,Gainers and Losers: 10 stocks that moved the most on April 23,NEUTRAL,0.0,LARGECAP_VALUE,SECTOR,https://www.moneycontrol.com/news/buzzing-stocks/gainerslosers-10-stocks-that-movedmostapril-23_17531921.html,https://www.moneycontrol.com/news/buzzing-stocks/gainerslosers-10-stocks-that-movedmostapril-23_17531921.html,2026-07-03 04:21
NEUTRAL,2024-04-23,MC_BUZZING,Gainers and Losers: 10 stocks that moved the most on April 23,NEUTRAL,0.0,LARGECAP_VALUE,SECTOR,https://www.moneycontrol.com/news/buzzing-stocks/gainerslosers-10-stocks-that-movedmostapril-23_17531921.html,https://www.moneycontrol.com/news/buzzing-stocks/gainerslosers-10-stocks-that-movedmostapril-23_17531921.html,2026-07-03 04:21
NEUTRAL,2024-04-23,MC_BUZZING,Gainers and Losers: 10 stocks that moved the most on April 23,NEUTRAL,0.0,LARGECAP_VALUE,SECTOR,https://www.moneycontrol.com/news/buzzing-stocks/gainerslosers-10-stocks-that-movedmostapril-23_17531921.html,https://www.moneycontrol.com/news/buzzing-stocks/gainerslosers-10-stocks-that-movedmostapril-23_17531921.html,2026-07-03 04:21
NEUTRAL,2024-04-23,MC_BUZZING,Gainers and Losers: 10 stocks that moved the most on April 23,NEUTRAL,0.0,LARGECAP_VALUE,SECTOR,https://www.moneycontrol.com/news/buzzing-stocks/gainerslosers-10-stocks-that-movedmostapril-23_17531921.html,https://www.moneycontrol.com/news/buzzing-stocks/gainerslosers-10-stocks-that-movedmostapril-23_17531921.html,2026-07-03 04:21
NEUTRAL,2024-04-23,MC_BUZZING,Gainers and Losers: 10 stocks that moved the most on April 23,NEUTRAL,0.0,LARGECAP_VALUE,SECTOR,https://www.moneycontrol.com/news/buzzing-stocks/gainerslosers-10-stocks-that-movedmostapril-23_17531921.html,https://www.moneycontrol.com/news/buzzing-stocks/gainerslosers-10-stocks-that-movedmostapril-23_17531921.html,2026-07-03 04:21
NEUTRAL,2024-04-23,MC_BUZZING,Gainers and Losers: 10 stocks that moved the most on April 23,NEUTRAL,0.0,LARGECAP_VALUE,SECTOR,https://www.moneycontrol.com/news/buzzing-stocks/gainerslosers-10-stocks-that-movedmostapril-23_17531921.html,https://www.moneycontrol.com/news/buzzing-stocks/gainerslosers-10-stocks-that-movedmostapril-23_17531921.html,2026-07-03 04:21
IDEA,2024-04-23,MC_BUZZING,"Vodafone Idea zooms 12% after FPO sees 6x subscription; focus shifts to allotment, listing",BULLISH,1.0,"CAPEX_CYCLE,DIGITAL_INDIA",COMPANY_SPECIFIC,https://www.moneycontrol.com/news/buzzing-stocks/vodafone-idea-zooms-12-after-fpo-sees-6x-subscription-focus-shifts-to-allotment-listing_17531831.html,https://www.moneycontrol.com/news/buzzing-stocks/vodafone-idea-zooms-12-after-fpo-sees-6x-subscription-focus-shifts-to-allotment-listing_17531831.html,2026-07-03 04:22
GSPL,2024-04-23,MC_BUZZING,Gujarat State Petronet falls sharply from day#39;s high as tariff cut triggers flurry of downgrades,BEARISH,-1.0,"CAPITAL_ALLOCATION,ENERGY,MACRO",COMPANY_SPECIFIC,https://www.moneycontrol.com/news/buzzing-stocks/gujarat-state-petronet-falls-sharplyday39s-high-as-tariff-cut-triggers-flurrydowngrades_17531471.html,https://www.moneycontrol.com/news/buzzing-stocks/gujarat-state-petronet-falls-sharplyday39s-high-as-tariff-cut-triggers-flurrydowngrades_17531471.html,2026-07-03 04:22
PSPPROJ,2024-04-23,MC_BUZZING,PSP Projects share gains 4% on launching Rs 244-crore QIP,NEUTRAL,0.0,,COMPANY_SPECIFIC,https://www.moneycontrol.com/news/buzzing-stocks/psp-projects-share-gains-4launching-rs-244-crore-qip_17531171.html,https://www.moneycontrol.com/news/buzzing-stocks/psp-projects-share-gains-4launching-rs-244-crore-qip_17531171.html,2026-07-03 04:22
TEJASNET,2024-04-23,MC_BUZZING,"Tejas Network zooms 20% to 52-week high on stellar Q4 score, Emkay raises target",BULLISH,1.0,CAPEX_CYCLE,COMPANY_SPECIFIC,https://www.moneycontrol.com/news/buzzing-stocks/tejas-network-zooms-20-to-52-week-highstellar-q4-score-emkay-raises-target_17531161.html,https://www.moneycontrol.com/news/buzzing-stocks/tejas-network-zooms-20-to-52-week-highstellar-q4-score-emkay-raises-target_17531161.html,2026-07-03 04:22
MARLOGBS,2024-04-23,MC_BUZZING,Mahindra Logistics falls 1.4% on Rs 11.9 crore net loss in Q4,BEARISH,-1.0,LOGISTICS_MODERNISATION,COMPANY_SPECIFIC,https://www.moneycontrol.com/news/buzzing-stocks/mahindra-logistics-falls-14rs-119-crore-net-lossq4_17530911.html,https://www.moneycontrol.com/news/buzzing-stocks/mahindra-logistics-falls-14rs-119-crore-net-lossq4_17530911.html,2026-07-03 04:22
HATSUN,2024-04-23,MC_BUZZING,Hatsun Agro zooms 11% as Q4 net profit doubles at Rs 52 crore,BULLISH,1.0,RURAL_CONSUMPTION,COMPANY_SPECIFIC,https://www.moneycontrol.com/news/buzzing-stocks/hatsun-agro-zooms-11-as-q4-net-profit-doubles-at-rs-52-crore_17530861.html,https://www.moneycontrol.com/news/buzzing-stocks/hatsun-agro-zooms-11-as-q4-net-profit-doubles-at-rs-52-crore_17530861.html,2026-07-03 04:22
KPENERGY,2024-04-23,MC_BUZZING,KP Energy locked at 5% upper circuit on 9-MW wind power project contract,BULLISH,1.0,GREEN_ENERGY,COMPANY_SPECIFIC,https://www.moneycontrol.com/news/buzzing-stocks/kp-energy-locked-at-5-upper-circuit9-mw-wind-power-project-contract_17530841.html,https://www.moneycontrol.com/news/buzzing-stocks/kp-energy-locked-at-5-upper-circuit9-mw-wind-power-project-contract_17530841.html,2026-07-03 04:22
INOXWIND,2024-04-23,MC_BUZZING,Inox Wind share price up 6% as board to consider bonus share proposal,BULLISH,1.0,"CAPITAL_RAISE,SHARE_BUYBACK",COMPANY_SPECIFIC,https://www.moneycontrol.com/news/buzzing-stocks/inox-wind-share-price6-as-board-to-consider-bonus-share-proposal_17530831.html,https://www.moneycontrol.com/news/buzzing-stocks/inox-wind-share-price6-as-board-to-consider-bonus-share-proposal_17530831.html,2026-07-03 04:22
BAJFINANCE,2024-04-23,MC_BUZZING,UBS issues #39;sell#39; tag on Bajaj Finance before housing unit board meet over listing,BEARISH,-1.0,MICROFINANCE,COMPANY_SPECIFIC,https://www.moneycontrol.com/news/buzzing-stocks/ubs-issues-39sell39-tagbajaj-finance-before-housing-unit-board-meet-over-listing_17530761.html,https://www.moneycontrol.com/news/buzzing-stocks/ubs-issues-39sell39-tagbajaj-finance-before-housing-unit-board-meet-over-listing_17530761.html,2026-07-03 04:23
WIPRO,2024-04-23,MC_BUZZING,"Buzzing Stocks: Wipro, Reliance, PSP Projects, Bajaj Electricals, Hero MotoCorp, TCP, Mahindra Logistics, IndusInd Bank and others",NEUTRAL,0.0,LARGECAP_VALUE,COMPANY_SPECIFIC,https://www.moneycontrol.com/news/buzzing-stocks/buzzing-stocks-wipro-reliance-psp-projects-bajaj-electricals-hero-motocorp-tcp-mahindra-logistics-indusind-bankothers_17530561.html,https://www.moneycontrol.com/news/buzzing-stocks/buzzing-stocks-wipro-reliance-psp-projects-bajaj-electricals-hero-motocorp-tcp-mahindra-logistics-indusind-bankothers_17530561.html,2026-07-03 04:23
RELIANCE,2024-04-23,MC_BUZZING,"Buzzing Stocks: Wipro, Reliance, PSP Projects, Bajaj Electricals, Hero MotoCorp, TCP, Mahindra Logistics, IndusInd Bank and others",NEUTRAL,0.0,LARGECAP_VALUE,COMPANY_SPECIFIC,https://www.moneycontrol.com/news/buzzing-stocks/buzzing-stocks-wipro-reliance-psp-projects-bajaj-electricals-hero-motocorp-tcp-mahindra-logistics-indusind-bankothers_17530561.html,https://www.moneycontrol.com/news/buzzing-stocks/buzzing-stocks-wipro-reliance-psp-projects-bajaj-electricals-hero-motocorp-tcp-mahindra-logistics-indusind-bankothers_17530561.html,2026-07-03 04:23
BAJAJELEC,2024-04-23,MC_BUZZING,"Buzzing Stocks: Wipro, Reliance, PSP Projects, Bajaj Electricals, Hero MotoCorp, TCP, Mahindra Logistics, IndusInd Bank and others",NEUTRAL,0.0,LARGECAP_VALUE,COMPANY_SPECIFIC,https://www.moneycontrol.com/news/buzzing-stocks/buzzing-stocks-wipro-reliance-psp-projects-bajaj-electricals-hero-motocorp-tcp-mahindra-logistics-indusind-bankothers_17530561.html,https://www.moneycontrol.com/news/buzzing-stocks/buzzing-stocks-wipro-reliance-psp-projects-bajaj-electricals-hero-motocorp-tcp-mahindra-logistics-indusind-bankothers_17530561.html,2026-07-03 04:23
HEROMOTOCO,2024-04-23,MC_BUZZING,"Buzzing Stocks: Wipro, Reliance, PSP Projects, Bajaj Electricals, Hero MotoCorp, TCP, Mahindra Logistics, IndusInd Bank and others",NEUTRAL,0.0,LARGECAP_VALUE,COMPANY_SPECIFIC,https://www.moneycontrol.com/news/buzzing-stocks/buzzing-stocks-wipro-reliance-psp-projects-bajaj-electricals-hero-motocorp-tcp-mahindra-logistics-indusind-bankothers_17530561.html,https://www.moneycontrol.com/news/buzzing-stocks/buzzing-stocks-wipro-reliance-psp-projects-bajaj-electricals-hero-motocorp-tcp-mahindra-logistics-indusind-bankothers_17530561.html,2026-07-03 04:23
TCP,2024-04-23,MC_BUZZING,"Buzzing Stocks: Wipro, Reliance, PSP Projects, Bajaj Electricals, Hero MotoCorp, TCP, Mahindra Logistics, IndusInd Bank and others",NEUTRAL,0.0,LARGECAP_VALUE,COMPANY_SPECIFIC,https://www.moneycontrol.com/news/buzzing-stocks/buzzing-stocks-wipro-reliance-psp-projects-bajaj-electricals-hero-motocorp-tcp-mahindra-logistics-indusind-bankothers_17530561.html,https://www.moneycontrol.com/news/buzzing-stocks/buzzing-stocks-wipro-reliance-psp-projects-bajaj-electricals-hero-motocorp-tcp-mahindra-logistics-indusind-bankothers_17530561.html,2026-07-03 04:23
MAHLOG,2024-04-23,MC_BUZZING,"Buzzing Stocks: Wipro, Reliance, PSP Projects, Bajaj Electricals, Hero MotoCorp, TCP, Mahindra Logistics, IndusInd Bank and others",NEUTRAL,0.0,LARGECAP_VALUE,COMPANY_SPECIFIC,https://www.moneycontrol.com/news/buzzing-stocks/buzzing-stocks-wipro-reliance-psp-projects-bajaj-electricals-hero-motocorp-tcp-mahindra-logistics-indusind-bankothers_17530561.html,https://www.moneycontrol.com/news/buzzing-stocks/buzzing-stocks-wipro-reliance-psp-projects-bajaj-electricals-hero-motocorp-tcp-mahindra-logistics-indusind-bankothers_17530561.html,2026-07-03 04:23
INDUSINDBK,2024-04-23,MC_BUZZING,"Buzzing Stocks: Wipro, Reliance, PSP Projects, Bajaj Electricals, Hero MotoCorp, TCP, Mahindra Logistics, IndusInd Bank and others",NEUTRAL,0.0,LARGECAP_VALUE,COMPANY_SPECIFIC,https://www.moneycontrol.com/news/buzzing-stocks/buzzing-stocks-wipro-reliance-psp-projects-bajaj-electricals-hero-motocorp-tcp-mahindra-logistics-indusind-bankothers_17530561.html,https://www.moneycontrol.com/news/buzzing-stocks/buzzing-stocks-wipro-reliance-psp-projects-bajaj-electricals-hero-motocorp-tcp-mahindra-logistics-indusind-bankothers_17530561.html,2026-07-03 04:23
HDFCBANK,2024-04-23,MC_NEWS,"Buy HDFC Bank; target of Rs 1,850: ICICI Securities",BULLISH,1.0,"BANKING_CREDIT,WEALTH_MGMT",COMPANY_SPECIFIC,https://www.moneycontrol.com/news/recommendations/buy-hdfc-bank-targetrs-1850-icici-securities_17531671.html,https://www.moneycontrol.com/news/recommendations/buy-hdfc-bank-targetrs-1850-icici-securities_17531671.html,2026-07-03 04:23
TEJASNET,2024-04-23,MC_NEWS,Buy Tejas Networks; target of Rs 1100: Emkay Global Financial,BULLISH,1.0,QUALITY_GROWTH,COMPANY_SPECIFIC,https://www.moneycontrol.com/news/recommendations/buy-tejas-networks-targetrs-1100-emkay-global-financial_17531621.html,https://www.moneycontrol.com/news/recommendations/buy-tejas-networks-targetrs-1100-emkay-global-financial_17531621.html,2026-07-03 04:23
BAJFINACE,2024-04-23,MC_NEWS,Buy Bajaj Finance; target of Rs 9000: Emkay Global Financial,BULLISH,1.0,MARGIN_LOANS,COMPANY_SPECIFIC,https://www.moneycontrol.com/news/recommendations/buy-bajaj-finance-targetrs-9000-emkay-global-financial_17531641.html,https://www.moneycontrol.com/news/recommendations/buy-bajaj-finance-targetrs-9000-emkay-global-financial_17531641.html,2026-07-03 04:23
PERSISTENT,2024-04-23,MC_NEWS,Reduce Persistent Systems; target of Rs 3700: Emkay Global Financial,BEARISH,-1.0,QUALITY_GROWTH,COMPANY_SPECIFIC,https://www.moneycontrol.com/news/recommendations/reduce-persistent-systems-targetrs-3700-emkay-global-financial_17531581.html,https://www.moneycontrol.com/news/recommendations/reduce-persistent-systems-targetrs-3700-emkay-global-financial_17531581.html,2026-07-03 04:23
ABFRL,2024-04-23,MC_NEWS,Reduce Aditya Birla Fashion and Retail; target of Rs 230: Emkay Global Financial,BEARISH,-1.0,,COMPANY_SPECIFIC,https://www.moneycontrol.com/news/recommendations/reduce-aditya-birla-fashionretail-targetrs-230-emkay-global-financial_17531571.html,https://www.moneycontrol.com/news/recommendations/reduce-aditya-birla-fashionretail-targetrs-230-emkay-global-financial_17531571.html,2026-07-03 04:23
WIPRO,2024-04-23,MC_NEWS,Reduce Wipro; target of Rs 410: ICICI Securities,BULLISH,1.0,,COMPANY_SPECIFIC,https://www.moneycontrol.com/news/recommendations/reduce-wipro-targetrs-410-icici-securities_17531461.html,https://www.moneycontrol.com/news/recommendations/reduce-wipro-targetrs-410-icici-securities_17531461.html,2026-07-03 04:24
HDFCLIFE,2024-04-23,MC_NEWS,Buy HDFC Life Insurance Company; target of Rs 739: ICICI Securities,BULLISH,1.0,INVESTOR_SENTIMENT,COMPANY_SPECIFIC,https://www.moneycontrol.com/news/recommendations/buy-hdfc-life-insurance-company-targetrs-739-icici-securities_17531391.html,https://www.moneycontrol.com/news/recommendations/buy-hdfc-life-insurance-company-targetrs-739-icici-securities_17531391.html,2026-07-03 04:24
PETRIN,2024-04-23,MC_NEWS,Buy Patel Engineering; target of Rs 80: ICICI Direct,BULLISH,1.0,,COMPANY_SPECIFIC,https://www.moneycontrol.com/news/recommendations/buy-patel-engineering-targetrs-80-icici-direct_17531401.html,https://www.moneycontrol.com/news/recommendations/buy-patel-engineering-targetrs-80-icici-direct_17531401.html,2026-07-03 04:24
INFY,2024-04-23,MC_NEWS,Accumulate Infosys; target of Rs 1531: KR Choksey,BULLISH,1.0,,COMPANY_SPECIFIC,https://www.moneycontrol.com/news/recommendations/accumulate-infosys-targetrs-1531-kr-choksey_17531411.html,https://www.moneycontrol.com/news/recommendations/accumulate-infosys-targetrs-1531-kr-choksey_17531411.html,2026-07-03 04:24
JINDALDRIL,2024-04-23,MC_NEWS,Buy Jindal Drilling and Industries; target of Rs 960: Anand Rathi,BULLISH,1.0,,COMPANY_SPECIFIC,https://www.moneycontrol.com/news/recommendations/buy-jindal-drillingindustries-targetrs-960-anand-rathi_17531431.html,https://www.moneycontrol.com/news/recommendations/buy-jindal-drillingindustries-targetrs-960-anand-rathi_17531431.html,2026-07-03 04:24
INDUSTOWERS,2024-04-23,MC_NEWS,Sell Indus Tower; target of Rs 260: ICICI Securities,BEARISH,-1.0,,COMPANY_SPECIFIC,https://www.moneycontrol.com/news/recommendations/sell-indus-tower-targetrs-260-icici-securities_17531381.html,https://www.moneycontrol.com/news/recommendations/sell-indus-tower-targetrs-260-icici-securities_17531381.html,2026-07-03 04:24
CUB,2024-04-23,MC_NEWS,Buy City Union Bank; target of Rs 170: ICICI Securities,BULLISH,1.0,"BANKING_CREDIT,DIVIDEND_YIELD",COMPANY_SPECIFIC,https://www.moneycontrol.com/news/recommendations/buy-city-union-bank-targetrs-170-icici-securities_17531361.html,https://www.moneycontrol.com/news/recommendations/buy-city-union-bank-targetrs-170-icici-securities_17531361.html,2026-07-03 04:24
