event_date,symbol,company,purpose_raw,purpose_type,bm_desc,sector,days_until,purpose_priority,sector_fii_score,sector_combined_score,catalyst_score
2026-07-13,ICICIAMC,ICICI Prudential Asset Management Company Limited,Financial Results,FINANCIAL_RESULTS,"To consider and approve the financial results for the period ended Jun 30, 2026",AMC,0,5,-16.32,3.77,50.38
2026-07-13,KHAICHEM,Khaitan Chemicals & Fertilizers Limited,Financial Results,FINANCIAL_RESULTS,"To consider and approve the financial results for the period ended Jun 30, 2026",OTHER,0,5,-44.77,-17.91,48.21
2026-07-13,SIMBHALS,Simbhaoli Sugars Limited,Financial Results,FINANCIAL_RESULTS,"Board Meeting Intimation for IRP Convened Meeting to Consider, Review and Take Note of Consolidated Audited Financials for the Quarter and Year Ended on 31st March, 2026",OTHER,0,5,-44.77,-17.91,48.21
2026-07-13,HCLTECH,HCL Technologies Limited,Financial Results/Dividend,FINANCIAL_RESULTS,"To consider and approve the financial results for the period ended Jun 30, 2026 and dividend",IT,0,5,-66.6,-27.03,47.3
2026-07-13,KRISHANA,Krishana Phoschem Limited,Financial Results/Other business matters,FINANCIAL_RESULTS,"To consider and approve the financial results for the period ended Jun 30, 2026 and other business matters",CHEMICALS,0,5,-69.06,-34.99,46.5
2026-07-13,PLASTIBLEN,Plastiblends India Limited,Financial Results,FINANCIAL_RESULTS,"To consider and approve the financial results for the period ended Jun 30, 2026",CHEMICALS,0,5,-69.06,-34.99,46.5
2026-07-13,NUVOCO,Nuvoco Vistas Corporation Limited,Financial Results,FINANCIAL_RESULTS,"To consider and approve the financial results for the period ended Jun 30, 2026",CEMENT,0,5,-62.47,-47.2,45.28
2026-07-13,BAJAJCON,Bajaj Consumer Care Limited,Financial Results,FINANCIAL_RESULTS,"To consider and approve the unaudited financial results (standalone & Consolidated) for the period ended Jun 30, 2026",FMCG,0,5,-63.58,-54.94,44.51
2026-07-13,KRITIKA,Kritika Wires Limited,Other business matters,OTHER,To consider other business matters,METAL,0,0,-58.21,-0.14,-0.01
2026-07-13,VPRPL,Vishnu Prakash R Punglia Limited,Fund Raising,OTHER,Cancellation of Board Meeting scheduled to be held on 13/07/2026,OTHER,0,0,-44.77,-17.91,-1.79
2026-07-13,INFOBEAN,InfoBeans Technologies Limited,Other business matters,OTHER,To consider other business matters,IT,0,0,-66.6,-27.03,-2.7
2026-07-13,JAYKAY,Jaykay Enterprises Limited,Fund Raising,OTHER,Prior intimation of the meeting of the Board of Directors,FMCG,0,0,-63.58,-54.94,-5.49
2026-07-14,JINDALSAW,Jindal Saw Limited,Financial Results,FINANCIAL_RESULTS,"To consider and approve the financial results for the period ended Jun 30, 2026",METAL,1,5,-58.21,-0.14,49.99
2026-07-14,MANAKCOAT,Manaksia Coated Metals & Industries Limited,Financial Results,FINANCIAL_RESULTS,"To consider and approve the financial results for the period ended Jun 30, 2026",METAL,1,5,-58.21,-0.14,49.99
2026-07-14,ARSSBL,Anand Rathi Share and Stock Brokers Limited,Financial Results/Fund Raising,FINANCIAL_RESULTS,"To consider and approve the financial results for the period ended Jun 30, 2026 and Fund Raising",FINANCIAL_SERVICES,1,5,-62.95,-7.8,49.22
2026-07-14,BIRLAMONEY,Aditya Birla Money Limited,Financial Results,FINANCIAL_RESULTS,"To consider and approve the financial results for the period ended Jun 30, 2026",FINANCIAL_SERVICES,1,5,-62.95,-7.8,49.22
2026-07-14,SGFIN,SG Finserve Limited,Financial Results/Other business matters,FINANCIAL_RESULTS,"To consider and approve the financial results for the period ended Jun 30, 2026 and other business matters",FINANCIAL_SERVICES,1,5,-62.95,-7.8,49.22
2026-07-14,A2ZINFRA,A2Z Infra Engineering Limited,Financial Results,FINANCIAL_RESULTS,"A2ZINFRA : 14-Jul-2026 :  The Company has informed the Exchange that a Board meeting to be held on July 03, 2026 has been re-scheduled. Further, the Company has informed the Exchange that the meeting of the Board of Directors of the Company will be held on July 14, 2026, ,  To consider and approve the financial results for the period ended March 31, 2026",INFRASTRUCTURE,1,5,-65.2,-15.6,48.44
2026-07-14,DBOL,Dhampur Bio Organics Limited,Financial Results/Dividend/Other business matters,FINANCIAL_RESULTS,"To consider and approve the financial results for the period ended Jun 30, 2026, dividend and other business matters",OTHER,1,5,-44.77,-17.91,48.21
2026-07-14,VIJIFIN,Viji Finance Limited,Financial Results/Other business matters,FINANCIAL_RESULTS,"To consider and approve the financial results for the period ended Jun 30, 2026 and other business matters",OTHER,1,5,-44.77,-17.91,48.21
2026-07-14,DEN,Den Networks Limited,Financial Results,FINANCIAL_RESULTS,"To consider and approve the financial results for the period ended Jun 30, 2026",MEDIA,1,5,-29.31,-26.39,47.36
2026-07-14,INFOMEDIA,Infomedia Press Limited,Financial Results,FINANCIAL_RESULTS,"To consider and approve the financial results for the period ended Jun 30, 2026",MEDIA,1,5,-29.31,-26.39,47.36
2026-07-14,LTTS,L&T Technology Services Limited,Financial Results,FINANCIAL_RESULTS,"To consider and approve the financial results for the period ended Jun 30, 2026",IT,1,5,-66.6,-27.03,47.3
2026-07-14,TATAELXSI,Tata Elxsi Limited,Financial Results,FINANCIAL_RESULTS,"To consider and approve the financial results for the period ended Jun 30, 2026",IT,1,5,-66.6,-27.03,47.3
2026-07-14,MBAPL,Madhya Bharat Agro Products Limited,Financial Results/Other business matters,FINANCIAL_RESULTS,"To consider and approve the financial results for the period ended Jun 30, 2026 and other business matters",CHEMICALS,1,5,-69.06,-34.99,46.5
2026-07-14,MUFIN,Mufin Green Finance Limited,Fund Raising,OTHER,"To consider Fund Raising by issue of foreign currency denominated bonds under the framework External Commercial Borrowings (ECB)/issuance of listed, secured/unsecured, non-convertible debentures on private placement basis or any other eligible instruments through private placement basis or such other permissible mode or combination thereof in accordance with the relevant provisions of applicable law and subject to approval of the applicable regulatory authorities.",FINANCIAL_SERVICES,1,0,-62.95,-7.8,-0.78
2026-07-14,BALLARPUR,Ballarpur Industries Limited,Fund Raising,OTHER,To consider Fund Raising,OTHER,1,0,-44.77,-17.91,-1.79
2026-07-15,GOACARBON,Goa Carbon Limited,Financial Results,FINANCIAL_RESULTS,"To consider and approve the financial results for the quarterly period ended June 30, 2026",METAL,2,5,-58.21,-0.14,49.99
2026-07-15,ANGELONE,Angel One Limited,Financial Results/Dividend,FINANCIAL_RESULTS,"Please find attached the intimation regarding the update on the Board Meeting, including the consideration and declaration of first interim dividend for FY 2026-27",FINANCIAL_SERVICES,2,5,-62.95,-7.8,49.22
2026-07-15,FEDFINA,Fedbank Financial Services Limited,Financial Results,FINANCIAL_RESULTS,"To consider and approve the financial results for the period ended Jun 30, 2026",FINANCIAL_SERVICES,2,5,-62.95,-7.8,49.22
2026-07-15,GROWW,Billionbrains Garage Ventures Limited,Financial Results,FINANCIAL_RESULTS,"To consider and approve the unaudited financial results for the period ended Jun 30, 2026",FINANCIAL_SERVICES,2,5,-62.95,-7.8,49.22
2026-07-15,HDBFS,HDB Financial Services Limited,Financial Results,FINANCIAL_RESULTS,"To consider and approve the unaudited financial results for the quarter ending June 30, 2026. In view of the above and pursuant to the SEBI (Prohibition of Insider Trading) Regulations, 2015, we also wish to inform you that the window for trading in the securities of the Company shall remain closed from Wednesday, July 1, 2026 to Friday, July 17, 2026 (both days inclusive) for the promoter, designated persons, directors and their immediate relatives, etc.",FINANCIAL_SERVICES,2,5,-62.95,-7.8,49.22
2026-07-15,HDFCAMC,HDFC Asset Management Company Limited,Financial Results,FINANCIAL_RESULTS,"To consider and approve the financial results for the period ended Jun 30, 2026",FINANCIAL_SERVICES,2,5,-62.95,-7.8,49.22
2026-07-15,HDFCLIFE,HDFC Life Insurance Company Limited,Financial Results,FINANCIAL_RESULTS,"To consider and approve the financial results for the period ended Jun 30, 2026",FINANCIAL_SERVICES,2,5,-62.95,-7.8,49.22
2026-07-15,ICICIGI,ICICI Lombard General Insurance Company Limited,Financial Results,FINANCIAL_RESULTS,"To consider and approve the financial results for the period ended Jun 30, 2026",FINANCIAL_SERVICES,2,5,-62.95,-7.8,49.22
2026-07-15,NETWORK18,Network18 Media & Investments Limited,Financial Results,FINANCIAL_RESULTS,"To consider and approve the unaudited financial results for the quarter ended Jun 30, 2026",FINANCIAL_SERVICES,2,5,-62.95,-7.8,49.22
2026-07-15,JSFB,Jana Small Finance Bank Limited,Financial Results,FINANCIAL_RESULTS,"To consider and approve the financial results for the period ended Jun 30, 2026",BANKING,2,5,-74.32,-20.73,47.93
2026-07-15,UNIONBANK,Union Bank of India,Financial Results,FINANCIAL_RESULTS,"To consider and approve the financial results for the period ended Jun 30, 2026",BANKING,2,5,-74.32,-20.73,47.93
2026-07-15,KALAMANDIR,Sai Silks (Kalamandir) Limited,Financial Results,FINANCIAL_RESULTS,"To consider and approve the financial results for the period ended Jun 30, 2026",RETAIL,2,5,-52.88,-21.15,47.88
2026-07-15,AGRITECH,Agri-Tech (India) Limited,Financial Results,FINANCIAL_RESULTS,"To consider and approve the financial results for the period ended Jun 30, 2026",AGRICULTURE,2,5,-53.8,-21.52,47.85
2026-07-15,RIIL,Reliance Industrial Infrastructure Limited,Financial Results,FINANCIAL_RESULTS,"Reliance Industrial Infrastructure Ltd has informed that the meeting of the Board of Directors of the Company is scheduled on July 15, 2026, inter alia, to consider and approve the Standalone and Consolidated Un-audited Financial Results of the Company for the quarter ended June 30, 2026. Kindly take the same on record.",LOGISTICS,2,5,-57.56,-23.02,47.7
2026-07-15,ORIENTHOT,Oriental Hotels Limited,Financial Results/Other business matters,FINANCIAL_RESULTS,"To consider and approve the financial results for the period ended Jun 30, 2026 and other business matters",HOSPITALITY,2,5,-59.39,-23.76,47.62
2026-07-15,SSWL,Steel Strips Wheels Limited,Financial Results/Other business matters,FINANCIAL_RESULTS,"To consider and approve the financial results for the period ended Jun 30, 2026 and other business matters",AUTO,2,5,-59.26,-24.65,47.54
2026-07-15,GTPL,GTPL Hathway Limited,Financial Results,FINANCIAL_RESULTS,"To consider and approve the Unaudited Standalone and Consolidated Financial Results of the Company for the quarter ended June 30, 2026.",MEDIA,2,5,-29.31,-26.39,47.36
2026-07-15,KSOLVES,Ksolves India Limited,Financial Results/Dividend,FINANCIAL_RESULTS,"To consider and approve the financial results for the period ended Jun 30, 2026 and dividend",IT,2,5,-66.6,-27.03,47.3
2026-07-15,HSCL,Himadri Speciality Chemical Limited,Financial Results,FINANCIAL_RESULTS,"To consider and approve the financial results for the period ended Jun 30, 2026",CHEMICALS,2,5,-69.06,-34.99,46.5
2026-07-15,MRPL,Mangalore Refinery and Petrochemicals Limited,Financial Results,FINANCIAL_RESULTS,"To consider and approve the Un- Audited financial results for the period ended Jun 30, 2026",CHEMICALS,2,5,-69.06,-34.99,46.5
2026-07-15,EMMVEE,Emmvee Photovoltaic Power Limited,Financial Results,FINANCIAL_RESULTS,To consider and approve the unaudited Financial Results (Standalone and Consolidated) of the Company for the quarter ended 30th June 2026.,CAPITAL_GOODS,2,5,-63.72,-35.33,46.47
2026-07-15,RPEL,Raghav Productivity Enhancers Limited,Financial Results,FINANCIAL_RESULTS,"To consider and approve the financial results for the period ended Jun 30, 2026",CAPITAL_GOODS,2,5,-63.72,-35.33,46.47
2026-07-15,SONAMLTD,SONAM LIMITED,Financial Results/Other business matters,FINANCIAL_RESULTS,"To consider and approve the financial results for the period ended Jun 30, 2026 and other business matters",CAPITAL_GOODS,2,5,-63.72,-35.33,46.47
2026-07-15,SAMBHV,Sambhv Steel Tubes Limited,Fund Raising,OTHER,"Board Meeting scheduled on July 15, 2026, to  consider and approve the proposal for raising of funds",METAL,2,0,-58.21,-0.14,-0.01
2026-07-15,ICICIPRULI,ICICI Prudential Life Insurance Company Limited,Other business matters,OTHER,"To consider and approve the Un-audited financial statements and financial results of the Company for the quarter ended June 30, 2026.",FINANCIAL_SERVICES,2,0,-62.95,-7.8,-0.78
2026-07-15,BRIGADE,Brigade Enterprises Limited,Fund Raising,OTHER,To consider Fund Raising,HOSPITALITY,2,0,-59.39,-23.76,-2.38
2026-07-15,ATHERENERG,Ather Energy Limited,Fund Raising,OTHER,Board Meeting Intimation to consider and approve the proposal of raising of funds,AUTO,2,0,-59.26,-24.65,-2.46
2026-07-15,AERONEU,Aeroflex Neu Limited,Other business matters,OTHER,To consider other business matters,CHEMICALS,2,0,-69.06,-34.99,-3.5
2026-07-16,360ONE,360 ONE WAM LIMITED,Financial Results,FINANCIAL_RESULTS,"To consider and approve the standalone and consolidated unaudited financial results for the quarter ended June 30, 2026.",FINANCIAL_SERVICES,3,5,-62.95,-7.8,49.22
2026-07-16,JIOFIN,Jio Financial Services Limited,Financial Results,FINANCIAL_RESULTS,"To consider and approve the financial results for the quarter ended June 30, 2026",FINANCIAL_SERVICES,3,5,-62.95,-7.8,49.22
2026-07-16,MUTHOOTCAP,Muthoot Capital Services Limited,Financial Results,FINANCIAL_RESULTS,"To consider and approve the Unaudited financial results for the quarter ended June 30, 2026",FINANCIAL_SERVICES,3,5,-62.95,-7.8,49.22
2026-07-16,PIRAMALFIN,Piramal Finance Limited,Financial Results/Fund Raising,FINANCIAL_RESULTS,"Intimation of Board Meeting to consider and approve the Unaudited Financial Results (Standalone and Consolidated) for the quarter ended 30 June, 2026 and Fund Raising",FINANCIAL_SERVICES,3,5,-62.95,-7.8,49.22
2026-07-16,PNBGILTS,PNB Gilts Limited,Financial Results,FINANCIAL_RESULTS,"To consider and approve the financial results for the period ended Jun 30, 2026",FINANCIAL_SERVICES,3,5,-62.95,-7.8,49.22
2026-07-16,ALOKINDS,Alok Industries Limited,Financial Results,FINANCIAL_RESULTS,"Alok Industries Limited has informed the Exchange about Board Meeting to be held on July 16, 2026 to inter-alia consider and approve the Unaudited Financial Results of the Company for the Quarter ended June 30, 2026.",TEXTILES,3,5,-43.88,-14.27,48.57
2026-07-16,ONWARDTEC,Onward Technologies Limited,Financial Results,FINANCIAL_RESULTS,"To consider and approve the financial results for the period ended Jun 30, 2026",TEXTILES,3,5,-43.88,-14.27,48.57
2026-07-16,SWSOLAR,Sterling and Wilson Renewable Energy Limited,Financial Results,FINANCIAL_RESULTS,"To consider and approve the Unaudited financial results for the period ended Jun 30, 2026",INFRASTRUCTURE,3,5,-65.2,-15.6,48.44
2026-07-16,CHEMBONDCH,Chembond Chemicals Limited,Financial Results,FINANCIAL_RESULTS,"To consider and approve the Un-Audited financial results for the period ended Jun 30, 2026",OTHER,3,5,-44.77,-17.91,48.21
2026-07-16,SOUTHBANK,The South Indian Bank Limited,Financial Results/Fund Raising/Other business matters,FINANCIAL_RESULTS,"Unaudited Standalone and Consolidated Financial Results of the Bank for the quarter ended 30th June, 2026, Borrowing/ raising funds by issue of debt securities and to Consider convening the Annual General Meeting of the shareholders of the Bank.",BANKING,3,5,-74.32,-20.73,47.93
2026-07-16,WEWORK,WeWork India Management Limited,Financial Results/Other business matters,FINANCIAL_RESULTS,"To consider and approve the unaudited standalone and consolidated financial results for the quarter ending June 30, 2026 and other business matters",REALTY,3,5,-57.0,-22.44,47.76
2026-07-16,ITCHOTELS,ITC Hotels Limited,Financial Results,FINANCIAL_RESULTS,"To consider and approve the Unaudited Standalone and Consolidated Financial Results of the Company for the period ended Jun 30, 2026",HOSPITALITY,3,5,-59.39,-23.76,47.62
2026-07-16,CEATLTD,CEAT Limited,Financial Results,FINANCIAL_RESULTS,"To consider and approve the financial results for the period ended Jun 30, 2026",AUTO,3,5,-59.26,-24.65,47.54
2026-07-16,GNA,GNA Axles Limited,Financial Results,FINANCIAL_RESULTS,"To consider and approve the financial results for the period ended Jun 30, 2026",AUTO,3,5,-59.26,-24.65,47.54
2026-07-16,MENONBE,Menon Bearings Limited,Financial Results/Dividend,FINANCIAL_RESULTS,"To consider and approve the financial results for the period ended Jun 30, 2026 and dividend",AUTO,3,5,-59.26,-24.65,47.54
2026-07-16,DBCORP,D.B.Corp Limited,Financial Results/Dividend,FINANCIAL_RESULTS,"To consider and approve the financial results for the period ended Jun 30, 2026 and dividend",MEDIA,3,5,-29.31,-26.39,47.36
2026-07-16,HATHWAY,Hathway Cable & Datacom Limited,Financial Results,FINANCIAL_RESULTS,"To consider and approve the Unaudited Financial results of the Company for the first quarter ended June 30, 2026",MEDIA,3,5,-29.31,-26.39,47.36
2026-07-16,NELCO,NELCO Limited,Financial Results,FINANCIAL_RESULTS,"To consider and approve the financial results for the period ended Jun 30, 2026",IT,3,5,-66.6,-27.03,47.3
2026-07-16,NEWGEN,Newgen Software Technologies Limited,Financial Results/Other business matters,FINANCIAL_RESULTS,"To consider and approve the financial results for the period ended Jun 30, 2026 and other business matters",IT,3,5,-66.6,-27.03,47.3
2026-07-16,TECHM,Tech Mahindra Limited,Financial Results/Other business matters,FINANCIAL_RESULTS,"To consider and approve the financial results for the period ended Jun 30, 2026 and other business matters",IT,3,5,-66.6,-27.03,47.3
2026-07-16,WIPRO,Wipro Limited,Financial Results/Dividend,FINANCIAL_RESULTS,"Pursuant to Regulation 29(1) of the SEBI (Listing Obligations and Disclosure Requirements) Regulations, 2015, it is hereby informed that the next meeting of the Board of Directors of Wipro Limited ( the Company ) will be held over July 15-16, 2026 to consider and approve, inter alia:a) the condensed audited standalone and consolidated financial results of the Company under lndAS for the quarter ended June 30, 2026.b) the condensed audited consolidated financial results of the Company under IFRS for the quarter ended June 30, 2026.c) declaration of interim dividend, if any, for the financial year 2026-27.The financial results will be approved by the Board of Directors on July 16, 2026.It is further informed that the trading window for dealing in the securities of the Company is closed from June 16, 2026 till the close of July 18, 2026 (both days inclusive).",IT,3,5,-66.6,-27.03,47.3
2026-07-16,BORORENEW,BOROSIL RENEWABLES LIMITED,Financial Results,FINANCIAL_RESULTS,"To consider and approve the Un-audited Financial Results (Standalone & Consolidated) of the Company for the quarter ended June 30, 2026.",CAPITAL_GOODS,3,5,-63.72,-35.33,46.47
2026-07-16,MAHEPC,Mahindra EPC Irrigation Limited,Financial Results,FINANCIAL_RESULTS,"Mahindra EPC Irrigation Ltd has informed the exchange regarding the meeting of the Board of Directors of the Company is scheduled on July 16, 2026, inter alia, to consider and approve the Un-Audited Standalone and Consolidated Financial Results of the Company for the Quarter ended June 30, 2026.",CAPITAL_GOODS,3,5,-63.72,-35.33,46.47
2026-07-16,POLYCAB,Polycab India Limited,Financial Results,FINANCIAL_RESULTS,"To consider and approve the financial results for the period ended Jun 30, 2026",CAPITAL_GOODS,3,5,-63.72,-35.33,46.47
2026-07-16,TRF,TRF Limited,Financial Results/Other business matters,FINANCIAL_RESULTS,"To consider and approve the financial results for the period ended Jun 30, 2026 and other business matters",CAPITAL_GOODS,3,5,-63.72,-35.33,46.47
2026-07-16,BHEL,Bharat Heavy Electricals Limited,Financial Results,FINANCIAL_RESULTS,"To consider and approve the financial results for the period ended Jun 30, 2026",FMCG,3,5,-63.58,-54.94,44.51
2026-07-16,HERITGFOOD,Heritage Foods Limited,Financial Results/Other business matters,FINANCIAL_RESULTS,"To consider and approve the financial results for the period ended Jun 30, 2026 and other business matters",FMCG,3,5,-63.58,-54.94,44.51
2026-07-16,SHAH,Shah Metacorp Limited,Other business matters,OTHER,To consider other business matters,METAL,3,0,-58.21,-0.14,-0.01
2026-07-16,JINDALPHOT,Jindal Photo Limited,Voluntary Delisting,OTHER,To consider voluntary delisting,FINANCIAL_SERVICES,3,0,-62.95,-7.8,-0.78
2026-07-16,KECL,Kirloskar Electric Company Limited,Fund Raising/Other business matters,OTHER,To consider the proposal for fund raising by issuance of equity shares of the Company by way of preferential issue or any other methods and other matters.,OTHER,3,0,-44.77,-17.91,-1.79
2026-07-17,JAYNECOIND,Jayaswal Neco Industries Limited,Financial Results/Other business matters,FINANCIAL_RESULTS,"To consider and approve the financial results for the period ended Jun 30, 2026 and other business matters",METAL,4,5,-58.21,-0.14,49.99
2026-07-17,JSWSTEEL,JSW Steel Limited,Financial Results,FINANCIAL_RESULTS,"To consider and approve the financial results for the period ended Jun 30, 2026",METAL,4,5,-58.21,-0.14,49.99
2026-07-17,ICICIGI,ICICI Lombard General Insurance Company Limited,Financial Results,FINANCIAL_RESULTS,"To consider and approve the financial results for the period ended Jun 30, 2026",FINANCIAL_SERVICES,4,5,-62.95,-7.8,49.22
2026-07-17,POONAWALLA,Poonawalla Fincorp Limited,Financial Results,FINANCIAL_RESULTS,"To consider and approve the financial results for the period ended Jun 30, 2026",FINANCIAL_SERVICES,4,5,-62.95,-7.8,49.22
2026-07-17,CHEMBOND,Chembond Material Technologies Limited,Financial Results,FINANCIAL_RESULTS,"To consider and approve the financial results for the period ended Jun 30, 2026",OTHER,4,5,-44.77,-17.91,48.21
2026-07-17,PILITA,PIL ITALICA LIFESTYLE LIMITED,Financial Results,FINANCIAL_RESULTS,"To consider and approve the financial results for the period ended Jun 30, 2026",OTHER,4,5,-44.77,-17.91,48.21
2026-07-17,FEDERALBNK,The Federal Bank  Limited,Financial Results/Fund Raising,FINANCIAL_RESULTS,"To consider and approve the financial results for the period ended Jun 30, 2026 and Fund Raising",BANKING,4,5,-74.32,-20.73,47.93
2026-07-17,RBLBANK,RBL Bank Limited,Financial Results/Fund Raising,FINANCIAL_RESULTS,"To consider and approve the financial results for the period ended Jun 30, 2026 and Fund Raising",BANKING,4,5,-74.32,-20.73,47.93
2026-07-17,OBEROIRLTY,Oberoi Realty Limited,Financial Results/Dividend,FINANCIAL_RESULTS,"To consider and approve the financial results for the period ended Jun 30, 2026 and dividend",REALTY,4,5,-57.0,-22.44,47.76
2026-07-17,NAVKARCORP,Navkar Corporation Limited,Financial Results,FINANCIAL_RESULTS,"To consider and approve the financial results for the period ended Jun 30, 2026",POWER,4,5,-69.16,-27.66,47.23
2026-07-17,TATVA,Tatva Chintan Pharma Chem Limited,Financial Results,FINANCIAL_RESULTS,"To consider and approve the financial results for the period ended Jun 30, 2026",CHEMICALS,4,5,-69.06,-34.99,46.5
2026-07-17,HAVELLS,Havells India Limited,Financial Results,FINANCIAL_RESULTS,"To consider and approve the financial results for the period ended Jun 30, 2026",CAPITAL_GOODS,4,5,-63.72,-35.33,46.47
2026-07-17,RELIANCE,Reliance Industries Limited,Financial Results,FINANCIAL_RESULTS,"To consider and approve the financial results for the period ended June 30, 2026",ENERGY,4,5,-84.92,-41.98,45.8
2026-07-17,GLOBUSSPR,Globus Spirits Limited,Financial Results/Other business matters,FINANCIAL_RESULTS,"To consider and approve the financial results for the period ended Jun 30, 2026 and other business matters",FMCG,4,5,-63.58,-54.94,44.51
2026-07-17,TATATECH,Tata Technologies Limited,Financial Results,FINANCIAL_RESULTS,"To consider and approve the unaudited Standalone and Consolidated Financial Results for the quarter ended June 30, 2026",FMCG,4,5,-63.58,-54.94,44.51
2026-07-17,AFFORDABLE,Affordable Robotic & Automation Limited,Fund Raising/Other business matters,OTHER,To consider Fund Raising and other business matters,OTHER,4,0,-44.77,-17.91,-1.79
2026-07-18,CANFINHOME,Can Fin Homes Limited,Financial Results,FINANCIAL_RESULTS,"To consider and approve the financial results for the period ended Jun 30, 2026",FINANCIAL_SERVICES,5,5,-62.95,-7.8,49.22
2026-07-18,ASHIMASYN,Ashima Limited,Financial Results,FINANCIAL_RESULTS,"To consider and approve the financial results for the period ended Jun 30, 2026",TEXTILES,5,5,-43.88,-14.27,48.57
2026-07-18,PREMIERPOL,Premier Polyfilm Limited,Financial Results/Other business matters,FINANCIAL_RESULTS,"To consider and approve the financial results for the period ended Jun 30, 2026 and other business matters",OTHER,5,5,-44.77,-17.91,48.21
2026-07-18,AXISBANK,Axis Bank Limited,Financial Results,FINANCIAL_RESULTS,"To consider and approve the financial results for the period ended Jun 30, 2026",BANKING,5,5,-74.32,-20.73,47.93
2026-07-18,HDFCBANK,HDFC Bank Limited,Financial Results,FINANCIAL_RESULTS,"To consider and approve the unaudited standalone and consolidated financial results of the Bank for the quarter ended June 30, 2026",BANKING,5,5,-74.32,-20.73,47.93
2026-07-18,ICICIBANK,ICICI Bank Limited,Financial Results,FINANCIAL_RESULTS,"To inter-alia consider and approve the unaudited financial results (standalone and consolidated) for the quarter ending June 30, 2026",BANKING,5,5,-74.32,-20.73,47.93
2026-07-18,IDBI,IDBI Bank Limited,Financial Results,FINANCIAL_RESULTS,"To consider and approve the financial results for the period ended Jun 30, 2026",BANKING,5,5,-74.32,-20.73,47.93
2026-07-18,KOTAKBANK,Kotak Mahindra Bank Limited,Financial Results,FINANCIAL_RESULTS,"To consider and approve the financial results for the period ended Jun 30, 2026",BANKING,5,5,-74.32,-20.73,47.93
2026-07-18,YESBANK,Yes Bank Limited,Financial Results,FINANCIAL_RESULTS,"Intimation of the date of the Board Meeting for considering Un-audited Financial Results for the Quarter (Q1) ended June 30, 2026",BANKING,5,5,-74.32,-20.73,47.93
2026-07-18,ROSSARI,Rossari Biotech Limited,Financial Results,FINANCIAL_RESULTS,"Rossari Biotech Ltd has informed NSE that the meeting of the Board of Directors of the Company is scheduled on 18/07/2026,inter alia, to consider and approve Unaudited Financial Results (Standalone & Consolidated) for the quarter ended June 30, 2026.",CHEMICALS,5,5,-69.06,-34.99,46.5
2026-07-18,BEPL,Bhansali Engineering Polymers Limited,Financial Results/Dividend,FINANCIAL_RESULTS,"To consider and approve the financial results for the quarter ended Jun 30, 2026 and to consider the 1st Interim dividend for FY 2026-27.",CAPITAL_GOODS,5,5,-63.72,-35.33,46.47
2026-07-18,INDIACEM,The India Cements Limited,Financial Results,FINANCIAL_RESULTS,"To consider and approve the financial results for the period ended Jun 30, 2026",CEMENT,5,5,-62.47,-47.2,45.28
2026-07-18,JKCEMENT,JK Cement Limited,Financial Results/Other business matters,FINANCIAL_RESULTS,"To consider and approve the financial results for the period ended Jun 30, 2026 and other business matters",CEMENT,5,5,-62.47,-47.2,45.28
2026-07-20,SHYAMMETL,Shyam Metalics and Energy Limited,Financial Results/Dividend/Fund Raising,FINANCIAL_RESULTS,"To consider and approve the financial results for the period ended Jun 30, 2026, dividend and Fund Raising",METAL,7,5,-58.21,-0.14,49.99
2026-07-20,STEELXIND,STEEL EXCHANGE INDIA LIMITED,Financial Results/Other business matters,FINANCIAL_RESULTS,"To consider and approve the financial results for the period ended Jun 30, 2026 and other business matters",METAL,7,5,-58.21,-0.14,49.99
2026-07-20,VENUSREM,Venus Remedies Limited,Financial Results/Other business matters,FINANCIAL_RESULTS,"To consider and approve the financial results for the period ended Jun 30, 2026 and other business matters",PHARMA,7,5,-61.86,-10.69,48.93
2026-07-20,ALKALI,Alkali Metals Limited,Financial Results/Other business matters,FINANCIAL_RESULTS,"To consider and approve the financial results for the period ended Jun 30, 2026 and other business matters",OTHER,7,5,-44.77,-17.91,48.21
2026-07-20,CALSOFT,California Software Company Limited,Financial Results/Other business matters,FINANCIAL_RESULTS,"To consider and approve the financial results for the period ended Jun 30, 2026 and other business matters",OTHER,7,5,-44.77,-17.91,48.21
2026-07-20,CSM,CSM Technologies Limited,Financial Results/Dividend,FINANCIAL_RESULTS,"To consider and approve the financial results for the period ended March 31, 2026 and dividend",OTHER,7,5,-44.77,-17.91,48.21
2026-07-20,KARURVYSYA,Karur Vysya Bank Limited,Financial Results,FINANCIAL_RESULTS,"To consider and approve the unaudited financial results for the period ended Jun 30, 2026",BANKING,7,5,-74.32,-20.73,47.93
2026-07-20,TINNARUBR,Tinna Rubber and Infrastructure Limited,Financial Results/Other business matters,FINANCIAL_RESULTS,"Board meeting is scheduled to be held on Monday, July 20, 2026, to consider and approve (i) the un-audited financial results for the period ended Jun 30, 2026; and (ii) other business matters",REALTY,7,5,-57.0,-22.44,47.76
2026-07-20,MAHLOG,Mahindra Logistics Limited,Financial Results/Other business matters,FINANCIAL_RESULTS,"Meeting of the Board of Directors of Mahindra Logistics Limited is scheduled to be held on Monday, 20 July 2026 to inter alia, consider and approve the Unaudited Standalone and Consolidated Financial Results of the Company for the first quarter ended 30 June 2026, which shall be subject to limited review by the Statutory Auditor of the Company, in compliance with Regulation 29 and other applicable provisions of the Securities and Exchange Board of India (Listing Obligations and Disclosure Requirements) Regulations, 2015. Detailed disclosure is enclosed.",LOGISTICS,7,5,-57.56,-23.02,47.7
2026-07-20,ACE,Action Construction Equipment Limited,Financial Results,FINANCIAL_RESULTS,"To consider and approve the financial results for the period ended Jun 30, 2026",AUTO,7,5,-59.26,-24.65,47.54
2026-07-20,SMLMAH,SML Mahindra Limited,Financial Results,FINANCIAL_RESULTS,"To consider & approve the Unaudited Financial Results of the Company for the first quarter (FY 2026-27) ending on                  30th June, 2026.",AUTO,7,5,-59.26,-24.65,47.54
2026-07-20,JPPOWER,Jaiprakash Power Ventures Limited,Financial Results,FINANCIAL_RESULTS,"To consider and approve the financial results for the period ended Jun 30, 2026",POWER,7,5,-69.16,-27.66,47.23
2026-07-20,RALLIS,Rallis India Limited,Financial Results,FINANCIAL_RESULTS,"To consider and approve the financial results for the period ended June 30, 2026",CHEMICALS,7,5,-69.06,-34.99,46.5
2026-07-20,SWARAJENG,Swaraj Engines Limited,Financial Results,FINANCIAL_RESULTS,"To consider and approve the financial results for the period ended Jun 30, 2026",CAPITAL_GOODS,7,5,-63.72,-35.33,46.47
2026-07-20,TARIL,Transformers And Rectifiers (India) Limited,Financial Results/Other business matters,FINANCIAL_RESULTS,"To consider and approve the financial results for the period ended Jun 30, 2026 and other business matters",CAPITAL_GOODS,7,5,-63.72,-35.33,46.47
2026-07-20,ULTRACEMCO,UltraTech Cement Limited,Financial Results,FINANCIAL_RESULTS,"To consider and approve the financial results for the period ended Jun 30, 2026",CEMENT,7,5,-62.47,-47.2,45.28
2026-07-20,BLUESTONE,BlueStone Jewellery and Lifestyle Limited,Financial Results,FINANCIAL_RESULTS,"To consider and approve the financial results for the period ended Jun 30, 2026",FMCG,7,5,-63.58,-54.94,44.51
2026-07-20,DPABHUSHAN,D. P. Abhushan Limited,Financial Results,FINANCIAL_RESULTS,"To consider and approve the unaudited financial results for the period ended Jun 30, 2026",FMCG,7,5,-63.58,-54.94,44.51
2026-07-21,NIITLTD,NIIT Limited,Financial Results/Other business matters,FINANCIAL_RESULTS,"To consider and approve the financial results for the period ended Jun 30, 2026 and other business matters",HEALTHCARE,8,5,-49.48,-2.63,49.74
2026-07-21,CRAMC,Canara Robeco Asset Management Company Limited,Financial Results,FINANCIAL_RESULTS,"To consider and approve the financial results for the period ended Jun 30, 2026.",FINANCIAL_SERVICES,8,5,-62.95,-7.8,49.22
2026-07-21,CRISIL,Crisil Limited,Financial Results/Dividend,FINANCIAL_RESULTS,"To consider and approve the financial results for the period ended Jun 30, 2026 and dividend",FINANCIAL_SERVICES,8,5,-62.95,-7.8,49.22
2026-07-21,M&MFIN,Mahindra & Mahindra Financial Services Limited,Financial Results,FINANCIAL_RESULTS,"Mahindra & Mahindra Financial Services Ltd has informed that the meeting of the Board of Directors of the Company is scheduled on July 21, 2026,inter alia, to consider and approve the Unaudited Financial Results of the Company for the quarter ended June 30, 2026.",FINANCIAL_SERVICES,8,5,-62.95,-7.8,49.22
2026-07-21,TVSHLTD,TVS Holdings Limited,Financial Results,FINANCIAL_RESULTS,"To consider and approve the financial results for the period ended Jun 30, 2026",FINANCIAL_SERVICES,8,5,-62.95,-7.8,49.22
2026-07-21,GRANULES,Granules India Limited,Financial Results,FINANCIAL_RESULTS,"To consider and approve the financial results for the period ended Jun 30, 2026",PHARMA,8,5,-61.86,-10.69,48.93
2026-07-21,MEDPLUS,Medplus Health Services Limited,Financial Results,FINANCIAL_RESULTS,"Intimation of Board Meeting under Regulation 29 of SEBI (Listing Obligations and DisclosureRequirements) Regulations, 2015 (""SEBI LODR"")",PHARMA,8,5,-61.86,-10.69,48.93
2026-07-21,INDHOTEL,The Indian Hotels Company Limited,Financial Results,FINANCIAL_RESULTS,"To consider and approve the financial results for the period ended Jun 30, 2026",HOSPITALITY,8,5,-59.39,-23.76,47.62
2026-07-21,BAJAJ-AUTO,Bajaj Auto Limited,Financial Results,FINANCIAL_RESULTS,"To consider and approve the financial results for the period ended Jun 30, 2026",AUTO,8,5,-59.26,-24.65,47.54
2026-07-21,TVSMOTOR,TVS Motor Company Limited,Financial Results/Fund Raising,FINANCIAL_RESULTS,"TVS Motor Company Limited has informed the Exchange about Board Meeting to be held on 21st July 2026 to consider and approve the financial results for the period ended Jun 30, 2026 and Fund Raising",AUTO,8,5,-59.26,-24.65,47.54
2026-07-21,NDTV,New Delhi Television Limited,Financial Results,FINANCIAL_RESULTS,"To consider and approve the un-audited financial results (Standalone and Consolidated) for the quarter ended June 30, 2026",MEDIA,8,5,-29.31,-26.39,47.36
2026-07-21,MASTEK,Mastek Limited,Financial Results,FINANCIAL_RESULTS,"To consider and approve the financial results for the period ended Jun 30, 2026",IT,8,5,-66.6,-27.03,47.3
2026-07-21,SAGILITY,SAGILITY LIMITED,Financial Results,FINANCIAL_RESULTS,"To consider and approve the financial results for the period ended Jun 30, 2026",IT,8,5,-66.6,-27.03,47.3
2026-07-21,ADANIENSOL,Adani Energy Solutions Limited,Financial Results,FINANCIAL_RESULTS,"To consider and approve the financial results for the period ended Jun 30, 2026",POWER,8,5,-69.16,-27.66,47.23
2026-07-21,CYIENTDLM,Cyient DLM Limited,Financial Results,FINANCIAL_RESULTS,"To consider and approve the financial results for the period ended Jun 30, 2026",CAPITAL_GOODS,8,5,-63.72,-35.33,46.47
2026-07-21,SERVOTECH,Servotech Renewable Power System Limited,Financial Results,FINANCIAL_RESULTS,"To consider and approve the financial results for the period ended Jun 30, 2026",CAPITAL_GOODS,8,5,-63.72,-35.33,46.47
2026-07-21,ATGL,Adani Total Gas Limited,Financial Results,FINANCIAL_RESULTS,"To consider and approve the unaudited financial results (Standalone and Consolidated)  for the quarter ended Jun 30, 2026",ENERGY,8,5,-84.92,-41.98,45.8
2026-07-22,UTIAMC,UTI Asset Management Company Limited,Financial Results/Other business matters,FINANCIAL_RESULTS,"To consider and approve the financial results for the period ended Jun 30, 2026 and other business matters",AMC,9,5,-16.32,3.77,50.38
2026-07-22,GEOJITFSL,Geojit Financial Services Limited,Financial Results/Other business matters,FINANCIAL_RESULTS,"To consider and approve the financial results for the period ended Jun 30, 2026 and other business matters",FINANCIAL_SERVICES,9,5,-62.95,-7.8,49.22
2026-07-22,DRREDDY,Dr. Reddy's Laboratories Limited,Financial Results,FINANCIAL_RESULTS,"To consider the Un-audited Standalone and Consolidated Financial Results of the Company for the quarter ending on June 30, 2026",PHARMA,9,5,-61.86,-10.69,48.93
2026-07-22,RSSOFTWARE,R. S. Software (India) Limited,Financial Results/Other business matters,FINANCIAL_RESULTS,"To consider and approve the financial results for the period ended Jun 30, 2026 and other business matters",OTHER,9,5,-44.77,-17.91,48.21
2026-07-22,CSBBANK,CSB Bank Limited,Financial Results,FINANCIAL_RESULTS,"To consider and approve the unaudited financial results of the Bank for the quarter ended June 30, 2026",BANKING,9,5,-74.32,-20.73,47.93
2026-07-22,INDUSINDBK,IndusInd Bank Limited,Financial Results/Fund Raising/Other business matters,FINANCIAL_RESULTS,"To consider and approve the Unaudited Consolidated and Standalone Financial Results for the quarter ended June 30, 2026, fixing the date and time for the 32nd Annual General Meeting of the Bank and Fund Raising.",BANKING,9,5,-74.32,-20.73,47.93
2026-07-22,SHOPERSTOP,Shoppers Stop Limited,Financial Results/Other business matters,FINANCIAL_RESULTS,"To consider and approve the financial results for the period ended Jun 30, 2026 and other business matters",RETAIL,9,5,-52.88,-21.15,47.88
2026-07-22,SMARTWORKS,Smartworks Coworking Spaces Limited,Financial Results,FINANCIAL_RESULTS,"To consider and approve the financial results for the period ended Jun 30, 2026",REALTY,9,5,-57.0,-22.44,47.76
2026-07-22,MHRIL,Mahindra Holidays & Resorts India Limited,Financial Results,FINANCIAL_RESULTS,"To consider and approve the financial results for the period ended Jun 30, 2026",HOSPITALITY,9,5,-59.39,-23.76,47.62
2026-07-22,CIEINDIA,CIE Automotive India Limited,Financial Results,FINANCIAL_RESULTS,"To consider and approve the financial results for the period ended Jun 30, 2026",AUTO,9,5,-59.26,-24.65,47.54
2026-07-22,SCHAEFFLER,Schaeffler India Limited,Financial Results,FINANCIAL_RESULTS,"To consider and approve the Unaudited financial results (standalone and Consolidated) for the quarter and half year ended Jun 30, 2026",AUTO,9,5,-59.26,-24.65,47.54
2026-07-22,RADIOCITY,Music Broadcast Limited,Financial Results,FINANCIAL_RESULTS,"To consider and approve the Un-audited financial results for the quarter ended June 30, 2026",MEDIA,9,5,-29.31,-26.39,47.36
2026-07-22,ADANIGREEN,Adani Green Energy Limited,Financial Results,FINANCIAL_RESULTS,"To consider and approve the financial results for the period ended Jun 30, 2026",POWER,9,5,-69.16,-27.66,47.23
2026-07-22,ADANIPOWER,Adani Power Limited,Financial Results,FINANCIAL_RESULTS,"To consider and approve the financial results for the period ended June 30, 2026",POWER,9,5,-69.16,-27.66,47.23
2026-07-22,BPCL,Bharat Petroleum Corporation Limited,Financial Results,FINANCIAL_RESULTS,"To consider and approve the financial results for the period ended Jun 30, 2026",CHEMICALS,9,5,-69.06,-34.99,46.5
2026-07-22,HINDPETRO,Hindustan Petroleum Corporation Limited,Financial Results,FINANCIAL_RESULTS,"To consider and approve the financial results for the period ended Jun 30, 2026",CHEMICALS,9,5,-69.06,-34.99,46.5
2026-07-22,JUBLINGREA,Jubilant Ingrevia Limited,Financial Results,FINANCIAL_RESULTS,"To consider and approve the financial results for the period ended Jun 30, 2026",CHEMICALS,9,5,-69.06,-34.99,46.5
2026-07-22,TATACOMM,Tata Communications Limited,Financial Results,FINANCIAL_RESULTS,"To consider and approve the Unaudited Financial Results for the quarter ended June 30, 2026",CHEMICALS,9,5,-69.06,-34.99,46.5
2026-07-22,HEG,HEG Limited,Financial Results,FINANCIAL_RESULTS,"To consider and approve the financial results for the period ended Jun 30, 2026",CAPITAL_GOODS,9,5,-63.72,-35.33,46.47
2026-07-22,NESTLEIND,Nestle India Limited,Financial Results,FINANCIAL_RESULTS,"A meeting of the Board of Directors of the Company is scheduled for Wednesday, 22nd July 2026, to inter-alia consider the unaudited financial results (standalone and consolidated) for the first quarter ending 30th June 2026.",FMCG,9,5,-63.58,-54.94,44.51
2026-07-22,ORIENTELEC,Orient Electric Limited,Financial Results,FINANCIAL_RESULTS,"To consider and approve the Un-audited Financial Results for the period ended Jun 30, 2026",FMCG,9,5,-63.58,-54.94,44.51
2026-07-22,UNITDSPR,United Spirits Limited,Financial Results,FINANCIAL_RESULTS,"To consider and approve the unaudited financial results for the period ended June 30, 2026",FMCG,9,5,-63.58,-54.94,44.51
2026-07-22,NAM-INDIA,Nippon Life India Asset Management Limited,Other business matters,OTHER,"Board Meeting Intimation for Considering Unaudited Financial Results for the Quarter ending June 30, 2026",AMC,9,0,-16.32,3.77,0.38
2026-07-23,CHENNPETRO,Chennai Petroleum Corporation Limited,Financial Results,FINANCIAL_RESULTS,"To consider and approve the financial results for the period ended Jun 30, 2026",METAL,10,5,-58.21,-0.14,49.99
2026-07-23,NIITMTS,NIIT Learning Systems Limited,Financial Results,FINANCIAL_RESULTS,"To consider and approve Unaudited Financial Results for the quarter ended June 30, 2026, both Consolidated and Standalone",HEALTHCARE,10,5,-49.48,-2.63,49.74
2026-07-23,CIPLA,Cipla Limited,Financial Results,FINANCIAL_RESULTS,"To consider and approve the unaudited standalone and consolidated financial results of the Company for the quarter ended 30th June, 2026.In terms of the Company's Code of Conduct for prevention of Insider Trading, the 'Trading window' for dealing in the securities of the Company will be closed from Wednesday, 1st July, 2026 till Saturday, 25th July, 2026 (both days inclusive) for the purpose of financial results.",PHARMA,10,5,-61.86,-10.69,48.93
2026-07-23,CAPITALSFB,Capital Small Finance Bank Limited,Financial Results,FINANCIAL_RESULTS,"To consider and approve the financial results for the period ended Jun 30, 2026",BANKING,10,5,-74.32,-20.73,47.93
2026-07-23,SURYODAY,Suryoday Small Finance Bank Limited,Financial Results,FINANCIAL_RESULTS,"To consider and approve the financial results for the period ended Jun 30, 2026",BANKING,10,5,-74.32,-20.73,47.93
2026-07-23,UJJIVANSFB,Ujjivan Small Finance Bank Limited,Financial Results,FINANCIAL_RESULTS,"To consider and approve the financial results for the period ended Jun 30, 2026",BANKING,10,5,-74.32,-20.73,47.93
2026-07-23,MAHLIFE,Mahindra Lifespace Developers Limited,Financial Results,FINANCIAL_RESULTS,"To consider and approve the financial results for the period ended Jun 30, 2026",REALTY,10,5,-57.0,-22.44,47.76
2026-07-23,SONACOMS,Sona BLW Precision Forgings Limited,Financial Results,FINANCIAL_RESULTS,"To consider and approve the financial results for the period ended Jun 30, 2026",AUTO,10,5,-59.26,-24.65,47.54
2026-07-23,CYIENT,Cyient Limited,Financial Results,FINANCIAL_RESULTS,"To consider and approve the financial results for the period ended Jun 30, 2026",IT,10,5,-66.6,-27.03,47.3
2026-07-23,FRACTAL,Fractal Analytics Limited,Financial Results,FINANCIAL_RESULTS,"To consider and approve the unaudited standalone and consolidated financial results of the Company for the quarter ending June 30, 2026.",IT,10,5,-66.6,-27.03,47.3
2026-07-23,INFY,Infosys Limited,Financial Results,FINANCIAL_RESULTS,"To consider and approve the financial results for the period ended Jun 30, 2026",IT,10,5,-66.6,-27.03,47.3
2026-07-23,MPHASIS,MphasiS Limited,Financial Results,FINANCIAL_RESULTS,"To consider and approve the financial results for the period ended June 30, 2026.",IT,10,5,-66.6,-27.03,47.3
2026-07-23,GUJALKALI,Gujarat Alkalies and Chemicals Limited,Financial Results/Other business matters,FINANCIAL_RESULTS,"To consider and approve the financial results for the period ended Jun 30, 2026 and other business matters",CHEMICALS,10,5,-69.06,-34.99,46.5
2026-07-23,CROWN,Crown Lifters Limited,Financial Results,FINANCIAL_RESULTS,"To consider and approve the financial results for the period ended Jun 30, 2026",CAPITAL_GOODS,10,5,-63.72,-35.33,46.47
2026-07-23,ORIENTCEM,Orient Cement Limited,Financial Results,FINANCIAL_RESULTS,"To consider and approve the financial results for the period ended Jun 30, 2026",CEMENT,10,5,-62.47,-47.2,45.28
2026-07-23,BANARBEADS,Banaras Beads Limited,Financial Results,FINANCIAL_RESULTS,"To consider and approve the financial results for the period ended Jun 30, 2026",FMCG,10,5,-63.58,-54.94,44.51
2026-07-24,JINDALSTEL,JINDAL STEEL LIMITED,Financial Results,FINANCIAL_RESULTS,"To consider and approve the financial results for the period ended Jun 30, 2026",METAL,11,5,-58.21,-0.14,49.99
2026-07-24,KFINTECH,Kfin Technologies Limited,Financial Results,FINANCIAL_RESULTS,"To consider and approve the standalone and consolidated unaudited financial results of the Company for the quarter ending June 30, 2026.",METAL,11,5,-58.21,-0.14,49.99
2026-07-24,LALPATHLAB,Dr. Lal Path Labs Ltd.,Financial Results/Other business matters,FINANCIAL_RESULTS,"To consider and approve the financial results for the period ending Jun 30, 2026 and other business mattersPlease note that this Board Meeting pertains to the Financial Year 2026 2027. However, while submitting this announcement, the Financial Year is being auto-populated as 2025 2026. Since this field is system-generated and cannot be modified by us, we are submitting the announcement with the Financial Year reflecting as 2025 2026.We request you to kindly take note of the above and consider this announcement as pertaining to the Financial Year 2026 2027.",HEALTHCARE,11,5,-49.48,-2.63,49.74
2026-07-24,SBILIFE,SBI Life Insurance Company Limited,Financial Results,FINANCIAL_RESULTS,"To consider and approve the financial results for the period ended June 30, 2026",FINANCIAL_SERVICES,11,5,-62.95,-7.8,49.22
2026-07-24,LAURUSLABS,Laurus Labs Limited,Financial Results,FINANCIAL_RESULTS,"To consider and approve the financial results for the period ended Jun 30, 2026",PHARMA,11,5,-61.86,-10.69,48.93
2026-07-24,GANGOTRI,Gangotri Textiles Limited,Financial Results,FINANCIAL_RESULTS,"To consider and approve the financial results for the period ended Jun 30, 2026",OTHER,11,5,-44.77,-17.91,48.21
2026-07-24,BANKBARODA,Bank of Baroda,Financial Results,FINANCIAL_RESULTS,"To consider and approve the financial results for the period ended Jun 30, 2026",BANKING,11,5,-74.32,-20.73,47.93
2026-07-24,GANESHHOU,GANESH HOUSING LIMITED,Financial Results,FINANCIAL_RESULTS,"Meeting of the Board of Directors to be held on Friday, July 24, 2026, inter-alia, to approve and take on record the Standalone and Consolidated unaudited  financial results  of the Company under India Accounting Standards (IND AS) for the quarter  ended June 30, 2026",REALTY,11,5,-57.0,-22.44,47.76
2026-07-24,CONCOR,Container Corporation of India Limited,Financial Results/Dividend/Other business matters,FINANCIAL_RESULTS,"To consider and approve the financial results for the period ended Jun 30, 2026, dividend and other business matters",LOGISTICS,11,5,-57.56,-23.02,47.7
2026-07-24,ATUL,Atul Limited,Financial Results,FINANCIAL_RESULTS,"To consider and approve the financial results for the period ended Jun 30, 2026",CHEMICALS,11,5,-69.06,-34.99,46.5
2026-07-24,LMW,LMW Limited,Financial Results,FINANCIAL_RESULTS,"LMW Ltd has informed the Exchange that the meeting of the Board of Directors of the Company is scheduled on 24/07/2026, inter alia, to consider and approve the Unaudited Financial Results of the Company for the quarter ended 30th June 2026.",CAPITAL_GOODS,11,5,-63.72,-35.33,46.47
2026-07-24,ACC,ACC Limited,Financial Results,FINANCIAL_RESULTS,"To consider and approve the financial results for the period ended Jun 30, 2026",CEMENT,11,5,-62.47,-47.2,45.28
2026-07-24,SHREDIGCEM,Shree Digvijay Cement Co.Ltd,Financial Results,FINANCIAL_RESULTS,"To consider and approve the financial results for the period ended Jun 30, 2026",CEMENT,11,5,-62.47,-47.2,45.28
2026-07-25,FIVESTAR,Five-Star Business Finance Limited,Financial Results,FINANCIAL_RESULTS,"To consider and approve the financial results for the period ended Jun 30, 2026",FINANCIAL_SERVICES,12,5,-62.95,-7.8,49.22
2026-07-25,SBFC,SBFC Finance Limited,Financial Results,FINANCIAL_RESULTS,"To consider and approve the financial results for the period ended Jun 30, 2026",FINANCIAL_SERVICES,12,5,-62.95,-7.8,49.22
2026-07-25,AUBANK,AU Small Finance Bank Limited,Financial Results,FINANCIAL_RESULTS,"To consider and approve the financial results for the period ended Jun 30, 2026",BANKING,12,5,-74.32,-20.73,47.93
2026-07-25,IDFCFIRSTB,IDFC First Bank Limited,Financial Results,FINANCIAL_RESULTS,"To consider and approve the financial results for the period ended Jun 30, 2026",BANKING,12,5,-74.32,-20.73,47.93
2026-07-25,SESHAPAPER,Seshasayee Paper and Boards Limited,Financial Results,FINANCIAL_RESULTS,"To consider and approve the Standalone and Consolidated Un-audited Financial Results of the Company for the quarter ended Jun 30, 2026",CHEMICALS,12,5,-69.06,-34.99,46.5
2026-07-27,MANBA,Manba Finance Limited,Financial Results/Dividend,FINANCIAL_RESULTS,"To consider and approve the financial results for the period ended Jun 30, 2026 and  interim dividend",FINANCIAL_SERVICES,14,5,-62.95,-7.8,49.22
2026-07-27,BEL,Bharat Electronics Limited,Financial Results,FINANCIAL_RESULTS,"To consider and approve the financial results for the period ended Jun 30, 2026",DEFENCE,14,5,-43.41,-17.36,48.26
2026-07-27,IFBAGRO,IFB Agro Industries Limited,Financial Results,FINANCIAL_RESULTS,"To consider and approve the financial results for the period ended Jun 30, 2026",OTHER,14,5,-44.77,-17.91,48.21
2026-07-27,AURIONPRO,Aurionpro Solutions Limited,Financial Results,FINANCIAL_RESULTS,"To consider and approve the financial results for the period ended Jun 30, 2026",IT,14,5,-66.6,-27.03,47.3
2026-07-27,COFORGE,Coforge Limited,Financial Results,FINANCIAL_RESULTS,"To consider and approve the financial results for the period ended Jun 30, 2026",IT,14,5,-66.6,-27.03,47.3
2026-07-27,FAIRCHEMOR,Fairchem Organics Limited,Financial Results,FINANCIAL_RESULTS,"To consider and approve the Unaudited Financial Results for the Quarter ended June 30, 2026",CHEMICALS,14,5,-69.06,-34.99,46.5
2026-07-27,KANPRPLA,Kanpur Plastipack Limited,Financial Results/Other business matters,FINANCIAL_RESULTS,"To consider and approve the financial results for the period ended Jun 30, 2026 and other business matters",CHEMICALS,14,5,-69.06,-34.99,46.5
2026-07-27,SUMICHEM,Sumitomo Chemical India Limited,Financial Results,FINANCIAL_RESULTS,"To consider and approve the financial results for the period ended Jun 30, 2026",CHEMICALS,14,5,-69.06,-34.99,46.5
2026-07-27,NELCAST,Nelcast Limited,Financial Results,FINANCIAL_RESULTS,"To consider and approve the financial results for the period ended Jun 30, 2026",CAPITAL_GOODS,14,5,-63.72,-35.33,46.47
2026-07-28,CHOLAFIN,Cholamandalam Investment and Finance Company Limited,Financial Results,FINANCIAL_RESULTS,"To consider and approve the un-audited financial results for the period ended Jun 30, 2026",FINANCIAL_SERVICES,15,5,-62.95,-7.8,49.22
2026-07-28,TATACAP,Tata Capital Limited,Financial Results,FINANCIAL_RESULTS,"To consider and approve the Unaudited Standalone and Consolidated Financial Results of the Company for the quarter ended June 30, 2026.",FINANCIAL_SERVICES,15,5,-62.95,-7.8,49.22
2026-07-28,GINNIFILA,Ginni Filaments Limited,Financial Results,FINANCIAL_RESULTS,"To consider and approve the financial results for the period ended Jun 30, 2026",TEXTILES,15,5,-43.88,-14.27,48.57
2026-07-28,CEMPRO,Cemindia Projects Limited,Financial Results,FINANCIAL_RESULTS,"To consider and approve the financial results for the period ended Jun 30, 2026",INFRASTRUCTURE,15,5,-65.2,-15.6,48.44
2026-07-28,AMBUJACEM,Ambuja Cements Limited,Financial Results,FINANCIAL_RESULTS,"To consider and approve the financial results for the period ended Jun 30, 2026",CEMENT,15,5,-62.47,-47.2,45.28
2026-07-28,HINDUNILVR,Hindustan Unilever Limited,Financial Results,FINANCIAL_RESULTS,"To consider and approve Unaudited Standalone and Consolidated Financial Results for the quarter ended 30th June, 2026.",FMCG,15,5,-63.58,-54.94,44.51
2026-07-28,IFBIND,IFB Industries Limited,Financial Results,FINANCIAL_RESULTS,"To consider and approve the financial results for the period ended Jun 30, 2026",FMCG,15,5,-63.58,-54.94,44.51
2026-07-28,TTKPRESTIG,TTK Prestige Limited,Financial Results,FINANCIAL_RESULTS,"To consider and approve the financial results for the period ended Jun 30, 2026",FMCG,15,5,-63.58,-54.94,44.51
2026-07-29,BAJAJHFL,Bajaj Housing Finance Limited,Financial Results,FINANCIAL_RESULTS,"To consider and approve the financial results for the period ended Jun 30, 2026",FINANCIAL_SERVICES,16,5,-62.95,-7.8,49.22
2026-07-29,MAHSCOOTER,Maharashtra Scooters Limited,Financial Results,FINANCIAL_RESULTS,"Maharashtra Scooters Ltd has informed that the meeting of the Board of Directors of the Company is scheduled on 29/07/2026, inter alia, to consider and approve unaudited financial results for the quarter ended 30 June 2026",FINANCIAL_SERVICES,16,5,-62.95,-7.8,49.22
2026-07-29,STARHEALTH,Star Health and Allied Insurance Company Limited,Financial Results,FINANCIAL_RESULTS,"To consider and approve the unaudited financial results for the quarter ended Jun 30, 2026",FINANCIAL_SERVICES,16,5,-62.95,-7.8,49.22
2026-07-29,PGHH,Procter & Gamble Hygiene and Health Care Limited,Financial Results,FINANCIAL_RESULTS,"To consider and approve the financial results for the quarter ended Jun 30, 2026",PHARMA,16,5,-61.86,-10.69,48.93
2026-07-29,SYNGENE,Syngene International Limited,Financial Results,FINANCIAL_RESULTS,"To consider and approve the financial results for the period ended Jun 30, 2026",INFRASTRUCTURE,16,5,-65.2,-15.6,48.44
2026-07-29,ADANIPORTS,Adani Ports and Special Economic Zone Limited,Financial Results,FINANCIAL_RESULTS,"To consider and approve the financial results for the period ended Jun 30, 2026",LOGISTICS,16,5,-57.56,-23.02,47.7
2026-07-29,CRAFTSMAN,Craftsman Automation Limited,Financial Results/Other business matters,FINANCIAL_RESULTS,"To consider and approve the financial results for the period ended Jun 30, 2026 and other business matters",AUTO,16,5,-59.26,-24.65,47.54
2026-07-29,ASIANPAINT,Asian Paints Limited,Financial Results,FINANCIAL_RESULTS,"This is to inform that a meeting of the Board of Directors of the Company will be held on Wednesday, 29th July 2026, inter alia, to consider and approve 1. audited standalone financial results of the Company for the quarter ended 30th June 2026; and 2. unaudited consolidated financial results of the Company for the quarter ended 30th June 2026.",CHEMICALS,16,5,-69.06,-34.99,46.5
2026-07-29,HONAUT,Honeywell Automation India Limited,Financial Results,FINANCIAL_RESULTS,"To consider and approve the financial results for the period ended Jun 30, 2026",CAPITAL_GOODS,16,5,-63.72,-35.33,46.47
2026-07-29,DABUR,Dabur India Limited,Financial Results,FINANCIAL_RESULTS,"To consider and approve the unaudited financial results for the period ended Jun 30, 2026",FMCG,16,5,-63.58,-54.94,44.51
2026-07-29,SKMEGGPROD,SKM Egg Products Export (India) Limited,Financial Results/Dividend,FINANCIAL_RESULTS,"To consider and approve the financial results for the period ended Jun 30, 2026 and dividend",FMCG,16,5,-63.58,-54.94,44.51
2026-07-30,INDGN,Indegene Limited,Financial Results,FINANCIAL_RESULTS,"To consider and approve the financial results for the period ended Jun 30, 2026",HEALTHCARE,17,5,-49.48,-2.63,49.74
2026-07-30,BAJFINANCE,Bajaj Finance Limited,Financial Results,FINANCIAL_RESULTS,"To consider and approve the financial results for the period ended Jun 30, 2026",FINANCIAL_SERVICES,17,5,-62.95,-7.8,49.22
2026-07-30,ICRA,ICRA Limited,Financial Results,FINANCIAL_RESULTS,"To consider and approve the financial results for the period ended Jun 30, 2026",FINANCIAL_SERVICES,17,5,-62.95,-7.8,49.22
2026-07-30,PSPPROJECT,PSP Projects Limited,Financial Results/Other business matters,FINANCIAL_RESULTS,"To consider and approve the financial results for the period ended Jun 30, 2026 and other business matters",INFRASTRUCTURE,17,5,-65.2,-15.6,48.44
2026-07-30,TCI,Transport Corporation of India Limited,Financial Results,FINANCIAL_RESULTS,"Intimation of Board Meeting to be held on July 30, 2026, to inter alia, consider and approve the Unaudited Financial Results (Standalone and Consolidated) of the Company for the 1st quarter ended June 30, 2026.",LOGISTICS,17,5,-57.56,-23.02,47.7
2026-07-30,M&M,Mahindra & Mahindra Limited,Financial Results/Other business matters,FINANCIAL_RESULTS,"To consider and approve the financial results for the period ended Jun 30, 2026 and other business matters",HOSPITALITY,17,5,-59.39,-23.76,47.62
2026-07-30,WESTLIFE,WESTLIFE FOODWORLD LIMITED,Financial Results,FINANCIAL_RESULTS,"To consider and approve the financial results for the period ended Jun 30, 2026",HOSPITALITY,17,5,-59.39,-23.76,47.62
2026-07-30,EXIDEIND,Exide Industries Limited,Financial Results,FINANCIAL_RESULTS,To consider and approve unaudited financial results of the Company for the period ending 30th June 2026.,AUTO,17,5,-59.26,-24.65,47.54
2026-07-30,PRICOLLTD,Pricol Limited,Financial Results,FINANCIAL_RESULTS,"To consider and approve the financial results for the period ended Jun 30, 2026",AUTO,17,5,-59.26,-24.65,47.54
2026-07-30,GILLETTE,Gillette India Limited,Financial Results,FINANCIAL_RESULTS,"To consider and approve the financial results for the period ended Jun 30, 2026",FMCG,17,5,-63.58,-54.94,44.51
2026-07-31,APTUS,Aptus Value Housing Finance India Limited,Financial Results,FINANCIAL_RESULTS,"To consider and approve the financial results for the period ended Jun 30, 2026",FINANCIAL_SERVICES,18,5,-62.95,-7.8,49.22
2026-07-31,BAJAJFINSV,Bajaj Finserv Limited,Financial Results,FINANCIAL_RESULTS,To consider and approve the unaudited standalone and consolidated financial results of the Company for the quarter ended 30 June 2026.,FINANCIAL_SERVICES,18,5,-62.95,-7.8,49.22
2026-07-31,BAJAJHLDNG,Bajaj Holdings & Investment Limited,Financial Results,FINANCIAL_RESULTS,"Bajaj Holdings & Investment Ltd has informed that the meeting of the Board of Directors of the Company is scheduled on 31/07/2026, inter alia, to consider and approve unaudited standalone and consolidated financial results for the quarter ended 30 June 2026.",FINANCIAL_SERVICES,18,5,-62.95,-7.8,49.22
2026-07-31,SUNPHARMA,Sun Pharmaceutical Industries Limited,Financial Results,FINANCIAL_RESULTS,To consider and approve Unaudited Standalone and Consolidated Financial Results for the quarter ended 30 June 2026,PHARMA,18,5,-61.86,-10.69,48.93
2026-07-31,IL&FSENGG,IL&FS Engineering and Construction Company Limited,Financial Results/Other business matters,FINANCIAL_RESULTS,"To consider and approve the financial results for the period ended Jun 30, 2026 and other business matters",OTHER,18,5,-44.77,-17.91,48.21
2026-07-31,SRPL,Shree Ram Proteins Limited,Financial Results,FINANCIAL_RESULTS,"SRPL : 31-Jul-2026 :  The Company has informed the Exchange that a Board meeting to be held on Jun 29, 2026 has been re-scheduled. Further, the Company has informed the Exchange that the meeting of the Board of Directors of the Company will be held on July 31, 2026,  To consider and approve the financial results for the period ended March 31, 2026",OTHER,18,5,-44.77,-17.91,48.21
2026-07-31,ABB,ABB India Limited,Financial Results/Dividend,FINANCIAL_RESULTS,"To consider and approve the financial results for the period ended Jun 30, 2026",CAPITAL_GOODS,18,5,-63.72,-35.33,46.47
2026-07-31,SHREECEM,SHREE CEMENT LIMITED,Financial Results,FINANCIAL_RESULTS,"To consider and approve the financial results for the period ended Jun 30, 2026",CEMENT,18,5,-62.47,-47.2,45.28
2026-08-01,SARDAEN,Sarda Energy & Minerals Limited,Financial Results/Fund Raising,FINANCIAL_RESULTS,"To consider and approve the financial results for the period ended Jun 30, 2026 and Fund Raising",METAL,19,5,-58.21,-0.14,49.99
2026-08-01,CDSL,Central Depository Services (India) Limited,Financial Results,FINANCIAL_RESULTS,"CDSL has informed the Exchange about Board Meeting to be held on August 01, 2026, to, inter-alia, consider and approve the Audited Financial Results of the Company for the Quarter ended June 30, 2026.",REALTY,19,5,-57.0,-22.44,47.76
2026-08-01,DLINKINDIA,D-Link (India) Limited,Financial Results/Other business matters,FINANCIAL_RESULTS,"To consider and approve the financial results for the period ended Jun 30, 2026 and other business matters",IT,19,5,-66.6,-27.03,47.3
2026-08-03,CAMS,Computer Age Management Services Limited,Financial Results/Dividend,FINANCIAL_RESULTS,"To consider and approve the financial results for the quarter ended June 30, 2026 and dividend",FINANCIAL_SERVICES,21,5,-62.95,-7.8,49.22
2026-08-03,KCP,KCP Limited,Financial Results/Dividend,FINANCIAL_RESULTS,"To consider and approve the financial results for the period ended Jun 30, 2026 and dividend",AGRICULTURE,21,5,-53.8,-21.52,47.85
2026-08-03,KANSAINER,Kansai Nerolac Paints Limited,Financial Results,FINANCIAL_RESULTS,"To consider and approve the financial results for the period ended June 30, 2026",CHEMICALS,21,5,-69.06,-34.99,46.5
2026-08-03,NOCIL,NOCIL Limited,Financial Results,FINANCIAL_RESULTS,"To consider and approve the financial results for the period ended Jun 30, 2026",CHEMICALS,21,5,-69.06,-34.99,46.5
2026-08-03,STOVEKRAFT,Stove Kraft Limited,Financial Results,FINANCIAL_RESULTS,"To consider and approve the financial results for the period ended Jun 30, 2026",FMCG,21,5,-63.58,-54.94,44.51
2026-08-04,GODREJPROP,Godrej Properties Limited,Financial Results,FINANCIAL_RESULTS,"To consider and approve the financial results for the period ended Jun 30, 2026",REALTY,22,5,-57.0,-22.44,47.76
2026-08-04,WONDERLA,Wonderla Holidays Limited,Financial Results,FINANCIAL_RESULTS,"To consider and approve the financial results for the period ended Jun 30, 2026",HOSPITALITY,22,5,-59.39,-23.76,47.62
2026-08-04,TREJHARA,TREJHARA SOLUTIONS LIMITED,Financial Results,FINANCIAL_RESULTS,"To consider and approve the financial results for the period ended Jun 30, 2026",IT,22,5,-66.6,-27.03,47.3
2026-08-04,BASF,BASF India Limited,Financial Results,FINANCIAL_RESULTS,"To consider and approve the financial results for the period ended Jun 30, 2026",CHEMICALS,22,5,-69.06,-34.99,46.5
2026-08-04,PIDILITIND,Pidilite Industries Limited,Financial Results,FINANCIAL_RESULTS,Intimation of date of Board meeting for consideration ofunaudited financial results for the first quarter ended 30.06.2026,CHEMICALS,22,5,-69.06,-34.99,46.5
2026-08-04,BBL,Bharat Bijlee Limited,Financial Results,FINANCIAL_RESULTS,"To consider and approve the financial results for the period ended Jun 30, 2026",CAPITAL_GOODS,22,5,-63.72,-35.33,46.47
2026-08-04,TIMKEN,Timken India Limited,Financial Results,FINANCIAL_RESULTS,"Pursuant to Regulation 29 of Securities and Exchange Board of India (Listing Obligations and Disclosure Requirements) Regulations, 2015, we hereby inform that a Meeting of the Board of Directors of the Company will be held on Tuesday, 4 August, 2026, inter-alia, to consider and approve Financial Results of the Company for the quarter ended 30 June, 2026.",CAPITAL_GOODS,22,5,-63.72,-35.33,46.47
2026-08-04,MARICO,Marico Limited,Financial Results,FINANCIAL_RESULTS,"Pursuant to Regulation 29 of the SEBI (Listing Obligations and Disclosure Requirements) Regulations, 2015, we hereby inform you that a meeting of the Board of Directors of the Company is scheduled to be held on Tuesday, August 4, 2026, to inter alia, consider and approve the un-audited standalone & consolidated financial results of the Company for the quarter ended June 30, 2026, along with the Limited Review Report of the Auditors thereon.",FMCG,22,5,-63.58,-54.94,44.51
2026-08-04,UBL,United Breweries Limited,Financial Results,FINANCIAL_RESULTS,"To consider and approve the financial results for the period ended Jun 30, 2026",FMCG,22,5,-63.58,-54.94,44.51
2026-08-05,PAISALO,Paisalo Digital Limited,Financial Results,FINANCIAL_RESULTS,"To consider and approve the financial results for the period ended Jun 30, 2026",FINANCIAL_SERVICES,23,5,-62.95,-7.8,49.22
2026-08-05,SUBEXLTD,Subex Limited,Financial Results,FINANCIAL_RESULTS,"To consider and approve the financial results for the period ended Jun 30, 2026",OTHER,23,5,-44.77,-17.91,48.21
2026-08-05,RML,Rane (Madras) Limited,Financial Results,FINANCIAL_RESULTS,"RANE (MADRAS) LTD. has informed that the meeting of the Board of Directors of the Company is scheduled on August 05, 2026, inter alia, to consider and approve the Unaudited Financial Results for the quarter ending June 30, 2026. Further, in accordance with Rane's lnsider code, the 'Trading window' would remain closed for Promoters, Directors, other connected persons and designated employees of the company from June 30, 2026 to August 07, 2026 (both days inclusive) for the above purpose.",AUTO,23,5,-59.26,-24.65,47.54
2026-08-05,BERGEPAINT,Berger Paints (I) Limited,Financial Results,FINANCIAL_RESULTS,"To consider and approve the financial results for the period ended Jun 30, 2026",CHEMICALS,23,5,-69.06,-34.99,46.5
2026-08-05,NAVINFLUOR,Navin Fluorine International Limited,Financial Results,FINANCIAL_RESULTS,"Pursuant to Regulation 29 of SEBI (Listing Obligations and Disclosure Requirements) Regulations, 2015, this is to inform you that a Meeting of the Board of Directors of the Company is scheduled to be held on Wednesday, August 05, 2026, inter-alia, to consider, approve and take on record, the Unaudited Standalone and Consolidated Financial Results of the Company for the quarter ending June 30, 2026.In accordance with the provisions of SEBI (Prohibition of Insider Trading) Regulations, 2015 read with the Company s Code of Conduct to Regulate, Monitor and Report Trading by Designated Persons and their immediate relatives, the Trading Window in respect of dealings in the securities of the Company will remain closed from June 30, 2026 to August 07, 2026 (both days inclusive).",CHEMICALS,23,5,-69.06,-34.99,46.5
2026-08-05,CUMMINSIND,Cummins India Limited,Financial Results,FINANCIAL_RESULTS,"The meeting of the Board of Directors of the Company is scheduled on August 05, 2026, inter alia, to consider and approve unaudited financial results (standalone and consolidated) for the quarter ending June 30, 2026.",CAPITAL_GOODS,23,5,-63.72,-35.33,46.47
2026-08-06,JSWHL,JSW Holdings Limited,Financial Results,FINANCIAL_RESULTS,"To consider and approve the financial results for the period ended Jun 30, 2026",FINANCIAL_SERVICES,24,5,-62.95,-7.8,49.22
2026-08-06,PGHL,Procter & Gamble Health Limited,Financial Results,FINANCIAL_RESULTS,"To consider and approve the financial results for the quarter ended Jun 30, 2026",PHARMA,24,5,-61.86,-10.69,48.93
2026-08-06,COFFEEDAY,Coffee Day Enterprises Limited,Financial Results,FINANCIAL_RESULTS,"To consider and approve the unaudited standalone and consolidated financial results for the quarter ended 30 June, 2026",OTHER,24,5,-44.77,-17.91,48.21
2026-08-06,TCIEXP,TCI Express Limited,Financial Results,FINANCIAL_RESULTS,"To consider and approve the financial results for the period ended Jun 30, 2026",LOGISTICS,24,5,-57.56,-23.02,47.7
2026-08-06,RAIN,Rain Industries Limited,Financial Results,FINANCIAL_RESULTS,"To consider and approve the Unaudited financial results (Standalone, Consolidated and Segment) for the Second Quarter and Half Year ended June 30, 2026",CHEMICALS,24,5,-69.06,-34.99,46.5
2026-08-06,SAILIFE,Sai Life Sciences Limited,Financial Results,FINANCIAL_RESULTS,"To consider and approve the Un Audited financial results for the period ended Jun 30, 2026",CHEMICALS,24,5,-69.06,-34.99,46.5
2026-08-06,BLUESTARCO,Blue Star Limited,Financial Results,FINANCIAL_RESULTS,"To consider and approve the financial results for the period ended Jun 30, 2026",FMCG,24,5,-63.58,-54.94,44.51
2026-08-06,BOSCH-HCIL,BOSCH HOME COMFORT INDIA LIMITED,Financial Results,FINANCIAL_RESULTS,"To consider and approve the financial results for the period ended Jun 30, 2026",FMCG,24,5,-63.58,-54.94,44.51
2026-08-07,HINDALCO,Hindalco Industries Limited,Financial Results,FINANCIAL_RESULTS,"To consider and approve the unaudited Standalone and Consolidated financial results for the quarter ending Jun 30, 2026",METAL,25,5,-58.21,-0.14,49.99
2026-08-07,GODREJCP,Godrej Consumer Products Limited,Financial Results/Dividend,FINANCIAL_RESULTS,"To consider and approve the financial results for the period ended Jun 30, 2026 and dividend",FMCG,25,5,-63.58,-54.94,44.51
2026-08-08,ANANTRAJ,Anant Raj Limited,Financial Results,FINANCIAL_RESULTS,"To consider and approve the financial results for the period ended Jun 30, 2026",REALTY,26,5,-57.0,-22.44,47.76
2026-08-10,ARE&M,Amara Raja Energy & Mobility Limited,Financial Results,FINANCIAL_RESULTS,"To consider and approve the financial results for the period ended Jun 30, 2026",AUTO,28,5,-59.26,-24.65,47.54
2026-08-10,BOSCHLTD,Bosch Limited,Financial Results,FINANCIAL_RESULTS,"To consider and approve the unaudited financial results for the period ended Jun 30, 2026",AUTO,28,5,-59.26,-24.65,47.54
2026-08-11,FOSECOIND,Foseco India Limited,Financial Results,FINANCIAL_RESULTS,"To consider and approve the financial results for the period ended Jun 30, 2026",CHEMICALS,29,5,-69.06,-34.99,46.5
2026-08-11,ESABINDIA,Esab India Limited,Financial Results,FINANCIAL_RESULTS,"To consider and approve the financial results for the period ended Jun 30, 2026",CAPITAL_GOODS,29,5,-63.72,-35.33,46.47
2026-08-12,MUKANDLTD,Mukand Limited,Financial Results,FINANCIAL_RESULTS,"To consider and approve the financial results for the period ended Jun 30, 2026",METAL,30,5,-58.21,-0.14,49.99
2026-08-12,CENTRUM,Centrum Capital Limited,Financial Results/Other business matters,FINANCIAL_RESULTS,"To consider and approve the financial results for the period ended Jun 30, 2026 and other business matters",FINANCIAL_SERVICES,30,5,-62.95,-7.8,49.22
2026-08-12,MTNL,Mahanagar Telephone Nigam Limited,Financial Results,FINANCIAL_RESULTS,"COMPLIANCE OF REGULATION 29 (1) (A) & 50 (1) (C) OF SEBI (LODR) REGULATIONS, 2015   INTIMATION OF BOARD MEETING FOR APPROVING THE UNAUDITED REVIEWED FINANCIAL RESULTS FOR THE QUARTER ENDED ON 30Th JUNE, 2026",INFRASTRUCTURE,30,5,-65.2,-15.6,48.44
2026-08-12,MINDTECK,Mindteck (India) Limited,Financial Results/Other business matters,FINANCIAL_RESULTS,"To consider and approve the financial results for the period ended Jun 30, 2026 and other business matters",IT,30,5,-66.6,-27.03,47.3
2026-08-13,MFSL,Max Financial Services Limited,Financial Results,FINANCIAL_RESULTS,"Board Meeting for consideration of un-audited financial results of the Company for the quarter ending June 30, 2026",FINANCIAL_SERVICES,31,5,-62.95,-7.8,49.22
2026-08-13,RANEHOLDIN,Rane Holdings Limited,Financial Results,FINANCIAL_RESULTS,"RANE HOLDINGS LTD. has informed that the meeting of the Board of Directors of the Company is scheduled on August 13, 2026, inter alia, to consider and approve the Unaudited Financial Results for the quarter and year ending June 30, 2026. Further, in accordance with Rane's lnsider code, the 'Trading window' would remain closed for Promoters, Directors, other connected persons and designated employees of the company from June 30, 2026 to August 15, 2026 (both days inclusive) for the above purpose.",FINANCIAL_SERVICES,31,5,-62.95,-7.8,49.22
2026-08-13,ENDURANCE,Endurance Technologies Limited,Financial Results,FINANCIAL_RESULTS,"To consider and approve the unaudited financial results of the Company for the quarter ending 30th June, 2026.",AUTO,31,5,-59.26,-24.65,47.54
2026-08-14,CHOLAHLDNG,Cholamandalam Financial Holdings Limited,Financial Results,FINANCIAL_RESULTS,"To consider and approve the financial results for the period ended Jun 30, 2026",FINANCIAL_SERVICES,32,5,-62.95,-7.8,49.22
