symbol,rvol,rs_30d,delivery_5d_pct,vs_dma_50,as_of
20MICRONS,0.81,-0.69,38.9,0.27,20260803
21STCENMGM,0.64,27.25,91.0,21.28,20260803
360ONE,0.25,9.28,54.2,3.68,20260803
3BBLACKBIO,0.32,6.6,58.3,2.9,20260803
3IINFOLTD,2.87,37.95,60.1,33.28,20260803
3MINDIA,1.53,6.3,44.6,6.18,20260803
3PLAND,0.88,1.93,87.5,-1.25,20260803
5PAISA,0.29,-1.32,56.3,1.68,20260803
63MOONS,1.66,42.89,22.7,30.51,20260803
A2ZINFRA,4.28,19.08,66.6,22.84,20260803
AAATECH,1.22,-5.79,46.8,-3.62,20260803
AADHARHFC,1.92,-1.3,56.5,0.93,20260803
AAKASH,0.59,1.01,68.6,-1.1,20260803
AARNAV,0.23,28.76,55.5,15.96,20260803
AARON,0.37,18.2,44.5,8.64,20260803
AARTIDRUGS,1.68,15.34,48.3,4.39,20260803
AARTIIND,0.62,7.37,37.7,2.1,20260803
AARTIPHARM,0.64,-2.15,52.2,0.18,20260803
AARTISURF,6.79,8.3,71.2,25.29,20260803
AARVI,0.49,11.07,43.9,7.67,20260803
AASTHA,0.17,,31.7,,20260803
AAVAS,1.82,-7.67,51.4,1.23,20260803
ABB,2.56,7.78,35.9,6.74,20260803
ABBOTINDIA,0.81,11.58,60.3,3.89,20260803
ABCAPITAL,3.43,5.61,38.7,10.92,20260803
ABCOTS,0.19,-6.99,63.9,-5.99,20260803
ABDL,0.38,-4.71,47.6,0.41,20260803
ABFRL,2.17,5.45,47.8,3.76,20260803
ABINFRA,0.09,-5.87,71.0,-5.27,20260803
ABLBL,1.74,1.26,57.5,-1.54,20260803
ABMINTLLTD,0.71,7.97,65.2,-2.14,20260803
ABMKNO,0.25,-3.48,84.9,-4.76,20260803
ABREL,0.8,4.35,44.7,7.14,20260803
ABSLAMC,0.82,-8.83,55.5,-6.87,20260803
ACC,2.32,4.66,39.5,2.81,20260803
ACCELYA,0.57,6.55,64.5,1.33,20260803
ACE,1.11,9.9,47.3,13.95,20260803
ACEINTEG,1.09,-12.49,83.8,-5.05,20260803
ACI,1.04,4.2,60.1,-0.4,20260803
ACL,0.73,-5.97,72.1,-7.54,20260803
ACMESOLAR,1.48,-4.45,43.4,4.46,20260803
ACSTECH,0.68,-6.49,67.2,1.54,20260803
ACUTAAS,1.13,-10.2,46.4,-5.82,20260803
ADANIENSOL,0.47,10.92,41.7,4.15,20260803
ADANIENT,0.64,-1.5,33.4,0.95,20260803
ADANIGREEN,1.07,-7.13,30.0,-6.0,20260803
ADANIPORTS,0.81,-5.44,51.3,-5.82,20260803
ADANIPOWER,0.52,-4.08,34.1,-4.6,20260803
ADFFOODS,0.48,-9.22,44.6,-7.39,20260803
ADL,2.18,0.6,85.4,10.48,20260803
ADOR,0.7,18.49,51.2,17.94,20260803
ADROITINFO,2.79,13.75,70.5,7.87,20260803
ADSL,0.68,-5.95,50.3,-2.96,20260803
ADVAIT,1.34,3.0,53.1,6.1,20260803
ADVANCE,1.41,19.79,43.0,15.34,20260803
ADVANIHOTR,0.47,-1.88,71.9,-1.98,20260803
ADVENTHTL,0.44,9.67,54.5,4.27,20260803
ADVENZYMES,6.92,2.93,54.3,-5.95,20260803
AEGISLOG,1.31,4.85,38.7,26.69,20260803
AEGISVOPAK,0.72,25.98,36.1,22.2,20260803
AEPL,0.82,-14.73,84.1,-11.0,20260803
AEQUS,0.54,-0.89,41.3,6.94,20260803
AEROENTER,0.36,-11.86,46.4,4.62,20260803
AEROFLEX,0.39,-8.09,35.2,-1.3,20260803
AERONEU,1.24,-6.81,14.7,-1.42,20260803
AEROPLANE,1.06,,60.7,,20260803
AETHER,1.15,18.8,42.9,15.87,20260803
AFCONS,0.71,-9.48,58.7,-10.23,20260803
AFFLE,0.81,13.61,30.5,11.52,20260803
AFIL,0.1,,67.3,42.5,20260803
AFSL,1.14,2.65,80.8,0.28,20260803
AGARIND,0.24,-2.87,28.0,2.63,20260803
AGARWALEYE,0.66,4.68,58.3,2.08,20260803
AGI,0.65,3.97,53.0,4.92,20260803
AGIIL,1.04,-10.62,21.5,-11.97,20260803
AGL,0.43,,73.2,,20260803
AGROPHOS,1.02,-2.35,73.2,-4.33,20260803
AHCL,0.41,-5.34,41.1,-2.65,20260803
AHLADA,1.79,-1.25,77.5,-7.0,20260803
AHLEAST,0.34,3.03,51.8,-4.71,20260803
AHLUCONT,0.94,0.1,52.8,0.84,20260803
AIAENG,0.85,-5.34,58.3,1.26,20260803
AIIL,0.24,7.7,36.5,6.2,20260803
AIRAN,2.1,-2.49,73.8,-6.24,20260803
AIROLAM,0.41,-6.91,85.0,-1.26,20260803
AJANTPHARM,1.06,6.29,45.6,8.58,20260803
AJAXENGG,0.71,10.24,58.0,4.44,20260803
AJMERA,0.87,-2.31,52.4,2.48,20260803
AJOONI,0.49,10.01,82.3,2.05,20260803
AKASH,0.89,4.48,65.7,-2.23,20260803
AKCAPIT,0.47,-0.73,75.7,0.36,20260803
AKG,1.25,-6.52,74.2,-5.72,20260803
AKI,1.6,-9.89,70.0,-12.82,20260803
AKSHAR,2.31,-6.53,76.3,-9.09,20260803
AKUMS,0.42,7.13,57.0,9.75,20260803
ALANKIT,1.15,-1.77,82.0,-5.7,20260803
ALBERTDAVD,2.52,-1.13,71.0,-1.63,20260803
ALEMBICLTD,2.81,2.32,60.3,2.67,20260803
ALGOQUANT,1.03,22.7,24.7,16.34,20260803
ALICON,1.66,4.56,63.0,7.67,20260803
ALIVUS,1.96,4.85,47.4,10.27,20260803
ALKEM,0.92,6.07,51.2,3.83,20260803
ALKYLAMINE,0.37,3.89,44.2,1.19,20260803
ALLCARGO,0.91,0.82,60.2,-2.73,20260803
ALLDIGI,0.96,3.91,69.6,-0.95,20260803
ALLTIME,1.14,-4.88,60.8,-5.3,20260803
ALMONDZ,0.69,15.87,57.4,3.22,20260803
ALOKINDS,0.59,-5.18,63.1,-3.83,20260803
ALPA,0.76,-0.21,62.0,-2.84,20260803
ALPHAGEO,13.96,13.78,58.4,27.82,20260803
AMAGI,0.76,23.23,43.7,28.87,20260803
AMBALALSA,3.97,12.3,69.0,12.73,20260803
AMBER,0.52,2.63,29.4,-2.65,20260803
AMBICAAGAR,1.18,2.81,79.2,1.62,20260803
AMBIKCO,2.37,1.2,61.4,5.18,20260803
AMBUJACEM,1.64,5.96,45.0,3.1,20260803
AMDIND,0.66,4.1,70.5,2.33,20260803
AMJLAND,3.28,7.15,71.6,1.25,20260803
AMNPLST,0.52,7.07,49.0,1.04,20260803
AMRUTANJAN,0.19,-3.72,66.6,-3.77,20260803
ANANDRATHI,0.4,8.31,53.4,6.53,20260803
ANANTRAJ,0.8,23.59,45.5,12.68,20260803
ANDHRAPAP,1.49,-0.43,74.4,-0.24,20260803
ANDHRSUGAR,1.24,6.35,51.2,2.3,20260803
ANGELONE,0.61,-9.7,40.0,-9.16,20260803
ANIKINDS,0.34,,72.2,3.4,20260803
ANMOL,0.59,-6.39,78.3,-9.33,20260803
ANTELOPUS,0.83,5.97,48.3,1.49,20260803
ANTGRAPHIC,0.74,-3.48,72.1,-5.06,20260803
ANTHEM,1.07,8.81,57.4,7.58,20260803
ANUHPHR,1.55,2.01,64.8,2.28,20260803
ANUP,0.75,-3.07,47.6,3.46,20260803
ANURAS,0.5,-2.17,64.4,-5.28,20260803
APARINDS,2.01,1.06,43.9,2.85,20260803
APCL,1.09,-2.36,63.7,-7.12,20260803
APCOTEXIND,1.04,23.3,32.8,15.89,20260803
APEX,0.71,-4.73,50.8,-6.65,20260803
APLAPOLLO,6.81,4.7,56.0,6.41,20260803
APLLTD,0.71,-1.09,50.8,2.59,20260803
APOLLO,0.56,-4.14,26.9,-2.63,20260803
APOLLOHOSP,0.95,6.7,60.7,2.31,20260803
APOLLOPIPE,1.2,9.4,42.4,4.38,20260803
APOLLOTYRE,0.93,1.96,46.8,4.2,20260803
APOLSINHOT,0.08,-2.66,76.5,-3.47,20260803
APTUS,1.21,-6.19,47.8,-4.04,20260803
AQYLON,3.37,-36.5,55.4,-39.62,20260803
ARCHIDPLY,0.2,3.12,86.5,1.48,20260803
ARCHIES,0.39,0.43,71.9,-1.83,20260803
ARE&M,1.78,11.13,49.8,7.56,20260803
ARENTERP,0.2,17.46,63.1,3.01,20260803
ARFIN,1.18,3.53,11.1,-4.95,20260803
ARIES,0.28,2.08,71.9,0.4,20260803
ARIHANT,0.17,48.86,46.6,29.57,20260803
ARIHANTCAP,0.46,16.04,52.6,8.64,20260803
ARIHANTSUP,0.2,4.46,78.7,-0.24,20260803
ARIS,1.63,21.23,45.6,11.15,20260803
ARKADE,0.3,16.91,42.1,12.08,20260803
ARMANFIN,0.63,16.72,58.5,13.14,20260803
AROGRANITE,2.69,1.37,69.5,-0.94,20260803
ARSSBL,0.33,-6.06,52.9,-5.26,20260803
ARTEMISMED,0.88,16.46,52.3,11.37,20260803
ARTNIRMAN,3.46,-6.68,87.0,-5.8,20260803
ARVEE,0.08,-0.82,52.0,-3.94,20260803
ARVIND,1.45,-5.64,48.7,1.99,20260803
ARVINDFASN,0.42,-1.54,58.2,-3.76,20260803
ARVSMART,0.62,2.0,61.1,0.34,20260803
ASAHIINDIA,0.47,5.28,58.8,1.5,20260803
ASAL,0.36,-0.64,54.1,-1.09,20260803
ASALCBR,0.66,-9.61,55.9,-6.06,20260803
ASHAPURMIN,1.92,12.54,45.9,4.55,20260803
ASHIANA,0.12,1.41,45.1,2.3,20260803
ASHIKAG,0.89,,40.0,,20260803
ASHIMASYN,0.25,23.95,72.0,12.5,20260803
ASHOKA,1.62,-5.57,56.9,-4.13,20260803
ASHOKAMET,1.35,-3.07,76.8,-5.15,20260803
ASHOKLEY,2.75,5.15,44.7,11.99,20260803
ASIANENE,2.1,16.51,41.9,13.97,20260803
ASIANHOTNR,1.65,6.27,46.6,-0.66,20260803
ASIANPAINT,0.99,3.91,45.8,4.29,20260803
ASIANTILES,0.26,5.78,20.0,-2.27,20260803
ASKAUTOLTD,2.8,21.5,55.8,21.93,20260803
ASPINWALL,0.44,-5.72,79.8,-4.13,20260803
ASTAR,0.88,-2.49,80.0,-6.81,20260803
ASTEC,1.87,-5.4,46.1,-13.1,20260803
ASTERDM,1.24,8.72,57.0,3.81,20260803
ASTRAL,1.14,9.12,39.6,-2.0,20260803
ASTRAMICRO,0.6,9.0,44.3,13.47,20260803
ASTRAZEN,1.06,1.83,58.2,-0.31,20260803
ATALREAL,0.98,19.77,16.1,12.14,20260803
ATAM,0.88,-3.97,76.3,-5.73,20260803
ATGL,0.8,-8.48,29.4,-6.55,20260803
ATHERENERG,0.84,14.26,37.8,15.2,20260803
ATL,0.67,0.46,58.9,-2.8,20260803
ATLANTAA,0.5,-6.65,70.1,-10.41,20260803
ATLANTAELE,0.78,-11.59,51.3,-8.28,20260803
ATLASCYCLE,0.8,3.0,76.1,-1.1,20260803
ATUL,0.31,5.76,50.0,3.74,20260803
ATULAUTO,7.63,7.64,38.6,17.43,20260803
AUBANK,0.85,2.38,57.5,3.92,20260803
AURIONPRO,1.38,-11.61,50.4,-10.41,20260803
AUROPHARMA,1.78,4.55,48.8,2.79,20260803
AURUM,0.31,-0.65,50.8,4.2,20260803
AURUS,1.24,,86.3,,20260803
AUTOAXLES,4.88,4.11,65.8,5.92,20260803
AVADHSUGAR,5.11,,53.2,26.1,20260803
AVALON,0.81,3.47,41.1,4.12,20260803
AVANTEL,0.19,-6.98,44.0,-5.42,20260803
AVANTIFEED,1.14,-2.04,50.9,-11.32,20260803
AVL,1.63,1.44,45.4,3.56,20260803
AVONMORE,0.54,13.04,58.0,9.76,20260803
AVROIND,0.35,-12.17,65.9,-12.91,20260803
AVTNPL,1.28,3.65,64.4,0.37,20260803
AWFIS,0.72,-7.52,54.5,-8.17,20260803
AWHCL,1.68,-7.09,54.7,-5.72,20260803
AWL,1.17,5.61,48.7,0.87,20260803
AXISBANK,0.81,-7.4,63.8,-2.52,20260803
AXISCADES,1.36,-4.1,61.7,-8.67,20260803
AXITA,1.2,-0.28,56.0,-3.95,20260803
AYE,0.39,-1.15,36.8,6.04,20260803
AYMSYNTEX,0.34,4.33,56.7,9.26,20260803
AZAD,0.45,14.68,39.6,4.66,20260803
BAGFILMS,1.58,-2.58,83.8,-5.92,20260803
BAIDFIN,0.47,0.38,83.4,-0.89,20260803
BAJAJ-AUTO,0.56,19.82,55.3,14.1,20260803
BAJAJCON,0.98,-11.95,57.2,-9.3,20260803
BAJAJELEC,0.91,6.87,52.6,4.01,20260803
BAJAJFINSV,2.02,15.65,49.5,15.17,20260803
BAJAJHCARE,0.25,0.24,46.6,5.24,20260803
BAJAJHFL,0.97,0.7,47.8,0.79,20260803
BAJAJHIND,2.17,-2.76,49.0,-3.26,20260803
BAJAJHLDNG,0.79,8.59,50.5,9.86,20260803
BAJAJINDEF,0.61,-5.39,61.8,-4.12,20260803
BAJAJST,1.47,-1.05,53.9,-1.82,20260803
BAJEL,0.47,-5.49,55.0,-6.53,20260803
BAJFINANCE,1.32,15.21,58.4,17.14,20260803
BALAJEE,0.25,-2.73,72.9,-4.83,20260803
BALAJITELE,1.06,-4.35,57.3,-4.03,20260803
BALAMINES,0.96,4.83,35.1,-5.23,20260803
BALAXI,0.12,,87.2,16.0,20260803
BALKRISHNA,1.27,-3.23,43.6,-1.04,20260803
BALKRISIND,0.96,16.79,37.4,14.79,20260803
BALMLAWRIE,1.52,-1.69,67.0,-2.74,20260803
BALPHARMA,0.22,12.31,62.0,4.08,20260803
BALRAMCHIN,3.91,10.18,42.7,14.74,20260803
BALUFORGE,1.05,-2.65,51.9,-2.48,20260803
BANARBEADS,0.26,16.19,70.8,5.08,20260803
BANARISUG,1.39,2.99,58.2,-1.15,20260803
BANCOINDIA,1.32,-2.57,46.4,0.26,20260803
BANDHANBNK,0.27,-12.31,43.8,-13.25,20260803
BANG,0.43,-1.22,67.7,-5.64,20260803
BANKBARODA,0.79,-7.92,53.5,-5.28,20260803
BANKINDIA,0.85,0.16,44.1,-1.56,20260803
BANSALWIRE,0.24,-8.35,54.9,-0.24,20260803
BANSWRAS,0.51,-3.31,64.3,-0.45,20260803
BASF,0.85,4.71,55.6,4.87,20260803
BATAINDIA,2.17,4.83,56.8,2.81,20260803
BATLIBOI,0.2,1.37,70.8,1.11,20260803
BAYERCROP,0.59,5.33,58.9,0.99,20260803
BBL,1.03,-7.87,55.5,-6.02,20260803
BBOX,1.53,-18.74,46.0,-19.27,20260803
BBTC,3.97,0.03,59.0,1.23,20260803
BBTCL,2.07,13.76,64.9,2.81,20260803
BCG,0.69,-2.41,60.6,-7.06,20260803
BCLIND,0.32,8.86,48.1,7.4,20260803
BCONCEPTS,0.86,1.99,62.2,-0.54,20260803
BCPL,1.26,-3.85,73.7,-5.01,20260803
BDL,0.46,-6.36,30.5,-1.57,20260803
BEARDSELL,0.98,-4.83,70.1,-2.69,20260803
BECTORFOOD,0.07,18.4,31.9,14.16,20260803
BEDMUTHA,1.04,3.18,79.3,2.07,20260803
BEEKAY,1.31,0.84,51.0,-2.58,20260803
BEL,0.8,-4.05,62.4,-4.43,20260803
BELLACASA,1.76,-8.83,62.5,0.1,20260803
BELRISE,1.2,2.66,46.0,5.01,20260803
BEML,0.81,-1.35,50.7,-2.17,20260803
BENGALASM,0.21,2.21,67.6,-3.59,20260803
BEPL,0.2,20.94,32.4,15.97,20260803
BERGEPAINT,1.5,3.76,48.6,3.13,20260803
BESTAGRO,3.17,23.94,27.4,17.69,20260803
BETA,0.53,4.92,42.6,19.74,20260803
BFINVEST,0.33,4.57,50.5,7.51,20260803
BFUTILITIE,0.27,0.84,49.1,-4.01,20260803
BHAGCHEM,6.85,3.48,37.5,10.8,20260803
BHARATCOAL,0.77,-10.75,41.1,-10.48,20260803
BHARATFORG,0.79,7.09,50.0,6.7,20260803
BHARATRAS,2.51,-2.11,63.1,-2.4,20260803
BHARATSE,0.76,2.35,36.2,8.47,20260803
BHARATWIRE,1.21,-5.82,44.5,-3.2,20260803
BHARTIARTL,0.72,8.17,69.0,4.74,20260803
BHARTIHEXA,0.37,13.16,52.7,7.3,20260803
BHEL,0.38,1.09,39.9,1.98,20260803
BI,2.67,-1.41,70.4,1.49,20260803
BIGBLOC,0.92,-5.1,61.8,-6.4,20260803
BIKAJI,0.94,1.77,51.4,0.12,20260803
BIL,0.51,1.27,79.2,3.53,20260803
BIMETAL,1.5,7.59,74.4,-1.38,20260803
BIOCON,0.51,4.56,51.5,0.98,20260803
BIOFILCHEM,1.91,-5.16,76.1,-3.81,20260803
BIRLACORPN,0.82,-7.08,53.2,-6.93,20260803
BIRLAMONEY,0.28,-3.05,50.5,-3.28,20260803
BIRLANU,0.51,1.29,56.0,-0.14,20260803
BIRLAPREC,0.43,-7.48,75.2,-7.3,20260803
BLACKBUCK,0.91,1.69,31.3,0.85,20260803
BLAL,1.2,-3.74,71.5,-4.42,20260803
BLBLIMITED,2.58,-6.05,78.1,-5.76,20260803
BLIL,1.3,2.44,68.7,-0.18,20260803
BLKASHYAP,0.27,3.1,60.6,-1.34,20260803
BLS,1.15,0.15,52.1,-0.35,20260803
BLSE,0.81,20.48,47.8,20.56,20260803
BLUEDART,14.47,8.22,42.3,11.16,20260803
BLUEJET,4.81,16.81,50.4,10.11,20260803
BLUESTARCO,1.27,7.43,45.8,5.4,20260803
BLUESTONE,0.63,46.43,11.4,36.7,20260803
BLUSPRING,1.13,7.89,48.5,12.91,20260803
BMWVENTLTD,0.97,1.67,57.2,-1.82,20260803
BOHRAIND,0.72,11.52,78.3,-4.28,20260803
BOMDYEING,0.52,-5.0,53.6,-3.83,20260803
BONLON,0.38,-1.39,66.9,-3.83,20260803
BORANA,0.61,8.3,57.6,0.11,20260803
BOROLTD,0.88,2.7,50.9,1.01,20260803
BORORENEW,0.43,-6.46,53.2,-3.59,20260803
BOROSCI,3.48,-3.71,49.3,-1.84,20260803
BOSCH-HCIL,2.32,4.97,56.2,2.62,20260803
BOSCHLTD,0.62,3.51,45.2,3.79,20260803
BPCL,0.78,7.88,56.1,7.36,20260803
BPL,0.26,-3.96,57.0,-0.55,20260803
BRIGADE,0.64,18.19,46.2,10.74,20260803
BRIGHOTEL,2.32,-3.62,64.8,-2.48,20260803
BRITANNIA,0.87,5.71,55.6,4.48,20260803
BRNL,1.63,-1.44,63.7,-5.97,20260803
BSE,1.45,-4.78,44.0,-7.47,20260803
BSL,0.93,-3.08,77.6,-2.77,20260803
BSOFT,1.25,12.45,32.7,5.34,20260803
BTML,0.91,20.35,72.5,8.23,20260803
BUILDPRO,1.49,25.92,50.2,18.92,20260803
BUTTERFLY,1.37,14.73,51.0,6.19,20260803
BVCL,1.66,2.55,73.1,-2.96,20260803
CAMLINFINE,0.56,-0.3,53.3,-0.53,20260803
CAMPUS,0.17,-2.45,42.3,-4.62,20260803
CAMS,1.8,3.27,42.7,1.52,20260803
CANBK,0.75,1.74,48.4,-1.62,20260803
CANFINHOME,1.06,-4.23,63.6,-4.83,20260803
CANHLIFE,0.26,7.09,46.0,5.79,20260803
CANTABIL,1.03,4.26,52.2,4.6,20260803
CAPACITE,0.67,-16.82,52.2,-7.6,20260803
CAPILLARY,0.1,0.99,34.0,-1.64,20260803
CAPITALSFB,0.25,8.69,56.3,3.01,20260803
CAPLIPOINT,0.51,0.93,47.8,6.3,20260803
CAPTRUST,1.09,,82.8,31.52,20260803
CARBORUNIV,1.35,-5.83,48.7,0.73,20260803
CARERATING,1.27,5.86,57.4,3.33,20260803
CARRARO,0.88,2.48,66.2,-0.55,20260803
CARTRADE,0.39,-0.56,28.7,12.36,20260803
CARYSIL,0.55,3.03,60.8,2.84,20260803
CASTROLIND,1.1,3.25,69.2,0.79,20260803
CCAVENUE,5.37,-5.66,54.2,11.3,20260803
CCCL,0.42,-4.81,57.8,-0.25,20260803
CCHHL,1.52,5.6,69.1,1.48,20260803
CCL,0.93,0.43,54.1,-0.16,20260803
CDSL,1.49,2.82,37.9,0.84,20260803
CEATLTD,0.69,-2.87,48.4,2.21,20260803
CEIGALL,0.37,-9.82,55.7,-4.07,20260803
CEINSYS,1.18,-4.38,57.2,-8.88,20260803
CELEBRITY,1.26,-6.26,68.2,-5.07,20260803
CELLO,0.73,-3.19,55.8,-6.73,20260803
CEMPRO,0.62,3.1,45.3,4.28,20260803
CENTENKA,0.39,17.86,33.8,17.42,20260803
CENTEXT,2.7,6.37,75.4,2.93,20260803
CENTRALBK,0.67,-2.46,54.1,-0.66,20260803
CENTRUM,1.9,-6.24,53.7,3.93,20260803
CENTUM,1.56,-1.9,50.7,3.49,20260803
CENTURYPLY,3.68,10.29,47.6,0.55,20260803
CERA,0.72,-2.12,43.4,2.95,20260803
CESC,0.82,0.32,51.3,-2.29,20260803
CEWATER,0.36,-11.41,50.1,-5.81,20260803
CGCL,0.44,5.22,37.6,1.72,20260803
CGPOWER,0.94,-8.81,50.8,-9.49,20260803
CHALET,0.66,1.76,49.1,1.8,20260803
CHAMBLFERT,1.98,-4.32,48.2,-1.68,20260803
CHEMPLASTS,0.41,-1.12,55.3,-4.87,20260803
CHENNPETRO,1.37,13.93,28.7,14.32,20260803
CHEVIOT,0.77,1.82,68.5,1.19,20260803
CHOICEIN,0.45,10.51,29.1,11.11,20260803
CHOLAFIN,1.43,5.35,50.8,11.42,20260803
CHOLAHLDNG,1.34,-4.89,74.1,0.16,20260803
CIEINDIA,0.8,-8.19,61.8,-7.22,20260803
CIFL,1.28,-8.43,69.6,-9.78,20260803
CINELINE,1.83,10.2,67.8,10.76,20260803
CINEVISTA,0.73,-10.53,81.3,-4.35,20260803
CIPLA,0.58,3.9,55.4,3.86,20260803
CLEAN,9.26,-0.56,45.6,-0.25,20260803
CLEANMAX,2.98,4.76,38.6,4.76,20260803
CLSEL,1.62,2.6,45.7,2.72,20260803
CMLL,0.11,,15.9,,20260803
CMPDI,0.62,-6.97,45.9,-1.14,20260803
CMRGREEN,1.9,-7.07,52.4,,20260803
CMSINFO,1.96,-3.19,63.7,-3.68,20260803
CNL,0.09,36.5,30.5,28.76,20260803
COALINDIA,0.8,-1.97,62.2,-5.87,20260803
COASTCORP,7.05,-0.15,59.6,-0.27,20260803
COCHINSHIP,0.61,-2.64,46.1,-0.13,20260803
COCKERILL,1.16,-4.5,48.4,1.75,20260803
COFORGE,0.64,28.33,40.1,18.84,20260803
COHANCE,0.54,-3.02,54.8,-2.2,20260803
COLPAL,1.36,2.97,42.0,1.35,20260803
COMFINTE,1.41,20.49,49.2,16.58,20260803
COMPUSOFT,0.71,3.6,73.8,0.0,20260803
COMSYN,0.45,40.13,31.0,19.04,20260803
CONCOR,0.66,12.19,48.9,10.08,20260803
CONCORDBIO,2.82,13.23,47.5,10.72,20260803
CONFIPET,2.01,6.37,40.5,14.75,20260803
CONTROLPR,0.29,-6.72,57.7,-8.43,20260803
CORALFINAC,4.58,5.59,51.0,2.9,20260803
CORDELIA,0.2,25.63,35.9,,20260803
COROMANDEL,1.21,6.8,56.8,7.75,20260803
CORONA,3.72,10.08,49.9,10.44,20260803
COSMOFIRST,0.93,15.14,48.7,13.52,20260803
COUNCODOS,0.13,25.96,73.9,11.28,20260803
CPEDU,0.67,7.16,56.5,7.65,20260803
CPL,0.92,,55.3,,20260803
CPPLUS,0.91,-2.31,52.2,0.03,20260803
CRAFTSMAN,1.19,8.88,43.6,11.75,20260803
CRAMC,0.17,7.03,50.7,3.11,20260803
CREATIVEYE,0.34,6.25,81.7,-2.97,20260803
CREDITACC,0.61,8.79,47.6,8.44,20260803
CREST,2.34,1.29,49.7,4.44,20260803
CRISIL,0.63,9.58,51.5,7.77,20260803
CRIZAC,5.87,0.76,44.8,-3.99,20260803
CROMPTON,0.66,-0.66,45.2,-0.21,20260803
CROWN,0.58,6.11,83.8,2.06,20260803
CSBBANK,0.36,0.33,53.5,-6.04,20260803
CSLFINANCE,0.48,-4.18,68.2,-1.92,20260803
CSM,1.96,,48.6,,20260803
CTE,4.04,14.48,73.9,18.77,20260803
CUB,0.62,-1.65,46.7,-1.44,20260803
CUBEXTUB,1.26,-4.17,67.2,-3.83,20260803
CUMMINSIND,0.37,0.23,54.8,-1.32,20260803
CUPID,0.25,22.03,30.2,26.53,20260803
CURAA,0.65,-5.92,76.9,,20260803
CYIENT,0.56,1.24,55.3,-1.38,20260803
CYIENTDLM,0.15,47.1,41.4,29.63,20260803
DABUR,1.06,-2.47,44.2,-1.25,20260803
DALBHARAT,0.81,8.08,44.7,5.04,20260803
DALMIASUG,15.95,7.33,43.6,18.63,20260803
DAMCAPITAL,0.29,5.07,59.5,0.52,20260803
DANGEE,1.14,-7.32,73.3,-5.99,20260803
DATAMATICS,0.34,5.98,44.6,1.11,20260803
DATAPATTNS,0.97,-2.8,20.7,1.13,20260803
DAVANGERE,0.6,-7.87,62.4,-10.92,20260803
DBCORP,0.12,9.75,54.0,2.89,20260803
DBL,1.11,-0.03,29.2,3.6,20260803
DBOL,1.28,,61.7,-2.0,20260803
DCAL,0.46,9.0,53.0,0.81,20260803
DCBBANK,0.55,3.23,54.9,3.62,20260803
DCI,1.87,,44.6,19.33,20260803
DCMFINSERV,0.3,,80.8,4.44,20260803
DCMSHRIRAM,0.66,4.73,33.3,-0.63,20260803
DCMSRIND,0.93,5.84,50.4,5.72,20260803
DCW,0.73,0.32,48.6,-1.93,20260803
DCXINDIA,0.51,-7.58,50.2,-4.99,20260803
DDEVPLSTIK,2.23,2.01,53.0,7.83,20260803
DECCANCE,0.85,-1.49,74.9,-4.03,20260803
DECNGOLD,1.16,7.44,36.8,8.27,20260803
DEEPAKFERT,0.73,-0.46,35.0,2.38,20260803
DEEPAKNTR,1.06,10.09,53.7,3.44,20260803
DEEPINDS,4.43,33.97,25.7,32.41,20260803
DELHIVERY,0.71,-2.3,51.2,-0.42,20260803
DELTACORP,0.6,1.47,47.1,-3.62,20260803
DELTAMAGNT,0.13,-3.0,64.5,-3.29,20260803
DEN,0.58,-4.09,54.6,-2.63,20260803
DENORA,1.51,8.36,59.2,6.83,20260803
DENTA,1.24,10.97,36.6,19.57,20260803
DEVIT,0.38,-1.99,58.5,-2.31,20260803
DEVX,0.99,-1.27,83.4,-3.89,20260803
DEVYANI,0.62,3.98,36.4,2.96,20260803
DGCONTENT,1.16,-5.88,60.2,-8.59,20260803
DHAMPURSUG,4.77,-0.76,44.0,1.45,20260803
DHANBANK,0.44,3.18,36.8,-2.15,20260803
DHANUKA,7.33,-1.11,53.3,-3.91,20260803
DHARMAJ,0.87,4.15,58.6,0.68,20260803
DHUNINV,0.18,-0.54,85.5,2.23,20260803
DIACABS,0.32,57.98,50.5,41.51,20260803
DIAMINESQ,0.8,1.16,79.2,-4.4,20260803
DIAMONDYD,10.77,5.31,56.9,2.01,20260803
DICIND,0.43,3.52,68.6,-0.16,20260803
DIFFNKG,1.99,-5.12,48.1,8.23,20260803
DIGIDRIVE,1.98,-2.1,81.7,-4.31,20260803
DIGITIDE,0.24,19.93,37.8,6.99,20260803
DIGJAMLMTD,0.41,11.16,83.3,8.19,20260803
DISAQ,1.71,2.47,18.3,3.6,20260803
DIVGIITTS,0.57,0.23,48.4,9.86,20260803
DIVISLAB,3.12,25.85,51.2,23.65,20260803
DIXON,1.15,20.28,34.1,9.47,20260803
DJML,0.5,4.08,17.5,1.53,20260803
DLF,0.36,4.4,44.8,6.36,20260803
DLINKINDIA,0.47,-9.93,48.4,-7.47,20260803
DMART,0.73,-6.65,47.2,-1.91,20260803
DMCC,1.26,14.13,58.9,6.84,20260803
DNAMEDIA,3.68,0.02,55.1,0.35,20260803
DODLA,0.53,-4.09,52.7,-4.24,20260803
DOLATALGO,2.02,-3.37,59.4,-6.75,20260803
DOLLAR,0.45,1.94,55.8,2.25,20260803
DOLPHIN,2.78,8.57,63.0,4.87,20260803
DOMS,1.26,1.5,52.7,1.74,20260803
DONEAR,4.62,-0.07,62.5,-4.05,20260803
DPABHUSHAN,0.34,41.93,36.7,31.72,20260803
DRAGARWQ,2.06,2.25,71.5,-0.25,20260803
DRCSYSTEMS,0.47,-4.05,73.3,-3.69,20260803
DREAMFOLKS,1.04,-0.98,57.0,-4.09,20260803
DREDGECORP,1.23,7.37,50.1,-0.01,20260803
DRREDDY,0.76,-11.54,51.3,-6.84,20260803
DSSL,1.08,-2.59,53.6,-7.78,20260803
DTIL,0.24,-6.41,86.0,-3.81,20260803
DUCON,0.48,,86.0,-1.97,20260803
DVL,0.33,4.94,67.8,2.34,20260803
DWARKESH,2.11,-12.28,39.8,-9.78,20260803
DYCL,0.14,11.13,34.2,11.88,20260803
DYNAMATECH,1.73,2.21,40.2,2.64,20260803
DYNPRO,1.45,11.47,73.5,10.75,20260803
E2E,0.27,31.19,55.8,28.6,20260803
EASEMYTRIP,1.1,-5.55,40.6,-8.84,20260803
EBGNG,1.06,-16.73,50.4,1.93,20260803
ECLERX,0.28,41.28,34.3,21.87,20260803
EDELWEISS,0.74,-5.18,49.1,-1.01,20260803
EFCIL,1.07,5.12,57.9,2.2,20260803
EICHERMOT,1.65,12.5,55.3,8.09,20260803
EIDPARRY,0.66,8.22,55.3,4.62,20260803
EIEL,0.34,2.02,39.2,5.12,20260803
EIHAHOTELS,0.8,-1.85,57.8,-0.7,20260803
EIHOTEL,0.35,3.32,50.2,3.51,20260803
EIMCOELECO,0.36,-1.1,56.0,7.33,20260803
EKC,1.1,-5.88,55.9,-3.77,20260803
ELANTAS,1.27,-7.0,57.4,0.59,20260803
ELCIDIN,1.64,0.14,82.1,-2.73,20260803
ELDEHSG,0.95,-3.1,72.6,1.27,20260803
ELECON,0.57,-21.03,48.9,-14.64,20260803
ELECTCAST,1.05,-9.09,54.7,-5.61,20260803
ELECTHERM,1.71,-5.67,54.7,-3.59,20260803
ELGIEQUIP,0.74,-3.21,56.2,-1.29,20260803
ELGIRUBCO,0.77,35.44,57.1,9.17,20260803
ELIN,0.33,3.59,51.9,-1.7,20260803
ELITECON,0.58,-38.19,54.6,-30.43,20260803
ELLEN,1.69,3.79,51.8,0.32,20260803
ELPROINTL,1.24,5.39,91.3,3.88,20260803
EMAMILTD,0.76,-1.24,57.2,0.35,20260803
EMBDL,0.8,-0.66,47.0,-1.49,20260803
EMCURE,0.79,9.83,56.4,9.28,20260803
EMIL,2.23,4.6,57.1,7.35,20260803
EMKAY,0.32,-8.74,58.8,-7.35,20260803
EMMVEE,0.31,-6.99,43.9,-3.28,20260803
EMSLIMITED,0.37,2.89,32.1,9.98,20260803
EMUDHRA,0.68,9.02,48.5,4.3,20260803
ENDURANCE,0.89,9.13,57.5,4.26,20260803
ENERGYDEV,1.12,-4.91,71.1,-0.47,20260803
ENGINERSIN,1.1,-3.63,45.9,-3.49,20260803
ENIL,0.84,5.12,68.7,0.51,20260803
ENRIN,1.07,-8.47,49.1,-7.39,20260803
ENTERO,1.01,7.34,51.1,4.13,20260803
EPACK,0.77,-0.89,46.7,-1.13,20260803
EPACKPEB,3.51,11.51,37.2,2.28,20260803
EPIGRAL,0.3,5.15,47.8,0.74,20260803
EPL,0.67,0.64,53.0,-0.57,20260803
EQUITASBNK,0.69,0.33,49.5,0.43,20260803
ERIS,1.05,-3.57,54.3,-2.0,20260803
ESABINDIA,0.93,1.24,56.3,-4.23,20260803
ESAFSFB,2.11,27.88,34.2,24.38,20260803
ESCORTS,4.97,7.55,52.8,8.06,20260803
ESSARSHPNG,0.44,-12.64,63.3,-8.37,20260803
ESTER,2.32,0.4,56.2,-4.09,20260803
ETERNAL,0.67,10.9,47.3,14.47,20260803
ETHOSLTD,11.12,7.16,42.2,19.15,20260803
EUREKAFORB,0.53,-0.88,54.2,-0.06,20260803
EUROBOND,1.13,-3.62,65.1,-6.07,20260803
EUROPRATIK,0.95,5.64,22.8,5.8,20260803
EVEREADY,1.26,-3.14,54.5,2.46,20260803
EXCELINDUS,1.49,10.82,67.5,10.03,20260803
EXCELSOFT,6.62,5.89,44.0,3.35,20260803
EXICOM,0.68,-2.14,40.7,2.27,20260803
EXIDEIND,0.55,18.0,47.4,9.09,20260803
EXPLEOSOL,0.45,3.94,38.5,-2.95,20260803
EXXARO,2.31,-6.24,72.6,-7.14,20260803
FABTECH,0.47,-2.35,39.0,-2.78,20260803
FACT,1.2,-3.13,33.4,-3.15,20260803
FAZE3Q,2.34,-8.78,67.6,-2.25,20260803
FCL,0.39,6.0,39.8,-1.36,20260803
FCSSOFT,0.7,,63.9,-1.97,20260803
FDC,3.38,-2.05,60.5,-0.84,20260803
FEDDERSHOL,0.14,6.13,21.9,6.11,20260803
FEDERALBNK,0.61,11.05,63.0,14.26,20260803
FEDFINA,0.79,5.59,50.3,-3.27,20260803
FERMENTA,0.4,43.98,42.3,36.77,20260803
FIBERWEB,2.19,-2.57,73.3,-1.91,20260803
FIEMIND,1.35,5.75,54.0,2.25,20260803
FILATEX,1.71,44.45,38.2,31.9,20260803
FINCABLES,0.94,-10.94,50.1,-5.95,20260803
FINEORG,2.31,-4.77,58.3,0.31,20260803
FINKURVE,3.13,-1.36,82.3,-6.98,20260803
FINOPB,0.07,17.07,24.1,10.58,20260803
FINPIPE,1.2,-4.88,55.2,-3.6,20260803
FIRSTCRY,0.32,-3.97,52.1,-1.44,20260803
FISCHER,0.89,-1.72,24.2,4.51,20260803
FIVESTAR,0.42,8.68,45.8,9.4,20260803
FLAIR,1.24,-0.46,56.6,-6.75,20260803
FLUOROCHEM,0.65,13.86,49.2,13.21,20260803
FMGOETZE,0.53,7.65,64.8,4.29,20260803
FOODSIN,0.32,1.01,65.0,-4.25,20260803
FORCEMOT,1.28,0.47,26.3,1.31,20260803
FORTIS,2.01,2.34,58.1,-2.11,20260803
FOSECOIND,1.82,-0.7,59.9,2.46,20260803
FRACTAL,0.76,-4.47,44.6,-11.56,20260803
FRONTSP,1.23,-7.14,58.0,-4.8,20260803
FSL,2.12,34.3,23.7,25.62,20260803
FUSION,0.66,4.69,56.3,6.71,20260803
GABRIEL,1.01,18.49,35.2,24.49,20260803
GAEL,3.88,8.68,41.2,14.67,20260803
GAIL,3.56,6.75,53.3,1.46,20260803
GALAPREC,0.55,1.1,50.3,2.41,20260803
GALAXYSURF,2.13,1.65,56.9,4.92,20260803
GALLANTT,1.7,-6.81,52.5,-4.5,20260803
GANDHAR,0.59,23.84,27.1,21.92,20260803
GANDHITUBE,1.16,4.89,74.4,2.58,20260803
GANECOS,1.3,31.72,48.0,12.59,20260803
GANESHCP,1.16,-7.15,49.5,-7.39,20260803
GANESHHOU,0.32,-1.63,47.4,0.04,20260803
GANGESSECU,3.74,-2.14,79.8,0.4,20260803
GARFIBRES,1.15,3.45,52.5,6.26,20260803
GARUDA,0.6,-0.4,44.2,-0.82,20260803
GATECH,3.27,40.77,56.1,47.06,20260803
GATECHDVR,2.11,17.99,64.9,15.22,20260803
GATEWAY,1.64,0.31,63.6,-0.39,20260803
GAYAHWS,2.08,3.27,71.4,-3.85,20260803
GCSL,0.99,23.86,31.8,10.52,20260803
GEEKAYWIRE,1.55,-10.98,54.3,-3.73,20260803
GEMAROMA,0.16,2.99,60.0,3.16,20260803
GENCON,1.43,-3.98,12.8,-1.93,20260803
GENESYS,1.86,-12.95,50.4,-3.08,20260803
GENUSPAPER,2.69,3.52,70.4,3.23,20260803
GENUSPOWER,0.45,4.33,54.1,-0.24,20260803
GEOJITFSL,0.62,0.28,52.1,0.38,20260803
GESHIP,1.45,-2.2,54.2,-2.6,20260803
GFLLIMITED,1.31,3.94,60.7,4.01,20260803
GHCL,2.64,2.92,58.4,1.18,20260803
GHCLTEXTIL,0.86,19.75,44.1,10.73,20260803
GICHSGFIN,0.77,-0.21,58.1,-2.99,20260803
GICL,0.5,-6.58,72.8,-21.0,20260803
GICRE,1.16,2.12,58.8,-2.91,20260803
GILLANDERS,0.29,-0.1,82.6,-1.42,20260803
GILLETTE,1.27,2.44,49.8,-0.97,20260803
GIPCL,0.63,4.15,55.3,-0.36,20260803
GKENERGY,0.38,-3.41,52.8,-5.17,20260803
GKSL,0.17,-0.14,65.8,-1.93,20260803
GKWLIMITED,2.14,-3.15,80.1,-4.28,20260803
GLAND,1.03,4.3,57.1,8.8,20260803
GLAXO,1.21,10.51,56.3,12.36,20260803
GLENMARK,2.27,6.1,45.5,0.38,20260803
GLOBAL,1.49,4.86,71.7,-2.0,20260803
GLOBALVECT,0.79,5.25,47.5,2.39,20260803
GLOBE,2.12,-3.09,71.5,-5.41,20260803
GLOBECIVIL,0.52,,70.9,-9.11,20260803
GLOBUSSPR,0.44,-1.13,53.8,1.45,20260803
GLOSTERLTD,0.29,-8.31,70.8,-1.68,20260803
GMBREW,0.28,-4.16,54.2,-2.67,20260803
GMDCLTD,0.83,-4.83,32.0,-7.62,20260803
GMMPFAUDLR,0.78,14.07,59.9,8.59,20260803
GMRAIRPORT,0.37,-4.51,56.5,-1.18,20260803
GMRP&UI,1.93,1.67,54.6,-4.81,20260803
GNA,0.22,23.67,43.4,20.29,20260803
GNFC,1.22,-1.06,53.7,-0.34,20260803
GNRL,0.51,-9.56,45.2,-3.14,20260803
GOACARBON,0.24,0.55,49.7,-2.11,20260803
GOCLCORP,1.82,2.88,61.2,3.8,20260803
GOCOLORS,0.76,-10.29,31.3,-8.46,20260803
GODAVARIB,1.56,-4.89,57.3,-5.75,20260803
GODFRYPHLP,3.03,1.56,28.3,2.61,20260803
GODIGIT,0.64,-16.77,42.8,-11.36,20260803
GODREJAGRO,1.08,3.74,56.7,-0.65,20260803
GODREJCP,1.25,5.34,56.9,4.06,20260803
GODREJIND,0.29,12.81,46.8,11.85,20260803
GODREJPROP,0.47,10.23,45.4,9.47,20260803
GOKEX,0.66,-5.53,47.8,4.2,20260803
GOKUL,0.99,-3.36,16.3,-3.62,20260803
GOKULAGRO,1.23,13.18,43.1,5.09,20260803
GOLDIAM,0.52,-13.11,41.9,6.39,20260803
GOODLUCK,0.81,5.67,52.2,4.39,20260803
GOODYEAR,5.37,13.02,66.1,10.75,20260803
GOPAL,2.61,0.8,44.2,0.66,20260803
GOYALALUM,0.82,-1.77,70.3,-2.66,20260803
GPIL,0.84,-2.02,52.1,-7.15,20260803
GPPL,0.87,1.68,56.7,-1.25,20260803
GPTHEALTH,2.4,16.38,51.6,7.84,20260803
GPTINFRA,2.06,-8.89,57.2,-5.64,20260803
GRANDOAK,0.45,-17.23,71.0,-5.35,20260803
GRANULES,0.81,4.4,54.6,3.48,20260803
GRAPHITE,0.63,10.1,40.9,0.36,20260803
GRASIM,0.78,1.51,55.7,4.04,20260803
GRAUWEIL,0.92,-5.66,61.4,4.22,20260803
GRAVISSHO,1.63,,85.1,4.66,20260803
GRAVITA,0.73,2.11,50.0,-1.95,20260803
GREAVESCOT,0.42,10.48,41.9,8.05,20260803
GREENLAM,0.59,1.4,56.1,1.12,20260803
GREENPANEL,0.4,4.85,59.6,1.87,20260803
GREENPLY,0.7,-4.69,46.4,-2.34,20260803
GREENPOWER,0.99,-1.74,49.2,-5.26,20260803
GRINDWELL,0.16,1.21,60.7,2.56,20260803
GRINFRA,1.14,-0.42,57.3,0.97,20260803
GRMOVER,3.47,1.19,41.4,-10.53,20260803
GROBTEA,1.43,3.54,85.3,1.01,20260803
GROWW,0.96,-2.55,49.2,-2.67,20260803
GRPLTD,1.01,13.49,71.0,9.22,20260803
GRSE,0.89,-2.25,33.7,-2.99,20260803
GRWRHITECH,0.85,6.14,55.3,9.17,20260803
GSFC,0.65,3.52,47.9,-0.8,20260803
GSLSU,0.15,-27.34,59.6,-33.61,20260803
GSPCROP,0.4,50.71,27.2,28.7,20260803
GSS,1.37,,68.7,10.76,20260803
GTL,1.21,-3.29,66.0,-2.75,20260803
GTLINFRA,1.72,-8.1,50.1,-4.38,20260803
GTPL,0.4,0.73,76.9,-4.17,20260803
GUFICBIO,0.4,1.63,55.8,4.82,20260803
GUJALKALI,3.15,12.81,39.1,9.07,20260803
GUJAPOLLO,2.23,-2.12,63.0,-0.47,20260803
GUJENERGY,0.7,-16.49,59.4,,20260803
GUJRAFFIA,0.52,0.7,76.9,-3.58,20260803
GUJTHEM,0.65,-6.76,63.5,-6.87,20260803
GULFOILLUB,2.06,5.59,57.5,10.88,20260803
GULPOLY,0.45,6.0,52.3,2.8,20260803
GVPIL,0.68,-18.36,51.3,-12.92,20260803
GVPTECH,1.19,0.95,73.6,3.98,20260803
GVT&D,0.52,-8.92,51.4,-7.87,20260803
GYFTR,0.7,,46.2,,20260803
HAL,0.72,7.55,43.2,6.2,20260803
HALDER,1.17,10.13,20.3,8.66,20260803
HALEOSLABS,0.43,-4.02,59.0,5.16,20260803
HAPPSTMNDS,0.58,14.73,34.9,5.25,20260803
HAPPYFORGE,0.94,10.64,54.2,12.95,20260803
HARDWYN,0.36,-50.41,43.4,-28.92,20260803
HARIOMPIPE,0.54,1.0,44.2,0.34,20260803
HARRMALAYA,0.59,6.97,68.1,3.19,20260803
HARSHA,0.52,-1.67,63.9,-1.35,20260803
HATHWAY,1.31,-2.34,53.0,0.09,20260803
HATSUN,0.54,-1.02,55.5,-2.62,20260803
HAVELLS,0.8,8.82,60.8,7.98,20260803
HAVISHA,0.34,3.56,75.9,0.0,20260803
HAWKINCOOK,0.39,2.25,56.0,3.29,20260803
HBESD,0.88,-1.64,85.6,-0.41,20260803
HBLENGINE,1.16,-9.83,40.7,-4.38,20260803
HBSL,0.51,,,-10.21,20260803
HCC,0.66,-13.81,45.1,-7.9,20260803
HCG,0.3,8.65,61.2,4.1,20260803
HCL-INSYS,1.29,-2.71,75.0,-3.72,20260803
HCLTECH,0.55,33.01,51.0,16.68,20260803
HDBFS,0.61,-6.01,56.7,-2.2,20260803
HDFCAMC,0.56,-1.96,52.9,-1.12,20260803
HDFCBANK,0.49,-3.26,65.9,-3.03,20260803
HDFCLIFE,0.65,-0.99,60.2,-3.37,20260803
HEADSUP,0.66,-3.81,79.4,-3.0,20260803
HEALTHX,1.93,0.55,74.7,0.85,20260803
HECPROJECT,0.15,4.95,52.8,4.84,20260803
HEG,0.23,28.57,37.6,17.6,20260803
HEIDELBERG,0.69,2.86,61.3,0.19,20260803
HEMIPROP,5.46,-0.02,49.9,1.07,20260803
HERANBA,1.51,0.62,44.9,0.09,20260803
HERITGFOOD,0.73,1.85,62.4,2.07,20260803
HEROMOTOCO,0.86,14.17,54.7,9.86,20260803
HESTERBIO,0.08,15.46,42.1,11.38,20260803
HEXATRADEX,0.51,1.77,69.1,-1.47,20260803
HEXT,0.48,4.58,31.0,5.05,20260803
HFCL,1.48,-5.8,38.5,2.15,20260803
HGINFRA,0.86,-1.53,52.7,-3.07,20260803
HGM,3.44,1.11,69.8,-7.21,20260803
HGS,0.22,4.85,62.0,2.4,20260803
HIKAL,0.59,3.84,45.4,8.26,20260803
HILINFRA,0.43,,73.1,-6.24,20260803
HIMATSEIDE,0.55,-10.08,53.1,-1.64,20260803
HINDALCO,1.19,6.47,57.8,-1.3,20260803
HINDCOMPOS,0.38,-6.31,62.5,0.0,20260803
HINDCON,0.23,,73.0,14.6,20260803
HINDCOPPER,0.9,2.97,45.8,-2.18,20260803
HINDOILEXP,0.58,4.65,38.0,-0.79,20260803
HINDPETRO,0.68,2.17,56.0,0.32,20260803
HINDUNILVR,0.34,-0.93,59.4,-0.56,20260803
HINDWAREAP,0.87,-10.97,54.4,-5.42,20260803
HINDZINC,0.86,5.59,53.0,-1.79,20260803
HIRECT,0.24,18.82,36.2,15.43,20260803
HISARMETAL,2.25,-0.99,77.5,-3.58,20260803
HITECH,1.18,1.03,56.2,-3.23,20260803
HLEGLAS,0.25,13.45,48.2,8.64,20260803
HLVLTD,2.21,-4.64,73.2,-5.87,20260803
HMAAGRO,1.54,-4.34,58.5,-6.28,20260803
HMVL,0.69,11.33,70.3,11.99,20260803
HNDFDS,1.31,5.23,61.1,6.8,20260803
HOMEFIRST,0.49,1.72,52.6,1.17,20260803
HONASA,0.84,-0.86,54.4,5.0,20260803
HONAUT,0.47,-1.01,40.3,3.07,20260803
HONDAPOWER,1.79,-0.58,55.6,-3.97,20260803
HPAL,1.27,-5.04,71.0,-5.18,20260803
HPIL,2.18,3.22,71.1,0.69,20260803
HPL,0.64,-4.61,49.7,-5.34,20260803
HSCL,0.31,19.05,31.1,9.75,20260803
HTMEDIA,0.21,18.28,65.0,4.72,20260803
HUBTOWN,0.69,-7.99,61.0,-5.55,20260803
HUDCO,0.92,-3.78,43.3,-2.83,20260803
HUHTAMAKI,0.14,45.15,34.6,41.14,20260803
HYUNDAI,1.83,16.45,41.2,12.58,20260803
ICDSLTD,5.33,2.75,61.5,-5.23,20260803
ICEMAKE,0.28,7.26,54.2,3.67,20260803
ICICIAMC,0.74,-5.75,61.0,-4.77,20260803
ICICIBANK,0.62,6.8,60.2,7.13,20260803
ICICIGI,0.57,-4.85,56.7,-4.21,20260803
ICICIPRULI,1.06,7.32,59.6,4.94,20260803
ICIL,1.4,-5.39,48.4,7.4,20260803
ICRA,2.46,-4.23,58.7,-0.76,20260803
IDBI,0.34,4.56,38.0,4.4,20260803
IDEA,0.78,-8.36,27.2,-8.53,20260803
IDFCFIRSTB,0.51,10.05,43.9,10.27,20260803
IEX,2.25,9.54,41.7,3.24,20260803
IFBIND,0.53,4.89,53.3,5.34,20260803
IFCI,1.0,2.7,27.1,2.41,20260803
IFGLEXPOR,1.05,19.39,46.0,4.35,20260803
IGARASHI,0.99,-3.06,53.9,8.26,20260803
IGCL,0.59,17.63,50.7,14.26,20260803
IGIL,1.95,1.46,56.0,2.65,20260803
IGL,0.96,-0.31,54.0,-1.9,20260803
IGPL,4.98,7.64,63.8,12.09,20260803
IIFL,1.07,25.57,45.9,16.56,20260803
IIFLCAPS,0.78,2.39,72.0,-1.04,20260803
IITL,2.45,2.78,18.3,12.71,20260803
IKIO,0.08,34.1,31.2,12.97,20260803
IKS,0.42,5.48,51.3,5.07,20260803
IMAGICAA,1.69,1.7,56.6,7.04,20260803
IMFA,2.17,12.31,49.7,6.52,20260803
IMPAL,0.41,0.91,58.2,0.44,20260803
INA,0.1,-0.64,49.1,-4.15,20260803
INCREDIBLE,0.01,6.33,75.8,-2.56,20260803
INDBANK,0.31,-0.37,70.0,-2.55,20260803
INDGN,5.94,3.04,52.7,6.12,20260803
INDHOTEL,0.84,5.52,54.6,6.31,20260803
INDIACEM,0.48,8.99,42.6,0.76,20260803
INDIAGLYCO,0.6,14.36,50.6,9.78,20260803
INDIAMART,1.12,-0.8,62.6,-7.31,20260803
INDIANB,0.5,4.66,49.6,1.32,20260803
INDIANCARD,0.13,2.28,84.9,1.01,20260803
INDIANHUME,0.55,22.17,43.7,20.46,20260803
INDIASHLTR,0.78,-1.68,65.0,-5.75,20260803
INDIGO,0.93,-1.45,48.6,8.2,20260803
INDIGOPNTS,0.8,11.46,50.8,5.6,20260803
INDIQUBE,0.34,7.5,44.7,2.72,20260803
INDNIPPON,0.69,22.8,44.9,15.38,20260803
INDOBORAX,0.93,2.35,28.5,7.8,20260803
INDOCO,0.22,-4.49,31.8,-3.79,20260803
INDOFARM,0.57,13.1,36.8,10.95,20260803
INDORAMA,6.09,26.94,45.3,34.86,20260803
INDOSTAR,0.62,1.74,50.8,-2.15,20260803
INDOTHAI,1.27,-6.14,31.6,-24.68,20260803
INDOUS,0.33,-4.98,70.1,-7.52,20260803
INDPRUD,1.56,3.9,87.7,0.83,20260803
INDRAMEDCO,1.0,-2.47,64.2,-2.88,20260803
INDSWFTLAB,0.23,14.5,52.8,16.93,20260803
INDTERRAIN,10.16,-11.73,69.3,5.73,20260803
INDUSINDBK,0.35,10.29,49.8,7.02,20260803
INDUSTOWER,0.39,3.35,48.8,-2.9,20260803
INFOBEAN,0.63,9.25,30.6,5.24,20260803
INFOMEDIA,0.8,-3.77,77.1,-5.28,20260803
INFY,0.56,17.47,54.1,6.43,20260803
INGERRAND,0.51,-0.8,57.2,-0.3,20260803
INNOVACAP,0.4,2.86,62.5,1.72,20260803
INNOVANA,0.74,1.65,64.7,-1.05,20260803
INNOVISION,0.47,3.76,65.2,-1.8,20260803
INOXINDIA,0.4,2.93,48.2,5.11,20260803
INOXWIND,1.04,-10.26,34.3,-7.25,20260803
INSECTICID,2.65,0.48,55.1,-2.21,20260803
INTELLECT,2.48,1.93,43.1,0.86,20260803
INTENTECH,0.51,-14.54,79.1,-13.32,20260803
INTERARCH,1.49,-3.36,54.5,1.24,20260803
INTLCONV,0.98,-2.95,68.4,-6.77,20260803
INVENTURE,2.38,-2.49,66.4,-2.15,20260803
IOB,0.51,1.98,48.8,0.38,20260803
IOC,1.35,3.01,50.8,1.94,20260803
IOLCP,0.29,2.17,47.7,6.3,20260803
IONEXCHANG,0.27,4.16,43.1,8.2,20260803
IPCALAB,0.71,5.8,52.2,2.35,20260803
IPL,2.55,-2.78,46.9,-6.46,20260803
IRB,0.51,-3.33,41.4,-2.75,20260803
IRCON,3.09,-4.34,39.3,-0.97,20260803
IRCTC,2.95,0.2,53.4,0.71,20260803
IREDA,1.9,-3.75,36.0,-1.17,20260803
IRFC,1.48,0.54,32.2,-2.86,20260803
IRIS,0.74,-3.14,62.0,1.21,20260803
IRISDOREME,0.59,22.24,45.2,27.92,20260803
IRMENERGY,1.92,-1.34,51.4,0.28,20260803
ISFT,0.41,6.52,75.6,2.48,20260803
ISGEC,1.27,-7.35,55.8,-7.98,20260803
ISHANCH,1.53,-5.9,70.0,-9.39,20260803
ITC,2.67,-0.43,49.1,0.47,20260803
ITCHOTELS,0.61,-5.69,53.2,-0.63,20260803
ITDC,0.07,22.5,22.0,11.02,20260803
ITI,0.58,-5.55,38.1,-3.81,20260803
IVALUE,1.06,2.55,53.6,2.16,20260803
IVC,0.96,5.84,76.4,2.92,20260803
IWP,0.47,4.35,71.0,-1.31,20260803
IXIGO,0.63,-4.87,44.6,6.56,20260803
IZMO,0.75,-0.12,49.4,0.9,20260803
J&KBANK,0.73,2.64,38.8,-3.47,20260803
JAGRAN,1.62,1.95,60.6,-4.2,20260803
JAGSNPHARM,0.23,-0.21,35.4,6.91,20260803
JAICORPLTD,0.88,-8.52,44.9,-7.03,20260803
JAINREC,4.21,2.09,31.7,-0.74,20260803
JAIPURKURT,7.62,-0.35,84.3,-6.3,20260803
JAMNAAUTO,3.46,0.24,49.6,8.62,20260803
JARO,1.16,-4.21,21.5,-9.86,20260803
JASH,0.58,2.86,51.6,2.59,20260803
JAYAGROGN,3.0,12.01,62.6,5.25,20260803
JAYBARMARU,0.52,-3.58,49.5,2.92,20260803
JAYKAY,0.78,-0.96,49.0,-6.14,20260803
JAYNECOIND,0.55,3.18,44.4,-3.08,20260803
JAYSREETEA,0.73,-1.12,67.9,-1.46,20260803
JBMA,0.45,-3.54,36.2,-1.97,20260803
JETFREIGHT,0.77,3.26,62.0,1.98,20260803
JGCHEM,0.26,21.62,47.7,14.36,20260803
JHS,1.26,1.98,75.3,-3.29,20260803
JINDALPHOT,0.3,-8.41,50.6,-2.76,20260803
JINDALPOLY,0.72,6.19,53.8,-5.96,20260803
JINDALSAW,0.57,1.5,44.3,1.99,20260803
JINDALSTEL,0.98,9.92,45.0,0.15,20260803
JINDRILL,0.14,14.78,31.9,2.83,20260803
JINDWORLD,4.26,29.72,11.4,27.84,20260803
JIOFIN,1.54,9.62,42.3,9.94,20260803
JISLDVREQS,1.48,-6.21,87.6,-2.55,20260803
JISLJALEQS,2.88,-12.17,53.3,-1.32,20260803
JITFINFRA,0.46,13.68,58.9,4.51,20260803
JKCEMENT,0.45,3.34,51.3,4.0,20260803
JKIL,0.75,1.11,62.9,-1.38,20260803
JKLAKSHMI,0.56,-0.29,52.2,-2.94,20260803
JKPAPER,0.17,17.08,34.8,5.58,20260803
JKTYRE,1.6,3.59,45.4,3.44,20260803
JLHL,2.94,-74.28,46.7,11.22,20260803
JMA,1.94,3.65,70.3,-1.53,20260803
JMFINANCIL,3.68,-2.51,49.0,-3.21,20260803
JNKINDIA,1.15,-8.42,52.2,-11.05,20260803
JPOLYINVST,0.75,-7.09,63.0,-3.71,20260803
JPPOWER,2.77,4.66,32.3,3.59,20260803
JSFB,0.47,25.67,45.7,19.08,20260803
JSL,0.82,10.53,53.8,3.43,20260803
JSLL,0.97,2.49,49.9,-0.88,20260803
JSWCEMENT,0.34,0.14,59.1,0.04,20260803
JSWDULUX,0.71,-6.08,59.0,-2.3,20260803
JSWENERGY,1.19,0.17,50.7,0.73,20260803
JSWHL,1.93,-3.94,51.4,0.71,20260803
JSWINFRA,1.54,-2.69,61.4,6.14,20260803
JSWSTEEL,1.47,7.19,55.1,2.33,20260803
JTEKTINDIA,0.99,-4.65,44.1,5.45,20260803
JTLIND,0.62,-3.9,49.7,1.01,20260803
JUBLCPL,0.36,-7.59,64.7,-4.93,20260803
JUBLFOOD,2.26,6.76,45.0,9.91,20260803
JUBLINGREA,0.45,17.58,52.0,11.45,20260803
JUBLPHARMA,1.39,-1.41,59.7,-4.54,20260803
JUNIPER,0.62,2.99,60.6,0.35,20260803
JUSTDIAL,0.08,33.4,30.3,17.79,20260803
JWL,1.49,-0.1,33.2,-0.9,20260803
JYOTHYLAB,1.63,7.63,53.0,2.91,20260803
JYOTICNC,1.88,6.51,48.1,17.25,20260803
JYOTISTRUC,2.71,-3.15,50.1,-2.19,20260803
KABRAEXTRU,3.36,51.81,37.6,47.23,20260803
KAJARIACER,2.02,2.33,58.5,4.0,20260803
KALAMANDIR,0.38,-13.03,48.1,-11.42,20260803
KALPATARU,0.34,2.39,40.1,-1.07,20260803
KALYANIFRG,0.75,-0.09,69.2,-1.81,20260803
KALYANKJIL,0.31,63.54,17.4,38.7,20260803
KAMAHOLD,0.69,1.12,70.5,-2.97,20260803
KAMATHOTEL,0.91,-5.15,73.4,-2.98,20260803
KAMOPAINTS,1.1,-6.72,81.1,-8.43,20260803
KANANIIND,0.83,2.1,71.7,-1.96,20260803
KANPRPLA,0.23,6.28,51.4,6.32,20260803
KANSAINER,2.27,-3.55,54.6,-1.99,20260803
KAPSTON,4.17,29.09,49.4,36.94,20260803
KARMAENG,0.28,-5.22,65.4,-5.98,20260803
KARURVYSYA,0.46,16.88,56.1,14.8,20260803
KAVDEFENCE,1.62,-7.84,57.8,-4.97,20260803
KAYA,0.2,16.64,67.6,10.95,20260803
KAYNES,0.86,23.47,21.4,16.46,20260803
KCP,5.99,-1.98,52.8,-7.88,20260803
KCPSUGIND,0.56,48.33,53.9,35.62,20260803
KDDL,3.19,2.7,53.6,13.35,20260803
KEC,0.84,-7.3,52.4,-4.36,20260803
KECL,0.27,,55.5,36.54,20260803
KEEPLEARN,0.76,1.73,84.9,-0.51,20260803
KEI,0.97,-1.97,45.0,-3.55,20260803
KELLTONTEC,1.14,-4.55,48.1,-6.73,20260803
KENNAMET,0.95,-3.42,71.4,0.46,20260803
KERNEX,0.7,2.69,47.2,11.52,20260803
KEYFINSERV,1.38,0.75,63.9,-2.63,20260803
KFINTECH,0.31,9.15,33.0,7.63,20260803
KHAICHEM,0.51,,69.5,-7.11,20260803
KHAITANLTD,2.07,,,49.07,20260803
KHANDSE,0.4,4.36,86.2,-1.79,20260803
KICL,0.62,7.09,63.5,4.42,20260803
KIMS,1.5,-0.39,62.7,3.39,20260803
KINGFA,0.43,5.62,64.8,0.54,20260803
KIOCL,10.4,-2.76,32.6,2.21,20260803
KIRANVYPAR,1.68,4.13,85.6,8.23,20260803
KIRIINDUS,1.48,11.37,53.9,7.37,20260803
KIRLFER,0.79,6.94,65.3,4.02,20260803
KIRLOSBROS,1.47,-2.99,34.3,1.57,20260803
KIRLOSENG,0.55,-3.69,51.2,3.95,20260803
KIRLOSIND,1.11,2.7,46.1,7.79,20260803
KIRLPNU,0.34,-23.14,54.4,-13.78,20260803
KISSHT,1.19,16.55,36.4,5.82,20260803
KITEX,1.0,-5.84,55.9,-5.51,20260803
KKCL,1.13,1.45,63.7,6.26,20260803
KLBRENG-B,1.42,-8.74,73.6,-10.15,20260803
KMEW,0.48,15.3,42.0,13.2,20260803
KMSUGAR,1.13,8.44,70.7,3.34,20260803
KNACK,0.44,,40.7,,20260803
KNAGRI,1.13,0.16,70.8,1.8,20260803
KNRCON,1.72,-5.3,53.8,-1.38,20260803
KOHINOOR,0.4,-5.07,30.8,-5.18,20260803
KOKUYOCMLN,1.92,0.4,72.4,-0.14,20260803
KOLTEPATIL,1.8,8.54,49.1,4.81,20260803
KOTAKBANK,0.71,0.24,69.7,2.15,20260803
KOTARISUG,3.31,4.66,75.5,3.16,20260803
KOTHARIPET,3.44,17.52,47.6,15.93,20260803
KOTHARIPRO,0.89,-1.86,77.5,-1.87,20260803
KOTIC,0.21,3.09,54.9,-5.13,20260803
KOVAI,1.18,0.46,64.9,0.53,20260803
KPEL,1.17,-5.43,57.3,-5.88,20260803
KPIGREEN,0.82,-3.04,54.9,-5.55,20260803
KPIL,1.2,-2.11,54.1,-3.09,20260803
KPITTECH,0.79,10.1,24.4,-7.11,20260803
KPL,0.58,-1.8,50.1,1.83,20260803
KPRMILL,0.53,-9.13,48.0,-2.0,20260803
KRBL,2.46,-4.46,48.5,3.0,20260803
KREBSBIO,0.79,-7.87,74.8,-7.54,20260803
KRISHANA,0.46,-71.01,39.0,26.29,20260803
KRISHIVAL,3.76,0.27,83.7,-2.53,20260803
KRISHNADEF,0.69,3.29,47.3,-1.81,20260803
KRITIKA,2.3,7.91,62.7,2.74,20260803
KRITINUT,0.1,,82.9,7.84,20260803
KRONOX,0.17,-3.49,50.9,4.46,20260803
KROSS,0.22,9.91,33.0,7.17,20260803
KRSNAA,3.96,-1.43,60.9,-0.38,20260803
KRYSTAL,1.03,2.78,59.4,1.38,20260803
KSB,0.59,-8.31,55.2,-2.03,20260803
KSCL,2.73,-9.19,55.6,-10.09,20260803
KSHINTL,0.73,0.98,48.5,4.2,20260803
KSL,0.23,3.49,53.6,2.82,20260803
KSOLVES,0.19,3.14,59.2,-1.44,20260803
KSR,0.74,-1.24,74.9,9.85,20260803
KTKBANK,1.23,6.75,49.7,6.31,20260803
KUANTUM,1.1,6.22,63.6,3.83,20260803
KUSUMGAR,0.76,,41.9,,20260803
KWIL,2.05,-6.0,54.3,1.31,20260803
LAGNAM,1.36,10.79,69.5,7.51,20260803
LAHOTIOV,2.71,-2.63,82.7,-4.25,20260803
LAL,3.66,-2.66,68.8,-0.12,20260803
LALPATHLAB,1.45,20.15,61.4,13.64,20260803
LAMBODHARA,0.8,4.21,69.7,0.67,20260803
LANCORHOL,0.38,9.11,66.5,5.74,20260803
LANDMARK,0.1,29.74,32.7,20.72,20260803
LANDSMILL,0.55,0.36,54.3,-3.61,20260803
LAOPALA,1.02,5.17,55.9,3.75,20260803
LASA,1.35,-5.63,74.5,-7.1,20260803
LASERPOWER,0.33,,23.5,,20260803
LATENTVIEW,2.39,22.43,38.3,-1.43,20260803
LAURUSLABS,0.85,24.39,46.5,20.67,20260803
LAXMICOT,1.38,0.87,76.4,0.21,20260803
LAXMIDENTL,2.81,-1.75,51.5,-2.79,20260803
LCCINFOTEC,4.07,-11.04,82.9,-11.73,20260803
LEMERITE,0.44,8.11,44.9,-11.89,20260803
LEMONTREE,1.96,-4.87,59.3,0.45,20260803
LENSKART,0.55,8.58,64.4,7.68,20260803
LEXUS,0.79,-0.85,69.6,-5.97,20260803
LFIC,3.56,0.21,83.2,-2.27,20260803
LGBBROSLTD,2.64,2.18,56.8,-1.23,20260803
LGEINDIA,1.68,-1.47,60.7,1.45,20260803
LGHL,1.39,-4.82,20.7,-8.79,20260803
LIBAS,0.52,-7.32,75.1,-11.1,20260803
LIBERTSHOE,0.1,0.72,40.5,2.18,20260803
LICHSGFIN,1.67,-2.88,45.2,-4.99,20260803
LICI,0.91,0.47,53.2,1.39,20260803
LIKHITHA,0.15,,57.2,23.3,20260803
LINC,0.58,-5.45,64.7,-2.89,20260803
LINCOLN,0.7,-4.46,63.2,-6.41,20260803
LINDEINDIA,2.11,-3.71,55.0,-0.73,20260803
LLOYDSENGG,0.96,8.07,39.3,11.0,20260803
LLOYDSENT,0.64,11.28,46.7,9.33,20260803
LLOYDSME,1.0,16.12,52.5,12.32,20260803
LMW,0.31,4.39,54.9,1.46,20260803
LODHA,0.48,28.13,43.6,19.78,20260803
LORDSCHLO,0.4,8.58,59.0,7.29,20260803
LOTUSDEV,2.02,36.67,43.3,31.91,20260803
LOTUSEYE,0.5,1.98,45.9,-2.97,20260803
LOVABLE,2.05,-5.75,67.2,0.14,20260803
LOYALTEX,0.53,,71.2,-6.38,20260803
LPDC,1.48,-6.66,71.3,-3.67,20260803
LT,0.88,-0.99,52.7,0.93,20260803
LTF,1.28,2.31,45.6,7.0,20260803
LTFOODS,0.82,12.15,36.2,8.04,20260803
LTM,3.2,25.76,36.8,17.48,20260803
LTTS,0.59,19.43,47.7,6.13,20260803
LUMAXIND,6.67,2.82,51.7,8.05,20260803
LUMAXTECH,2.38,5.53,49.0,3.6,20260803
LUPIN,1.97,3.5,64.2,0.97,20260803
LUXIND,0.51,3.72,52.1,-2.0,20260803
LXCHEM,0.61,17.59,37.2,10.87,20260803
M&M,0.84,11.35,53.8,9.74,20260803
M&MFIN,0.74,25.17,54.0,25.96,20260803
MAANALU,2.34,2.95,60.0,1.81,20260803
MACPOWER,1.09,11.28,40.8,20.51,20260803
MADHAV,0.59,-2.79,73.8,-5.29,20260803
MADHAVIPL,0.68,-6.72,72.7,-6.88,20260803
MADRASFERT,0.72,-0.76,50.4,-2.33,20260803
MAFATIND,1.08,-2.38,67.9,0.23,20260803
MAGADSUGAR,4.12,10.66,58.6,12.12,20260803
MAGNUM,0.25,4.74,73.5,1.94,20260803
MAHABANK,0.69,-10.25,55.3,-4.62,20260803
MAHAPEXLTD,0.99,-0.19,76.1,-2.09,20260803
MAHASTEEL,2.63,33.77,56.9,29.8,20260803
MAHEPC,0.3,-8.52,64.9,-5.79,20260803
MAHLIFE,0.33,8.12,59.2,10.94,20260803
MAHLOG,0.36,13.03,52.0,11.42,20260803
MAHSCOOTER,4.25,5.48,44.1,9.34,20260803
MAHSEAMLES,1.94,-2.39,60.5,-5.07,20260803
MAITHANALL,2.51,-0.14,59.5,-4.76,20260803
MAJESAUT,5.11,32.41,69.7,31.2,20260803
MALLCOM,1.17,-1.21,71.5,-4.63,20260803
MALUPAPER,0.12,4.67,56.8,3.85,20260803
MAMATA,1.22,0.3,51.0,3.72,20260803
MANAKALUCO,0.81,1.76,57.3,-5.94,20260803
MANAKCOAT,0.14,8.58,62.8,4.8,20260803
MANAKSIA,0.77,-0.94,71.3,-2.81,20260803
MANAKSTEEL,0.43,,72.3,28.28,20260803
MANALIPETC,1.24,2.02,45.6,4.58,20260803
MANAPPURAM,3.64,20.2,41.9,10.94,20260803
MANBA,0.2,0.32,34.1,6.48,20260803
MANCREDIT,0.56,4.37,14.6,16.36,20260803
MANGALAM,0.95,-1.91,75.3,-5.5,20260803
MANGLMCEM,0.22,6.9,62.8,4.41,20260803
MANINDS,1.83,-5.97,44.9,0.2,20260803
MANINFRA,1.51,-2.97,46.0,-5.95,20260803
MANKIND,1.32,1.94,48.4,0.61,20260803
MANOMAY,2.54,17.33,35.0,14.49,20260803
MANORAMA,0.53,5.29,55.8,5.23,20260803
MANYAVAR,0.91,6.01,52.7,3.08,20260803
MAPMYINDIA,0.18,42.47,28.6,24.23,20260803
MARATHON,1.88,-3.89,66.3,-2.27,20260803
MARICO,1.3,5.08,59.5,5.3,20260803
MARINE,2.17,-5.81,48.2,11.21,20260803
MARKOLINES,0.7,-0.64,38.3,3.31,20260803
MARKSANS,0.38,-1.14,50.4,2.32,20260803
MARSONS,1.38,-1.08,25.7,-7.74,20260803
MARUTI,2.12,1.65,55.0,4.06,20260803
MASFIN,0.88,5.98,57.6,1.38,20260803
MASTEK,0.63,22.34,36.6,13.15,20260803
MASTERTR,0.11,11.97,26.4,3.16,20260803
MATRIMONY,1.38,10.27,71.2,3.36,20260803
MAXESTATES,0.6,-4.32,62.6,-7.01,20260803
MAXHEALTH,0.7,-0.86,53.7,3.29,20260803
MAXIND,0.27,11.29,58.0,6.65,20260803
MAYURUNIQ,0.91,-9.04,57.9,-2.04,20260803
MAZDOCK,0.74,-3.3,27.4,-1.51,20260803
MBAPL,0.31,-70.23,52.2,29.01,20260803
MBEL,0.73,-5.22,54.7,-3.44,20260803
MCCHRLS-B,1.16,-2.01,73.1,-0.88,20260803
MCL,2.33,-2.39,57.9,-3.29,20260803
MCLOUD,0.46,-4.77,29.4,4.58,20260803
MCX,1.05,-6.34,48.7,-7.09,20260803
MEDANTA,1.72,8.61,47.9,11.23,20260803
MEDIASSIST,1.06,0.56,57.7,0.14,20260803
MEDICAMEQ,0.95,-7.91,73.8,-1.95,20260803
MEDICO,3.01,26.46,41.9,16.57,20260803
MEDPLUS,0.72,-10.9,63.0,-15.06,20260803
MEESHO,1.13,-0.77,38.3,5.07,20260803
MEGASTAR,0.09,-6.64,47.4,-1.53,20260803
MEIL,0.19,,66.9,14.81,20260803
MENNPIS,0.53,9.14,52.8,14.03,20260803
MERCANTILE,0.74,-0.38,60.4,-3.14,20260803
MERCURYEV,0.85,,68.2,,20260803
METROBRAND,0.63,4.09,59.1,0.05,20260803
METROGLOBL,0.11,4.36,73.4,2.26,20260803
METROPOLIS,0.68,10.31,53.5,7.97,20260803
MFML,0.29,-7.35,66.8,-7.72,20260803
MFSL,0.69,-4.06,65.6,-3.47,20260803
MGL,0.48,-0.8,45.2,-0.36,20260803
MHLXMIRU,4.04,10.24,84.5,-3.24,20260803
MHRIL,0.5,-5.02,58.8,-3.54,20260803
MIDHANI,0.77,-3.51,50.9,-3.56,20260803
MIDWESTLTD,0.78,-2.6,61.8,-4.0,20260803
MINDACORP,2.86,1.56,44.3,9.28,20260803
MINDTECK,0.63,-2.09,39.4,-5.94,20260803
MIRZAINT,0.24,-1.13,48.0,-0.15,20260803
MITTAL,0.77,-3.42,71.8,-6.19,20260803
MKPL,0.64,-6.75,73.0,-9.38,20260803
MMFL,0.5,21.11,57.8,13.34,20260803
MMP,0.97,9.42,59.5,6.66,20260803
MMTC,0.96,-4.72,47.1,-3.9,20260803
MOBIKWIK,6.26,1.46,31.4,6.13,20260803
MODIRUBBER,1.04,-5.08,66.4,-5.08,20260803
MODIS,0.25,19.92,54.4,12.81,20260803
MODTHREAD,0.24,4.86,89.9,5.28,20260803
MOHITIND,1.79,-3.23,66.4,-3.57,20260803
MOIL,0.33,3.56,30.7,-0.59,20260803
MOKSH,0.33,-11.69,84.2,-11.84,20260803
MOL,0.45,16.61,43.8,8.98,20260803
MOLDTECH,2.23,16.63,54.9,15.26,20260803
MOLDTKPAC,0.38,-3.02,47.8,-2.4,20260803
MONARCH,0.25,16.62,46.7,9.44,20260803
MONEYBOXX,2.91,-5.78,75.0,-7.34,20260803
MONTECARLO,1.59,-4.05,66.0,-2.2,20260803
MOREPENLAB,0.77,-6.23,38.2,8.2,20260803
MOSCHIP,0.24,2.62,33.8,-3.89,20260803
MOTHERSON,1.12,4.97,51.7,7.07,20260803
MOTILALOFS,0.47,-8.11,39.7,-4.88,20260803
MOTISONS,0.27,3.26,24.3,5.09,20260803
MPHASIS,0.6,12.9,43.4,5.39,20260803
MPSLTD,0.38,44.93,39.9,36.59,20260803
MRF,0.65,5.35,47.2,3.15,20260803
MRPL,0.35,17.49,23.3,9.85,20260803
MSPL,1.25,-16.71,58.5,-12.35,20260803
MSTCLTD,0.42,-10.87,44.1,0.98,20260803
MSUMI,0.9,1.53,54.1,5.15,20260803
MTNL,1.53,-6.77,43.7,-4.68,20260803
MUFIN,2.08,1.08,32.3,4.66,20260803
MUFTI,0.56,-2.4,59.7,-4.56,20260803
MUKANDLTD,0.62,9.37,59.8,4.51,20260803
MUKKA,1.96,-3.82,61.5,0.17,20260803
MUNJALAU,0.41,2.04,39.8,5.26,20260803
MUNJALSHOW,9.33,8.36,54.7,8.05,20260803
MURUDCERA,0.63,-1.99,73.0,-3.19,20260803
MUTHOOTCAP,1.12,18.29,66.5,13.35,20260803
MUTHOOTFIN,7.35,9.79,52.5,-6.45,20260803
MUTHOOTMF,0.41,14.31,51.6,10.39,20260803
MVGJL,0.2,16.7,49.1,10.45,20260803
MWL,2.81,-87.7,45.5,1.91,20260803
NACLIND,0.88,-12.28,33.5,-6.67,20260803
NAGREEKCAP,0.18,,78.9,-7.4,20260803
NAGREEKEXP,0.63,-12.72,80.1,-11.64,20260803
NAHARCAP,4.07,2.87,85.7,4.47,20260803
NAHARINDUS,1.76,-0.71,77.1,1.03,20260803
NAHARPOLY,1.21,8.93,51.9,7.47,20260803
NAHARSPING,3.61,,,45.54,20260803
NAM-INDIA,0.59,-0.16,50.0,1.63,20260803
NARMADA,1.68,-50.5,28.9,-11.0,20260803
NATCAPSUQ,9.09,-0.95,75.9,6.93,20260803
NATCOPHARM,0.58,1.78,54.2,-1.39,20260803
NATHBIOGEN,0.64,-0.8,74.9,-4.51,20260803
NATIONALUM,1.84,7.37,43.3,0.18,20260803
NATIONSTD,0.1,-77.76,100.0,-73.57,20260803
NAUKRI,0.29,26.19,55.2,17.7,20260803
NAVA,2.21,-6.92,51.0,-2.4,20260803
NAVINFLUOR,0.82,2.54,62.8,1.52,20260803
NAVKARCORP,0.31,-5.27,52.0,-0.38,20260803
NAVNETEDUL,1.14,-6.88,61.9,-7.66,20260803
NAZARA,1.0,14.73,36.9,14.3,20260803
NBCC,0.66,-6.46,34.1,-5.68,20260803
NBIFIN,0.05,20.84,66.0,11.97,20260803
NCC,1.27,-2.93,52.6,-1.77,20260803
NCLIND,0.79,-1.98,57.6,-1.6,20260803
NDGL,0.45,10.18,88.6,7.26,20260803
NDL,0.78,0.7,70.4,-4.05,20260803
NDLVENTURE,3.2,-0.26,81.0,-0.28,20260803
NDRAUTO,0.95,0.76,55.6,-0.17,20260803
NDTV,0.27,-1.88,47.0,-3.96,20260803
NEAGI,1.24,5.09,86.6,-0.15,20260803
NELCAST,0.14,-7.44,46.0,-10.22,20260803
NELCO,2.1,10.69,30.0,19.46,20260803
NEOGEN,0.54,3.24,37.5,3.24,20260803
NEPHROPLUS,0.49,3.23,54.6,2.63,20260803
NESCO,0.39,1.65,49.5,-3.32,20260803
NESTLEIND,0.51,6.61,64.7,6.9,20260803
NETWEB,2.16,3.13,23.1,2.54,20260803
NETWORK18,0.62,-7.17,42.6,-5.98,20260803
NEULANDLAB,1.32,4.14,49.1,8.88,20260803
NEWGEN,0.17,20.08,17.6,13.38,20260803
NEXTMEDIA,0.3,2.02,80.8,-2.27,20260803
NFL,0.66,-1.63,40.8,-3.44,20260803
NGLFINE,2.25,11.35,57.6,8.98,20260803
NH,4.77,6.32,56.7,-2.08,20260803
NHPC,1.52,1.71,46.9,1.65,20260803
NIACL,1.21,-2.41,32.4,2.33,20260803
NIBE,0.55,-13.97,56.3,-12.19,20260803
NIBL,0.35,15.52,57.0,9.9,20260803
NIITLTD,0.37,-1.8,36.9,2.93,20260803
NIITMTS,0.42,7.26,48.6,7.18,20260803
NILAINFRA,1.52,1.04,77.5,0.0,20260803
NILASPACES,6.26,-4.63,67.5,2.08,20260803
NILE,1.17,12.42,70.4,8.75,20260803
NILKAMAL,1.02,45.27,36.1,22.9,20260803
NIPPOBATRY,0.83,-2.77,78.5,-5.45,20260803
NIRAJISPAT,1.28,13.69,78.8,2.27,20260803
NIRLON,0.34,2.84,67.9,0.05,20260803
NITCO,0.81,-0.78,55.9,4.0,20260803
NITINSPIN,3.47,0.62,53.1,5.92,20260803
NITIRAJ,0.3,16.17,70.1,9.55,20260803
NITTAGELA,1.96,14.22,52.5,0.36,20260803
NIVABUPA,0.6,4.99,47.1,1.56,20260803
NKIND,2.43,-6.26,57.9,-0.65,20260803
NLCINDIA,0.63,-3.28,55.2,-5.66,20260803
NMDC,1.15,3.65,53.9,-3.72,20260803
NOCIL,12.76,-5.41,43.2,3.2,20260803
NORBTEAEXP,1.47,2.28,73.7,-10.98,20260803
NORTHARC,0.62,-2.87,54.0,-3.98,20260803
NOVARTIND,0.49,9.19,63.2,10.38,20260803
NPST,0.69,-3.16,49.9,0.72,20260803
NRAIL,0.24,10.09,59.3,8.49,20260803
NRBBEARING,2.33,-0.48,55.8,5.06,20260803
NSIL,2.35,3.66,72.9,1.67,20260803
NSLNISP,1.22,2.24,51.9,-3.81,20260803
NTPC,0.56,-0.21,63.3,-1.94,20260803
NTPCGREEN,0.49,-2.54,58.0,-5.78,20260803
NUCLEUS,0.81,-6.08,50.2,-7.17,20260803
NURECA,0.43,48.52,62.0,28.74,20260803
NUVAMA,0.59,3.65,41.9,1.23,20260803
NUVOCO,0.06,13.48,46.4,6.71,20260803
NYKAA,1.16,10.79,60.3,14.79,20260803
OAL,0.7,18.98,56.4,11.74,20260803
OBCL,6.76,-2.74,87.9,-2.48,20260803
OBEROIRLTY,0.38,4.05,47.5,5.15,20260803
OFSS,0.35,5.74,32.2,7.14,20260803
OIL,1.11,12.01,41.9,1.81,20260803
OLAELEC,0.45,-11.36,21.9,-6.22,20260803
OLECTRA,0.63,-9.67,40.5,-1.11,20260803
OMAXE,0.15,11.13,46.6,3.53,20260803
OMINFRAL,0.38,4.78,34.9,4.55,20260803
OMNI,2.6,4.75,42.9,15.5,20260803
OMPOWER,0.45,-4.88,57.7,-3.24,20260803
ONEPOINT,0.81,0.86,42.9,-0.82,20260803
ONESOURCE,0.81,0.93,48.9,-7.09,20260803
ONGC,0.69,5.98,56.1,-3.32,20260803
ONWARDTEC,0.13,3.79,40.7,6.99,20260803
OPTIEMUS,1.32,34.14,55.1,30.63,20260803
ORCHASP,0.52,-12.77,77.5,-10.81,20260803
ORCHPHARMA,0.14,3.98,45.2,5.07,20260803
ORICONENT,0.33,0.87,64.6,-5.54,20260803
ORIENTALTL,0.84,-6.11,74.7,-11.73,20260803
ORIENTBELL,0.8,2.24,66.0,-1.68,20260803
ORIENTCEM,1.01,4.79,48.5,2.25,20260803
ORIENTCER,0.36,6.28,68.1,1.59,20260803
ORIENTELEC,0.24,-0.15,57.7,-1.25,20260803
ORIENTHOT,0.23,-1.4,52.5,9.81,20260803
ORIENTPPR,2.69,11.08,70.3,9.36,20260803
ORIENTTECH,0.18,9.85,31.6,-0.2,20260803
ORISSAMINE,0.85,2.55,45.4,4.1,20260803
ORKLAINDIA,1.58,-4.32,63.7,-4.64,20260803
OSWALAGRO,0.57,,73.9,-12.6,20260803
OSWALGREEN,0.88,-5.55,42.9,-4.27,20260803
OSWALPUMPS,1.32,-18.41,59.1,-15.31,20260803
OSWALSEEDS,0.25,0.95,79.0,-1.2,20260803
PACEDIGITK,0.54,1.25,46.4,1.77,20260803
PAGEIND,0.28,-4.65,39.6,0.88,20260803
PAISALO,0.51,3.28,46.8,13.31,20260803
PAKKA,0.82,-8.34,64.9,-9.26,20260803
PALASHSECU,0.86,-3.57,65.9,-4.64,20260803
PANACEABIO,0.32,-19.62,48.8,-15.88,20260803
PANAMAPET,0.46,11.52,46.6,12.61,20260803
PANSARI,0.1,7.86,27.9,4.31,20260803
PAR,0.1,12.5,67.0,6.97,20260803
PARACABLES,1.64,-9.71,51.0,0.03,20260803
PARADEEP,0.56,9.31,21.8,6.95,20260803
PARAGMILK,2.21,-4.87,53.2,-0.66,20260803
PARAS,1.24,1.1,30.0,12.6,20260803
PARASPETRO,1.52,23.26,58.9,18.45,20260803
PARKHOSPS,1.74,1.86,48.5,2.07,20260803
PARKHOTELS,1.29,5.33,62.7,2.42,20260803
PASHUPATI,2.31,-0.76,64.6,-3.92,20260803
PATANJALI,0.56,-11.41,26.1,-9.75,20260803
PATELENG,1.55,-17.87,52.3,-2.73,20260803
PATELRMART,0.66,7.32,38.8,6.39,20260803
PAUSHAKLTD,1.19,25.76,38.8,26.82,20260803
PAVNAIND,0.14,,60.4,-1.32,20260803
PAYTM,2.04,14.34,45.2,18.16,20260803
PCBL,0.91,2.43,35.9,5.7,20260803
PCJEWELLER,0.67,8.24,23.3,3.66,20260803
PDMJEPAPER,0.44,14.84,50.9,12.82,20260803
PDSL,0.12,3.12,48.0,4.89,20260803
PENIND,0.72,1.44,53.3,3.14,20260803
PERSISTENT,1.76,30.92,34.6,10.97,20260803
PETRONET,0.74,3.36,56.3,2.66,20260803
PFC,1.04,1.28,62.8,-0.13,20260803
PFIZER,1.35,10.6,55.3,7.18,20260803
PFOCUS,0.92,,46.9,-4.67,20260803
PFS,1.0,-8.78,63.0,-6.45,20260803
PGEL,0.57,14.13,29.2,13.24,20260803
PGHH,0.76,-1.3,57.9,-4.62,20260803
PGHL,0.36,6.87,59.8,1.68,20260803
PGIL,0.9,1.66,45.2,12.25,20260803
PHOENIXLTD,0.44,-3.43,50.0,1.73,20260803
PICCADIL,1.1,30.61,50.8,17.71,20260803
PIDILITIND,0.64,4.63,61.1,5.48,20260803
PIGL,1.53,-4.5,51.9,2.56,20260803
PIIND,1.47,9.61,51.2,2.66,20260803
PILANIINVS,0.62,0.51,70.3,-0.67,20260803
PINELABS,3.61,-8.04,42.6,1.81,20260803
PIONEEREMB,0.57,13.85,75.8,7.47,20260803
PIRAMALFIN,0.91,-3.67,56.9,-0.93,20260803
PITTIENG,1.22,-0.26,53.9,-2.34,20260803
PIXTRANS,0.55,-5.32,56.0,-0.08,20260803
PKTEA,0.64,-7.69,94.3,-8.04,20260803
PLASTIBLEN,0.2,6.72,56.9,5.19,20260803
PLATIND,0.91,4.0,56.8,-0.48,20260803
PML,0.25,4.41,82.9,-1.5,20260803
PNB,0.59,7.58,49.8,5.11,20260803
PNBGILTS,0.6,-3.76,47.2,-4.22,20260803
PNBHOUSING,1.39,2.89,50.1,4.0,20260803
PNC,0.76,-6.64,86.7,-0.2,20260803
PNCINFRA,1.15,9.45,54.4,9.05,20260803
PNGJL,0.41,26.92,47.3,13.88,20260803
PNGSREVA,0.42,10.86,38.5,10.9,20260803
POCL,0.83,-59.0,51.5,2.45,20260803
PODDARMENT,0.9,8.74,69.2,0.62,20260803
POKARNA,0.89,-5.58,55.5,-0.47,20260803
POLICYBZR,0.41,-2.14,54.4,2.66,20260803
POLYCAB,0.41,-3.48,53.8,-4.29,20260803
POLYMED,1.21,4.92,52.6,9.31,20260803
POLYPLEX,0.6,17.95,58.5,9.72,20260803
PONNIERODE,2.53,-1.62,70.5,3.94,20260803
POONAWALLA,0.58,7.61,49.6,8.65,20260803
POWERGRID,1.05,1.62,64.8,-0.04,20260803
POWERICA,1.27,-11.26,53.1,-6.43,20260803
POWERINDIA,0.48,-3.29,37.3,-5.82,20260803
POWERMECH,1.48,-3.46,52.5,-1.68,20260803
PPLPHARMA,0.93,18.83,36.3,14.66,20260803
PRABHA,2.7,0.28,58.2,0.71,20260803
PRAENG,0.38,3.72,70.1,-3.14,20260803
PRAJIND,0.7,-11.05,50.0,-8.86,20260803
PRAKASH,0.7,-8.76,56.0,-8.19,20260803
PRAKASHSTL,1.62,-1.08,72.2,-5.18,20260803
PRAVEG,0.21,28.79,56.9,15.87,20260803
PRAXIS,1.42,,,-4.79,20260803
PRECAM,1.41,-4.52,41.0,-2.4,20260803
PRECOT,1.76,12.97,78.8,6.25,20260803
PRECWIRE,1.53,-4.5,47.2,-5.16,20260803
PREMCO,3.76,4.03,88.1,2.17,20260803
PREMEXPLN,0.19,-13.12,62.3,-5.91,20260803
PREMIERENE,0.46,-0.03,38.6,-3.17,20260803
PREMIERPOL,0.99,,45.3,16.47,20260803
PRESTIGE,0.46,2.21,46.1,8.08,20260803
PRICOLLTD,2.51,15.81,40.0,22.24,20260803
PRIMESECU,1.52,-2.58,72.1,-2.26,20260803
PRIMO,0.97,7.76,52.9,2.7,20260803
PRINCEPIPE,1.49,-1.89,62.6,-3.1,20260803
PRIVISCL,1.4,0.95,56.9,2.38,20260803
PROSTARM,7.48,-3.85,43.8,0.76,20260803
PROTEAN,0.94,7.31,48.4,4.18,20260803
PROZONER,1.55,-8.29,64.9,-7.76,20260803
PRSMJOHNSN,1.01,-5.78,53.3,-5.84,20260803
PRUDENT,0.72,13.43,39.2,15.31,20260803
PSB,1.04,-2.89,49.3,-2.1,20260803
PSPPROJECT,1.09,-2.65,46.9,-1.95,20260803
PTC,4.84,1.01,57.1,0.27,20260803
PTCIL,0.66,4.79,52.8,1.25,20260803
PTL,1.14,-4.15,68.1,-1.78,20260803
PUNJABCHEM,0.51,8.79,43.5,8.05,20260803
PURVA,0.28,0.25,49.7,-4.44,20260803
PVP,1.62,-6.22,64.4,-6.23,20260803
PVRINOX,1.16,18.36,51.3,14.19,20260803
PVSL,0.53,20.29,55.2,9.0,20260803
PWL,0.3,-0.32,24.0,2.75,20260803
PYRAMID,0.18,8.53,43.5,9.42,20260803
QMSMEDI,0.7,15.92,66.6,,20260803
QUADFUTURE,0.82,-19.01,40.1,-5.66,20260803
QUESS,1.46,24.4,31.4,30.29,20260803
QUINT,1.55,0.65,92.9,-3.49,20260803
RACE,0.41,,82.0,1.39,20260803
RACLGEAR,0.73,-5.33,62.2,-1.47,20260803
RADAAN,0.13,9.06,74.0,5.26,20260803
RADHIKAJWE,0.38,33.61,21.9,18.74,20260803
RADIANTCMS,0.45,-4.38,69.5,-4.59,20260803
RADICO,0.75,12.59,45.3,15.71,20260803
RADIOCITY,0.64,14.82,78.5,9.84,20260803
RAILTEL,1.87,-7.45,34.1,-5.02,20260803
RAIN,1.07,24.72,42.0,14.53,20260803
RAINBOW,1.82,10.02,55.8,8.06,20260803
RAJMET,0.9,-10.95,71.6,-9.32,20260803
RAJPALAYAM,1.0,2.84,79.0,-0.77,20260803
RAJRATAN,0.45,13.08,47.9,11.95,20260803
RAJSREESUG,1.65,-2.9,69.6,-6.03,20260803
RAJTV,6.44,-7.39,87.5,-17.61,20260803
RALLIS,0.54,0.47,51.8,-5.29,20260803
RAMANEWS,4.54,0.6,69.0,5.94,20260803
RAMAPHO,2.71,6.47,61.9,4.66,20260803
RAMBHAJO,0.45,,45.6,,20260803
RAMCOCEM,1.19,1.32,63.6,4.48,20260803
RAMCOIND,0.3,0.47,49.0,2.88,20260803
RAMCOSYS,0.18,-24.19,47.7,-13.83,20260803
RAMKY,0.87,-2.76,60.5,-5.41,20260803
RAMRAT,1.47,13.09,52.5,3.78,20260803
RANASUG,3.67,-1.76,71.2,1.38,20260803
RANEHOLDIN,4.94,4.41,58.0,15.37,20260803
RATEGAIN,2.15,4.48,56.5,11.76,20260803
RATNAMANI,0.84,-2.11,58.8,-7.29,20260803
RATNAVEER,5.4,4.57,20.6,16.29,20260803
RAYMOND,1.33,0.88,42.5,3.6,20260803
RAYMONDLSL,4.7,-5.29,45.9,-3.4,20260803
RAYMONDREL,0.56,3.4,43.6,5.03,20260803
RBA,1.67,-10.79,59.4,0.06,20260803
RBLBANK,0.49,6.56,52.8,4.6,20260803
RBZJEWEL,0.58,12.65,50.5,10.57,20260803
RCF,0.72,-0.51,36.5,-1.38,20260803
RECLTD,0.74,3.54,53.2,3.82,20260803
REDINGTON,7.26,20.31,27.5,31.72,20260803
REDTAPE,0.42,0.08,54.1,-2.77,20260803
REFEX,0.48,-12.5,41.2,-5.39,20260803
REGENCERAM,1.0,-16.94,76.1,-15.55,20260803
RELAXO,0.07,1.29,33.0,9.72,20260803
RELCHEMQ,0.72,-5.08,56.9,-3.59,20260803
RELIABLE,4.72,0.17,64.7,1.06,20260803
RELIANCE,0.63,2.75,60.3,1.1,20260803
RELIGARE,1.97,-1.48,56.6,3.37,20260803
RELTD,0.39,5.05,54.7,6.92,20260803
REMSONSIND,0.47,6.67,59.4,-0.76,20260803
RENUKA,2.66,-2.14,48.6,-1.06,20260803
REPCOHOME,0.94,-6.6,59.5,-2.34,20260803
REPRO,4.93,7.0,77.5,8.6,20260803
RESPONIND,0.03,-11.81,34.5,-7.35,20260803
RETAIL,1.03,-2.41,85.8,-8.45,20260803
RGL,1.11,2.74,60.5,2.46,20260803
RHETAN,0.79,19.3,13.1,7.83,20260803
RHIM,1.33,2.99,45.2,5.57,20260803
RHL,0.09,-1.46,60.4,-2.57,20260803
RICOAUTO,0.73,7.04,30.8,6.78,20260803
RIIL,0.74,-6.73,37.6,-4.91,20260803
RIR,1.24,,56.0,,20260803
RISHABH,0.83,7.17,48.5,9.97,20260803
RITCO,1.57,16.76,53.1,12.32,20260803
RITES,0.13,-5.42,43.2,2.87,20260803
RKDL,1.77,7.71,79.8,-1.03,20260803
RKEC,0.34,3.78,71.2,-6.38,20260803
RKFORGE,1.22,18.45,45.5,17.75,20260803
RKSWAMY,0.62,1.72,67.9,1.02,20260803
RMC,6.12,-15.05,51.7,,20260803
RML,1.58,-0.92,44.6,12.02,20260803
RNBDENIMS,0.59,-9.78,68.9,-12.02,20260803
ROHLTD,0.59,-1.15,63.3,-3.34,20260803
ROLEXRINGS,0.62,-5.8,51.5,-2.67,20260803
ROML,0.26,-0.14,67.7,-1.25,20260803
ROSSARI,0.71,-1.56,53.1,-2.58,20260803
ROSSELLIND,0.72,3.08,68.6,2.93,20260803
ROSSTECH,5.09,1.77,35.3,6.65,20260803
ROTO,0.42,-2.16,37.5,2.74,20260803
ROUTE,0.23,4.26,26.4,-0.52,20260803
RPEL,0.76,0.45,55.7,4.66,20260803
RPGLIFE,0.3,20.44,44.1,11.04,20260803
RPOWER,1.53,-11.07,31.2,-6.79,20260803
RPPINFRA,1.01,-3.35,65.8,-6.61,20260803
RPPL,0.71,-4.39,53.8,10.49,20260803
RPSGVENT,1.09,13.84,60.0,6.33,20260803
RPTECH,2.22,8.56,40.7,27.15,20260803
RRIL,0.39,1.41,75.4,-6.21,20260803
RRKABEL,0.38,12.05,39.9,14.92,20260803
RSDFIN,9.47,,55.0,58.78,20260803
RSL,4.38,12.22,53.7,9.28,20260803
RSYSTEMS,0.6,20.03,44.8,8.94,20260803
RTNINDIA,2.57,-1.65,49.4,-2.5,20260803
RTNPOWER,1.58,-2.25,38.8,-3.51,20260803
RUBFILA,0.65,1.92,77.9,-3.04,20260803
RUBICON,0.38,11.75,45.8,11.55,20260803
RUCHINFRA,0.76,-0.84,77.4,-3.28,20260803
RUCHIRA,1.02,-0.03,63.8,-1.84,20260803
RUDRA,0.19,,66.5,0.28,20260803
RUPA,0.84,-2.04,53.2,1.5,20260803
RUSHIL,0.52,6.01,38.8,3.98,20260803
RUSTOMJEE,1.54,-5.03,60.8,-1.8,20260803
RVHL,0.93,1.82,79.0,4.48,20260803
RVNL,1.89,-2.34,38.5,-0.91,20260803
RVTH,1.35,-2.3,76.9,-2.65,20260803
S&SPOWER,1.29,-10.58,76.0,3.85,20260803
SAATVIKGL,0.25,-0.93,54.8,-3.81,20260803
SABEVENTS,0.5,,99.1,,20260803
SADBHAV,1.15,4.79,63.1,-3.68,20260803
SAFARI,3.53,-0.94,62.4,-3.05,20260803
SAGARDEEP,0.48,0.28,69.8,-1.8,20260803
SAGCEM,0.6,0.27,56.4,-2.42,20260803
SAGILITY,0.55,12.26,41.0,6.84,20260803
SAHLIBHFI,0.03,2.95,87.5,1.11,20260803
SAHYADRI,4.82,9.46,70.8,15.32,20260803
SAIL,0.9,3.22,44.5,-6.81,20260803
SAILIFE,0.84,8.5,55.6,8.72,20260803
SAIPARENT,0.67,-7.78,55.1,-1.0,20260803
SAKAR,0.99,11.76,44.7,11.02,20260803
SAKHTISUG,1.65,2.24,71.3,0.69,20260803
SAKSOFT,0.47,-10.4,23.8,10.35,20260803
SAKUMA,0.17,,85.2,-2.96,20260803
SALASAR,1.65,-3.19,55.2,-8.67,20260803
SALONA,0.32,-1.75,71.1,-5.4,20260803
SALSTEEL,0.22,,,,20260803
SALZERELEC,1.2,-4.73,60.2,-4.4,20260803
SAMBHAAV,0.72,1.84,73.8,1.86,20260803
SAMBHV,1.23,12.37,47.3,6.87,20260803
SAMHI,0.97,6.19,59.9,6.07,20260803
SAMMAANCAP,0.95,-5.09,53.4,-5.43,20260803
SAMPANN,0.94,-3.44,76.9,-1.45,20260803
SANATHAN,1.54,9.69,57.8,10.5,20260803
SANDESH,1.52,2.11,83.7,1.43,20260803
SANDHAR,2.27,-8.61,46.2,-3.27,20260803
SANDUMA,0.6,5.6,42.6,0.41,20260803
SANGAMIND,0.07,15.3,53.7,8.51,20260803
SANGHVIMOV,3.65,-4.53,43.4,5.18,20260803
SANOFI,1.98,-1.35,59.2,1.93,20260803
SANOFICONR,0.3,2.85,64.0,-2.2,20260803
SANSERA,0.75,8.51,51.4,11.68,20260803
SANSTAR,5.33,-3.53,41.7,1.87,20260803
SAPPHIRE,0.35,3.29,38.3,2.9,20260803
SAPPL,0.38,12.03,86.9,0.88,20260803
SARDAEN,2.25,7.66,45.5,0.47,20260803
SAREGAMA,0.56,8.96,36.5,8.38,20260803
SARLAPOLY,0.53,2.33,60.5,1.6,20260803
SARVESHWAR,0.3,,78.8,-2.59,20260803
SASKEN,0.23,-17.4,68.6,-9.25,20260803
SATIA,0.31,13.0,64.3,9.73,20260803
SATIN,1.36,-1.93,44.7,-5.26,20260803
SAURASHCEM,0.39,9.83,49.6,3.32,20260803
SAYAJIHOTL,4.14,-1.2,74.0,4.21,20260803
SBC,0.91,2.79,35.6,3.7,20260803
SBCL,0.79,2.63,52.2,3.46,20260803
SBFC,1.04,2.65,59.7,0.17,20260803
SBGLP,1.2,6.78,78.6,0.43,20260803
SBICARD,0.48,13.51,44.9,7.69,20260803
SBIFUNDS,0.19,,54.1,,20260803
SBILIFE,0.93,7.86,67.5,5.57,20260803
SBIN,1.04,0.86,52.0,2.89,20260803
SCHAEFFLER,0.49,1.87,59.2,-1.28,20260803
SCHAND,1.14,-1.19,57.9,-4.03,20260803
SCHNEIDER,0.66,0.48,50.4,2.13,20260803
SCI,1.01,-0.45,37.8,-0.8,20260803
SCILAL,1.12,-3.38,63.5,-4.34,20260803
SCODATUBES,1.03,3.97,56.9,8.17,20260803
SCPL,1.42,16.86,48.6,39.6,20260803
SDBL,0.14,8.15,45.2,-2.64,20260803
SEAMECLTD,2.06,5.75,57.0,-1.7,20260803
SECMARK,0.5,7.69,78.8,-1.25,20260803
SECURKLOUD,1.13,-0.81,72.1,-6.01,20260803
SEDEMAC,3.38,-3.34,47.9,4.72,20260803
SEIL,1.37,-2.81,73.7,-0.18,20260803
SELMC,1.67,-2.46,74.0,-5.7,20260803
SENCO,0.44,26.51,37.4,9.36,20260803
SENORES,0.66,2.21,40.7,5.94,20260803
SEPC,0.45,-6.71,46.9,-9.88,20260803
SERVOTECH,0.73,-11.68,45.1,-12.96,20260803
SESHAPAPER,0.43,9.58,42.8,4.52,20260803
SETL,0.31,0.17,52.7,25.64,20260803
SFL,0.41,9.13,51.0,9.93,20260803
SGFIN,0.39,6.09,45.5,13.06,20260803
SGIL,0.85,5.68,79.5,2.74,20260803
SGL,0.18,-0.39,74.1,-5.0,20260803
SGMART,0.2,17.36,45.3,12.25,20260803
SHADOWFAX,1.82,6.0,44.7,11.74,20260803
SHAH,0.22,-4.7,45.6,-13.02,20260803
SHAHALLOYS,0.08,-2.24,88.3,-2.89,20260803
SHAILY,0.49,9.47,49.4,5.61,20260803
SHAKTIPUMP,0.84,-5.88,46.2,-4.81,20260803
SHALBY,0.99,-4.03,59.2,-3.21,20260803
SHALPAINTS,7.07,30.61,55.2,45.18,20260803
SHANKARA,2.6,,76.7,21.86,20260803
SHANTI,1.26,0.28,82.9,3.45,20260803
SHANTIGEAR,0.46,-5.76,52.7,-5.1,20260803
SHANTIGOLD,0.57,1.23,51.2,0.07,20260803
SHARDACROP,1.86,-4.6,52.6,-7.64,20260803
SHARDAMOTR,1.89,1.22,50.4,8.27,20260803
SHAREINDIA,0.04,31.76,43.0,17.38,20260803
SHBAJRG,1.14,-1.82,86.3,0.75,20260803
SHEKHAWATI,0.6,,81.4,11.94,20260803
SHILCTECH,1.34,3.85,57.0,8.71,20260803
SHILPAMED,0.89,9.87,49.6,8.27,20260803
SHINDL,0.77,14.6,23.7,2.97,20260803
SHIVATEX,0.09,14.5,68.2,7.82,20260803
SHIVAUM,0.15,10.21,69.5,11.91,20260803
SHK,0.25,30.18,33.3,22.94,20260803
SHOPERSTOP,0.26,10.98,61.3,10.04,20260803
SHRADHA,0.18,2.65,64.0,-1.74,20260803
SHREDIGCEM,0.53,-3.59,60.2,0.52,20260803
SHREECEM,1.65,3.29,42.8,5.08,20260803
SHREEJISPG,0.56,32.05,35.9,26.64,20260803
SHREEPUSHK,0.62,0.18,56.2,4.48,20260803
SHREERAMA,0.7,-8.17,73.2,-5.48,20260803
SHREYANIND,0.66,5.95,73.5,1.53,20260803
SHRIKRISH,0.1,,86.6,-4.07,20260803
SHRINGARMS,1.26,2.09,38.5,5.46,20260803
SHRIPISTON,1.29,3.11,49.3,15.63,20260803
SHRIRAMFIN,1.21,2.64,60.2,8.86,20260803
SHRIRAMPPS,0.34,-2.72,57.3,-2.66,20260803
SHYAMMETL,0.78,10.56,31.1,3.71,20260803
SICAGEN,0.8,-4.57,67.3,-6.21,20260803
SIEMENS,1.71,8.37,33.5,6.87,20260803
SIGIND,4.04,10.25,69.6,16.33,20260803
SIGMA,2.13,46.32,32.3,26.33,20260803
SIGNATURE,0.34,11.3,14.0,4.61,20260803
SIGNPOST,0.6,-4.72,54.8,-2.67,20260803
SIKA,0.36,3.03,49.1,6.28,20260803
SIKKO,0.62,42.98,79.5,28.47,20260803
SIL,0.91,7.78,83.0,6.2,20260803
SILGO,1.55,-4.83,40.5,-8.06,20260803
SILINV,0.6,1.12,85.8,1.43,20260803
SILLYMONKS,3.64,-2.16,66.8,-8.58,20260803
SILVERTUC,1.12,14.97,43.4,5.6,20260803
SIMPLEXINF,0.82,-8.34,57.2,-7.37,20260803
SINCLAIR,1.55,-1.95,64.7,-0.95,20260803
SINDHUTRAD,0.09,-1.35,58.2,-3.77,20260803
SINGERIND,0.51,-4.51,67.2,-6.08,20260803
SINTERCOM,0.21,14.55,75.7,12.48,20260803
SIRCA,1.47,7.26,38.4,5.59,20260803
SIS,0.56,3.27,67.7,0.05,20260803
SIYSIL,2.31,-2.66,52.7,1.44,20260803
SJS,1.53,10.13,57.3,14.12,20260803
SJVN,1.43,-2.75,48.0,-3.04,20260803
SKFINDIA,1.12,-8.52,59.9,-5.07,20260803
SKFINDUS,0.62,-1.69,60.5,3.68,20260803
SKIPPER,1.33,-2.55,47.4,1.46,20260803
SKMEGGPROD,0.61,-18.49,34.4,-10.76,20260803
SKYGOLD,0.85,24.48,47.5,21.92,20260803
SMARTWORKS,0.26,-1.45,65.9,3.12,20260803
SMCGLOBAL,0.72,17.07,59.4,11.46,20260803
SMLMAH,0.96,46.33,34.3,34.98,20260803
SMLT,0.97,-2.2,80.0,-1.27,20260803
SMSPHARMA,1.32,-5.8,55.8,-5.46,20260803
SNOWMAN,0.6,6.03,58.8,2.94,20260803
SOBHA,0.25,0.06,44.5,-2.16,20260803
SOLARA,0.34,-6.54,56.6,-7.29,20260803
SOLARINDS,0.45,1.59,43.6,2.47,20260803
SOLARWORLD,1.26,3.41,55.9,-6.29,20260803
SOLEX,0.6,-11.49,59.4,-11.25,20260803
SOMANYCERA,1.66,-6.58,66.2,-0.8,20260803
SOMATEX,0.84,13.33,65.1,-4.68,20260803
SOMICONVEY,0.51,-7.95,71.6,-6.36,20260803
SONACOMS,0.82,26.99,48.0,20.7,20260803
SONAL,,-0.9,71.7,-3.8,20260803
SONAMLTD,0.18,4.97,43.5,-1.46,20260803
SONATSOFTW,1.71,24.82,24.2,21.09,20260803
SOTL,0.45,20.15,42.0,13.26,20260803
SOUTHBANK,0.4,5.5,44.3,3.59,20260803
SOUTHWEST,0.34,11.87,50.7,0.23,20260803
SPAL,0.29,-8.55,49.8,2.62,20260803
SPANDANA,0.33,-3.26,44.8,-2.44,20260803
SPARC,0.37,-10.4,45.7,-9.12,20260803
SPCENET,0.57,-1.7,67.6,-4.99,20260803
SPECIALITY,0.3,6.95,65.2,8.24,20260803
SPECTRUM,1.42,25.86,30.5,37.16,20260803
SPENCERS,1.3,-4.24,55.7,-6.66,20260803
SPIC,0.9,0.23,52.7,-1.49,20260803
SPLIL,0.27,1.26,85.8,-3.38,20260803
SPLPETRO,0.27,1.13,36.0,0.32,20260803
SPMLINFRA,0.63,1.22,58.5,-1.13,20260803
SPORTKING,10.35,17.76,41.4,22.7,20260803
SRD,1.72,-3.32,75.7,-0.76,20260803
SREEL,0.52,3.83,64.8,3.98,20260803
SRF,0.25,-1.51,53.9,-3.24,20260803
SRGHFL,1.01,-0.61,78.3,1.82,20260803
SRHHYPOLTD,1.06,2.52,64.6,-0.8,20260803
SRM,0.6,-0.6,49.8,-0.97,20260803
SRTL,0.44,6.0,73.1,-1.81,20260803
SSDL,0.53,-3.82,70.7,-3.74,20260803
SSWL,0.77,28.43,43.9,29.39,20260803
STALLION,0.89,45.48,26.9,31.61,20260803
STANLEY,0.54,3.18,57.8,2.61,20260803
STAR,1.89,-3.55,39.9,-4.63,20260803
STARCEMENT,0.96,1.06,65.1,-2.41,20260803
STARHEALTH,0.95,5.19,54.9,4.76,20260803
STARPAPER,0.26,11.27,74.4,7.38,20260803
STARTECK,0.95,-7.51,3.5,-3.71,20260803
STCINDIA,1.44,-2.5,61.3,-2.64,20260803
STEELCAS,2.34,4.74,44.7,9.18,20260803
STEELCITY,1.75,0.94,66.2,-1.07,20260803
STEELXIND,0.55,-6.88,62.2,-5.63,20260803
STEL,0.64,0.6,73.7,3.4,20260803
STOVEKRAFT,1.37,5.75,56.2,4.77,20260803
STUDDS,1.0,-1.37,58.0,-3.66,20260803
STYL,0.36,8.53,42.3,14.8,20260803
STYLAMIND,0.18,8.23,41.0,7.78,20260803
STYRENIX,0.93,10.67,58.7,8.18,20260803
SUBROS,0.86,0.6,45.7,4.84,20260803
SUDARCOLOR,1.51,5.96,58.8,1.42,20260803
SUDARSCHEM,1.51,18.41,54.3,12.0,20260803
SUDEEPPHRM,2.57,7.12,41.6,6.97,20260803
SUKHJITS,1.16,-2.44,63.8,-4.67,20260803
SULA,1.0,13.77,38.4,6.57,20260803
SUMEETINDS,0.01,-21.62,100.0,-25.92,20260803
SUMICHEM,0.32,20.05,50.5,6.1,20260803
SUMIT,0.47,,,21.52,20260803
SUMMITSEC,2.24,1.49,66.3,-0.11,20260803
SUNCLAY,0.23,-4.52,47.7,-6.37,20260803
SUNDARAM,1.77,-4.05,67.5,-5.3,20260803
SUNDARMFIN,4.09,4.89,55.7,8.95,20260803
SUNDRMFAST,1.23,7.05,58.4,9.6,20260803
SUNDROP,1.34,5.54,72.7,3.42,20260803
SUNFLAG,2.18,10.42,56.3,2.71,20260803
SUNPHARMA,1.48,9.43,63.4,4.52,20260803
SUNTECK,0.5,-4.7,53.9,0.33,20260803
SUNTV,1.16,2.32,55.8,-0.64,20260803
SUPERHOUSE,0.1,5.33,52.3,1.24,20260803
SUPRAJIT,2.25,11.0,55.3,7.44,20260803
SUPREME,1.25,0.05,58.8,-0.99,20260803
SUPREMEIND,0.73,10.35,35.7,2.42,20260803
SUPREMEINF,0.29,4.96,36.8,4.78,20260803
SUPRIYA,0.97,-11.33,48.7,-2.2,20260803
SURAJEST,1.13,-0.18,66.8,1.21,20260803
SURAJLTD,0.71,0.29,73.9,-3.14,20260803
SURAKSHA,0.51,-3.07,64.1,-6.19,20260803
SURANASOL,0.31,-0.14,66.2,-1.5,20260803
SURANAT&P,0.96,-5.37,57.3,-3.35,20260803
SURYALA,0.35,-6.37,82.8,-6.7,20260803
SURYALAXMI,0.96,1.95,69.1,3.94,20260803
SURYAROSNI,1.1,-3.68,55.9,-5.05,20260803
SURYODAY,0.12,-6.52,27.3,-6.27,20260803
SUVEN,0.35,14.91,40.9,4.71,20260803
SUVIDHAA,1.7,-3.13,82.0,-3.42,20260803
SUYOG,0.52,6.12,56.9,6.35,20260803
SUZLON,0.77,-14.95,36.2,-11.82,20260803
SWANCORP,1.07,0.7,33.1,-1.86,20260803
SWARAJENG,0.36,-7.38,58.7,-3.86,20260803
SWELECTES,0.94,-3.17,66.4,-2.57,20260803
SWIGGY,0.74,18.11,31.1,11.11,20260803
SWSOLAR,0.64,-14.82,45.1,-4.18,20260803
SYMPHONY,1.41,2.47,60.2,-1.37,20260803
SYNCOMF,0.89,-6.06,56.7,-6.32,20260803
SYNGENE,0.95,-7.81,50.3,-6.86,20260803
SYRMA,0.76,-1.08,34.5,4.03,20260803
TAALTECH,0.85,12.05,63.3,10.06,20260803
TAINWALCHM,0.76,0.2,72.1,2.36,20260803
TAJGVK,1.05,8.64,43.4,5.46,20260803
TAKE,0.8,,89.7,,20260803
TALBROAUTO,1.31,-1.5,53.6,8.96,20260803
TANLA,0.52,14.65,32.8,12.85,20260803
TARACHAND,2.81,1.34,60.9,4.66,20260803
TARAPUR,4.09,-7.79,78.0,-15.44,20260803
TARC,0.1,11.83,48.1,6.78,20260803
TARIL,0.54,-14.63,44.3,-8.68,20260803
TARMAT,0.91,2.07,78.1,-1.1,20260803
TARSONS,0.17,23.08,50.1,20.31,20260803
TASTYBITE,1.04,5.52,49.4,11.47,20260803
TATACAP,0.99,3.83,45.1,6.73,20260803
TATACHEM,0.9,0.88,39.3,-5.85,20260803
TATACOMM,0.62,-5.35,56.3,-6.37,20260803
TATACONSUM,0.94,2.05,60.5,-0.52,20260803
TATAELXSI,0.59,5.14,40.0,-3.61,20260803
TATAINVEST,0.48,5.0,43.5,1.1,20260803
TATAPOWER,0.56,4.17,43.9,-2.49,20260803
TATASTEEL,1.27,5.21,47.5,-1.97,20260803
TATATECH,0.76,14.33,36.9,3.92,20260803
TATVA,0.31,53.2,36.4,32.89,20260803
TBOTEK,3.92,4.04,44.1,15.02,20260803
TBZ,0.48,47.25,21.8,38.1,20260803
TCC,0.84,-3.91,69.2,-11.73,20260803
TCI,1.52,3.46,56.5,-1.75,20260803
TCIEXP,0.23,9.17,50.3,4.12,20260803
TCPLPACK,0.52,8.75,50.0,11.64,20260803
TCS,0.6,22.09,51.8,12.31,20260803
TDPOWERSYS,0.66,-2.45,46.6,-7.07,20260803
TEAMGTY,0.05,-5.6,76.1,-4.97,20260803
TEAMLEASE,1.52,-12.09,64.2,-10.55,20260803
TECHM,1.42,23.99,58.1,10.57,20260803
TECHNOE,1.16,-6.65,57.6,-5.09,20260803
TECHNVISN,0.1,5.35,55.7,-3.73,20260803
TECILCHEM,0.42,-6.34,79.2,-5.55,20260803
TEGA,6.23,-7.76,56.6,-5.52,20260803
TEJASNET,0.4,-12.73,23.7,-6.44,20260803
TEMBO,0.17,-3.16,43.4,-1.18,20260803
TENNIND,2.15,-8.16,67.6,-5.29,20260803
TERASOFT,0.68,-3.0,63.0,-3.9,20260803
TEXINFRA,1.01,6.09,78.2,6.14,20260803
TEXMOPIPES,1.29,-4.21,76.6,-3.13,20260803
TEXRAIL,0.84,2.25,46.4,2.36,20260803
TFCILTD,0.87,35.86,39.4,31.98,20260803
TFL,0.76,-4.56,62.5,-5.43,20260803
TGBHOTELS,0.34,7.11,72.3,2.77,20260803
THAKDEV,0.91,12.3,75.6,3.23,20260803
THANGAMAYL,1.16,-9.32,35.4,-13.31,20260803
THEINVEST,3.21,3.36,75.1,3.84,20260803
THEJO,2.18,11.15,53.8,21.88,20260803
THELEELA,4.95,5.83,46.2,8.51,20260803
THEMISMED,0.43,-2.16,55.5,-2.5,20260803
THERMAX,1.79,-13.14,44.9,-12.11,20260803
THOMASCOOK,2.11,1.2,42.3,3.71,20260803
THOMASCOTT,0.68,-7.19,55.3,4.22,20260803
THYROCARE,0.52,9.32,46.4,9.9,20260803
TI,1.93,5.41,48.3,5.22,20260803
TIIL,1.04,3.83,62.8,3.48,20260803
TIINDIA,0.97,-8.34,52.4,-8.46,20260803
TIJARIA,1.85,17.09,72.6,8.26,20260803
TIL,0.71,28.32,21.0,25.15,20260803
TIMETECHNO,0.65,20.32,21.8,13.68,20260803
TIMEX,0.64,5.24,42.6,8.92,20260803
TIMKEN,0.72,-6.94,58.8,-5.53,20260803
TINNARUBR,0.36,19.11,37.0,17.14,20260803
TIPSFILMS,0.27,19.57,35.9,8.05,20260803
TIPSMUSIC,0.22,4.31,39.2,3.14,20260803
TIRUMALCHM,1.37,-0.06,55.6,4.37,20260803
TITAGARH,2.46,-4.58,31.5,0.36,20260803
TITAN,0.55,13.61,66.6,12.92,20260803
TMB,0.31,19.39,36.8,11.42,20260803
TMCV,2.34,4.01,50.2,11.77,20260803
TMPV,1.41,0.46,47.9,-2.41,20260803
TNPETRO,0.9,2.39,46.5,5.19,20260803
TNPL,0.84,5.9,48.8,5.6,20260803
TNTELE,0.24,4.45,67.3,-0.55,20260803
TOLINS,1.71,1.33,72.3,-0.65,20260803
TORNTPHARM,0.9,13.16,59.1,7.72,20260803
TORNTPOWER,0.96,3.4,67.2,-2.26,20260803
TOTAL,0.9,0.35,78.8,0.7,20260803
TOUCHWOOD,0.23,-0.84,61.5,-4.33,20260803
TPHQ,0.6,-11.52,65.3,-10.64,20260803
TPLPLASTEH,0.88,12.75,26.6,9.75,20260803
TRACXN,0.75,2.47,71.4,-0.78,20260803
TRANSPEK,4.77,32.65,49.7,36.63,20260803
TRANSRAILL,1.09,-0.06,49.8,0.4,20260803
TRAVELFOOD,2.03,0.87,58.7,4.4,20260803
TREEHOUSE,0.28,-5.19,81.9,-4.36,20260803
TREJHARA,0.42,-3.02,75.7,-3.04,20260803
TREL,1.15,-6.54,72.4,-4.88,20260803
TRENT,0.64,-5.87,53.5,2.88,20260803
TRF,1.97,-3.1,44.8,-2.94,20260803
TRIDENT,0.47,-3.31,49.8,-0.8,20260803
TRIGYN,0.73,7.18,50.2,-0.33,20260803
TRITURBINE,0.55,-8.4,54.1,-6.72,20260803
TRU,0.88,-5.41,75.2,-12.62,20260803
TRUALT,0.44,-6.62,39.5,-5.92,20260803
TSFINV,0.39,3.1,54.5,5.74,20260803
TTKHLTCARE,1.06,15.66,54.7,11.2,20260803
TTKPRESTIG,0.11,4.54,24.9,8.06,20260803
TTL,1.49,-2.82,76.6,-6.87,20260803
TTML,0.56,-4.71,33.7,-4.81,20260803
TURTLEMINT,0.18,-13.17,45.0,,20260803
TVSELECT,0.5,-2.21,44.1,0.95,20260803
TVSHLTD,0.24,9.79,57.5,6.89,20260803
TVSMOTOR,1.16,26.21,62.3,22.17,20260803
TVSSCS,0.66,0.73,60.8,3.73,20260803
TVSSRICHAK,1.84,-3.35,63.0,-1.38,20260803
TVTODAY,1.36,-8.05,65.5,-0.67,20260803
TVVISION,1.58,-7.29,82.1,-6.9,20260803
UBL,1.01,7.15,53.1,6.2,20260803
UCAL,0.6,-6.17,80.7,3.14,20260803
UCOBANK,0.59,0.13,43.3,0.19,20260803
UDS,0.77,14.31,50.2,9.22,20260803
UEL,8.2,21.53,47.6,37.54,20260803
UFBL,0.94,12.24,65.7,10.91,20260803
UFLEX,0.13,14.15,47.6,10.25,20260803
UFO,1.72,-5.92,65.0,-3.27,20260803
UGARSUGAR,1.8,2.43,54.5,5.4,20260803
UGROCAP,14.28,0.37,51.5,1.27,20260803
UJJIVANSFB,0.46,19.8,46.9,17.88,20260803
ULTRACEMCO,0.53,6.67,59.7,4.7,20260803
ULTRAMAR,1.37,5.04,65.0,0.23,20260803
UMESLTD,0.56,-7.87,64.9,5.56,20260803
UMIYA-MRO,0.83,0.83,88.4,-0.36,20260803
UNICHEMLAB,0.08,10.96,47.8,6.69,20260803
UNIECOM,1.04,-0.22,56.3,-1.26,20260803
UNIENTER,0.21,-7.93,76.2,-7.38,20260803
UNIMECH,1.14,10.77,49.9,10.03,20260803
UNIONBANK,0.47,0.69,45.1,2.75,20260803
UNIPARTS,0.89,12.8,52.5,11.36,20260803
UNITDSPR,0.38,14.86,58.3,12.69,20260803
UNITECH,1.19,-5.97,61.9,-9.75,20260803
UNITEDTEA,0.41,3.71,81.5,-3.34,20260803
UNIVCABLES,1.99,12.5,50.0,18.02,20260803
UNOMINDA,1.01,11.26,47.2,7.84,20260803
UPL,1.17,9.72,59.1,1.37,20260803
URBANCO,14.71,3.38,42.8,12.87,20260803
URJA,6.34,-3.81,55.6,1.41,20260803
USHAMART,1.07,3.41,43.2,1.55,20260803
USK,1.07,-0.03,74.9,-2.69,20260803
UTIAMC,0.78,-1.63,57.0,-2.6,20260803
UTKARSHBNK,2.6,1.22,52.6,3.34,20260803
UTLSOLAR,0.68,14.93,53.7,16.41,20260803
UTTAMSUGAR,5.26,-1.74,49.2,2.75,20260803
UYFINCORP,0.48,41.22,53.0,25.22,20260803
V2RETAIL,1.31,-5.24,51.8,-4.57,20260803
VADILALIND,1.35,21.32,40.2,19.25,20260803
VAIBHAVGBL,0.52,17.02,42.0,9.38,20260803
VAISHALI,0.2,,82.0,15.23,20260803
VAKRANGEE,0.6,-0.78,53.6,-3.23,20260803
VAML,0.91,3.27,56.4,,20260803
VARDMNPOLY,0.86,-8.92,71.7,-10.79,20260803
VARROC,2.54,9.37,44.1,9.98,20260803
VASWANI,0.89,-1.91,72.0,-6.26,20260803
VBL,0.73,-11.46,53.9,-10.76,20260803
VCL,0.2,-14.28,84.0,-11.11,20260803
VEDL,0.57,-1.33,46.3,-8.16,20260803
VEDPOWER,0.66,-19.15,42.5,,20260803
VEEDOL,1.02,0.31,63.6,-1.61,20260803
VENKEYS,1.78,8.63,53.6,7.65,20260803
VENTIVE,1.15,2.09,57.4,-1.18,20260803
VENUSPIPES,3.16,-5.03,52.3,-2.67,20260803
VERANDA,3.22,11.83,44.6,7.79,20260803
VESUVIUS,0.9,-2.27,59.4,-2.58,20260803
VGL,0.81,0.55,62.6,-6.13,20260803
VGUARD,0.68,5.7,36.6,3.37,20260803
VHL,2.43,-1.54,70.0,-1.83,20260803
VIDHIING,1.17,21.88,59.7,15.01,20260803
VIDYAWIRES,0.71,-3.32,54.8,-4.22,20260803
VIJAYA,0.62,0.91,62.9,1.93,20260803
VIKASECO,1.17,-12.07,60.7,-9.02,20260803
VIKASLIFE,1.18,-10.16,57.6,-9.86,20260803
VIKRAMSOLR,0.59,,52.7,-9.38,20260803
VIKRAN,0.64,-0.72,37.5,0.08,20260803
VIMTALABS,0.28,7.16,44.1,12.6,20260803
VINATIORGA,0.85,1.3,52.4,0.15,20260803
VINCOFE,0.81,-1.0,37.0,-1.56,20260803
VINDHYATEL,10.62,-2.27,44.3,16.99,20260803
VINNY,0.6,-3.48,83.6,-3.67,20260803
VINYLINDIA,0.99,-2.15,49.2,-2.26,20260803
VIPIND,2.86,1.22,53.2,1.01,20260803
VIRINCHI,1.4,-4.49,68.7,-4.61,20260803
VISAKAIND,2.2,12.0,53.3,11.44,20260803
VISHNU,1.89,4.28,56.4,-1.59,20260803
VISHWARAJ,2.52,-2.06,77.7,-4.55,20260803
VISL,0.98,-13.99,47.4,,20260803
VIVIDHA,1.87,-0.93,67.7,-1.89,20260803
VIYASH,2.21,-9.79,57.2,0.19,20260803
VLSFINANCE,1.32,2.24,73.6,3.79,20260803
VMART,0.64,0.58,38.7,5.19,20260803
VMM,1.18,-5.5,52.1,-4.39,20260803
VOEPL,0.6,12.69,45.4,,20260803
VOGL,0.49,-5.35,36.2,,20260803
VOLTAMP,2.1,2.66,55.4,3.67,20260803
VOLTAS,0.38,6.5,37.8,1.52,20260803
VRAJ,0.31,9.68,63.5,-0.43,20260803
VRLLOG,1.99,14.15,53.6,13.64,20260803
VSSL,0.35,14.69,57.7,7.2,20260803
VSTIND,1.15,-12.14,51.3,-12.3,20260803
VSTL,1.39,-0.32,70.6,-4.45,20260803
VSTTILLERS,1.52,-1.12,65.9,-1.61,20260803
VTL,1.48,-6.58,42.8,-6.15,20260803
WAAREEENER,0.72,-4.09,32.2,-8.53,20260803
WAAREEINDO,1.18,-18.83,60.4,-18.28,20260803
WAAREERTL,0.46,-9.43,47.3,-6.09,20260803
WABAG,0.91,-2.3,45.9,6.99,20260803
WAKEFIT,0.15,4.93,20.7,4.21,20260803
WALCHANNAG,0.51,-1.38,41.8,-9.42,20260803
WANBURY,0.28,4.86,52.8,-0.37,20260803
WCIL,1.05,-6.13,63.6,-5.69,20260803
WEALTH,0.65,-2.78,65.9,-1.74,20260803
WEBELSOLAR,0.82,-1.38,60.0,-5.56,20260803
WEIZMANIND,1.35,-2.67,82.9,-4.24,20260803
WEL,4.11,17.19,33.9,23.11,20260803
WELCORP,0.63,14.48,55.5,14.61,20260803
WELENT,0.51,-0.19,58.8,5.35,20260803
WELSPLSOL,0.7,-2.15,51.6,-2.27,20260803
WELSPUNLIV,0.93,-2.87,55.4,-1.01,20260803
WENDT,0.5,4.05,49.8,8.02,20260803
WESTLIFE,0.64,3.65,41.4,12.24,20260803
WEWORK,0.33,5.91,47.9,10.8,20260803
WHEELS,0.72,-9.87,46.7,-7.76,20260803
WHIRLPOOL,0.82,2.23,55.7,3.21,20260803
WILLAMAGOR,1.79,-1.63,76.8,0.38,20260803
WINDLAS,0.29,2.39,59.6,3.3,20260803
WINDMACHIN,0.93,-4.26,58.2,-7.0,20260803
WIPL,0.36,-1.03,68.7,3.14,20260803
WIPRO,0.91,10.72,48.6,3.04,20260803
WOCKPHARMA,1.93,2.62,43.8,6.0,20260803
WONDERLA,1.11,-1.25,63.0,1.28,20260803
WORTHPERI,0.38,9.18,68.6,8.41,20260803
WPIL,0.34,-0.32,49.3,-0.12,20260803
WSI,0.36,-6.46,48.6,-8.04,20260803
WSTCSTPAPR,0.45,11.2,52.3,8.37,20260803
XCHANGING,2.85,11.61,55.3,4.87,20260803
XELPMOC,1.42,-1.78,74.5,-4.24,20260803
XPROINDIA,7.19,7.88,55.7,-1.22,20260803
XTGLOBAL,1.13,24.54,44.1,12.43,20260803
YASHO,8.34,28.68,34.5,37.59,20260803
YATHARTH,0.93,-1.71,56.6,0.06,20260803
YATRA,0.6,-5.01,44.6,0.82,20260803
YESBANK,0.53,-4.59,46.1,-2.38,20260803
YUKEN,1.25,-4.28,78.0,0.14,20260803
ZAGGLE,0.82,0.13,47.7,-0.64,20260803
ZEEL,4.05,8.53,37.2,-6.2,20260803
ZEEMEDIA,2.39,-11.22,65.8,-12.64,20260803
ZENITHEXPO,1.28,5.48,72.8,-1.66,20260803
ZENITHSTL,0.73,1.7,83.2,-1.92,20260803
ZENSARTECH,0.3,21.99,25.9,6.92,20260803
ZENTEC,0.62,-5.11,39.4,-6.44,20260803
ZFCVINDIA,0.55,0.05,53.9,0.32,20260803
ZFSTEERING,0.34,-5.19,71.1,-0.12,20260803
ZODIAC,0.26,,,-1.35,20260803
ZODIACLOTH,0.19,-3.21,64.5,-1.01,20260803
ZOTA,0.89,-7.81,51.5,-2.07,20260803
ZSARACOM,0.06,35.48,70.6,13.02,20260803
ZUARI,0.71,5.66,37.6,2.28,20260803
ZUARIIND,0.42,3.47,65.4,0.32,20260803
ZYDUSLIFE,1.23,4.36,50.7,1.01,20260803
ZYDUSWELL,1.38,4.36,39.6,3.25,20260803
