symbol,series,date,announcement_type,text_snippet
360ONE,EQ,2026-04-27,DIVIDEND,Interim Dividend - Rs 6 Per Share
5PAISA,EQ,2026-03-17,FUNDRAISE,Rights 1:2 @ Premium Rs 290/-
AARTIDRUGS,EQ,2026-02-09,DIVIDEND,Interim Dividend - Rs 2 Per Share
AARTIPHARM,EQ,2026-02-16,DIVIDEND,Interim Dividend - Rs 1.50 Per Share
ABB,EQ,2026-05-02,DIVIDEND,Dividend - Rs 29.59 Per Share
ABDL,EQ,2026-06-26,DIVIDEND,Dividend - Rs 5.40 Per Share
ACC,EQ,2026-06-12,DIVIDEND,Dividend - Rs 7.50 Per Share
ACCELYA,EQ,2026-02-06,DIVIDEND,Interim Dividend - Rs 45 Per Share
ACI,EQ,2026-06-05,DIVIDEND,Dividend - Rs 2.50 Per Share
ACMESOLAR,EQ,2026-02-06,DIVIDEND,Interim Dividend - Re 0.20 Per Share
ADANIENT,EQ,2026-06-12,DIVIDEND,Dividend - Rs 1.30 Per Share
ADANIPORTS,EQ,2026-06-12,DIVIDEND,Dividend - Rs 7.50 Per Share
ADVANIHOTR,EQ,2026-05-29,DIVIDEND,Interim Dividend - Rs 0.80 Per Share
ADVANIHOTR,EQ,2026-01-30,DIVIDEND,Interim Dividend - Re 1 Per Share
AHCL,EQ,2026-04-24,BONUS,Bonus 1:1
AHCL,EQ,2026-04-24,STOCK_SPLIT,Face Value Split (Sub-Division) - From Rs 10/- Per Share To Rs 2/- Per Share
AIIL,EQ,2026-01-13,BONUS,Bonus 4:1
AJMERA,EQ,2026-01-15,STOCK_SPLIT,Face Value Split (Sub-Division) - From Rs 10/- Per Share To Rs 2/- Per Share
ALICON,EQ,2026-05-19,DIVIDEND,Interim Dividend - Rs 2 Per Share
ALKEM,EQ,2026-02-20,DIVIDEND,Interim Dividend - Rs 43 Per Share
ALKYLAMINE,EQ,2026-06-26,DIVIDEND,Dividend - Rs 10 Per Share
ALLDIGI,EQ,2026-02-04,DIVIDEND,Interim Dividend - Rs 30 Per Share
AMBUJACEM,EQ,2026-06-12,DIVIDEND,Dividend - Rs 2 Per Share
AMRUTANJAN,EQ,2026-02-07,DIVIDEND,Interim Dividend - Re 1 Per Share
ANANDRATHI,EQ,2026-06-03,BONUS,Bonus 1:1
ANANDRATHI,EQ,2026-05-15,DIVIDEND,Dividend - Rs 7 Per Share
ANGELONE,EQ,2026-03-27,DIVIDEND,Interim Dividend - Rs  1.75 Per Share
ANGELONE,EQ,2026-02-26,STOCK_SPLIT,Face Value Split (Sub-Division) - From Rs 10/- Per Share To Re 1/- Per Share
ANGELONE,EQ,2026-01-21,DIVIDEND,Interim Dividend - Rs 23 Per Share
ANTHEM,EQ,2026-06-26,DIVIDEND,Dividend - Rs 2 Per Share
APCOTEXIND,EQ,2026-06-12,DIVIDEND,Dividend - Rs 5.50 Per Share
APCOTEXIND,EQ,2026-02-04,DIVIDEND,Interim Dividend - Rs 2.50 Per Sh
APOLLOHOSP,EQ,2026-02-16,DIVIDEND,Interim Dividend - Rs 10 Per Sh
APOLLOTYRE,EQ,2026-02-10,DIVIDEND,Interim Dividend - Rs 3.50 Per Share
APTECHT,EQ,2026-05-28,DIVIDEND,Interim Dividend - Rs. 4.5 Per Share
APTUS,EQ,2026-05-15,DIVIDEND,Interim Dividend - Rs 2.50 Per Share
AQYLON,EQ,2026-03-05,STOCK_SPLIT,Face Value Split (Sub-Division) - From Rs 10/- Per Share To Re 1/- Per Share
ARSSBL,EQ,2026-06-23,DIVIDEND,Dividend - Rs 5 Per Share
ASHIANA,EQ,2026-02-19,DIVIDEND,Interim Dividend - Re 1 Per Share
ASHOKLEY,EQ,2026-06-03,DIVIDEND,Interim Dividend - Rs 2.50 Per Share
ASIANPAINT,EQ,2026-06-23,DIVIDEND,Dividend - Rs 23 Per Share
ASTERDM,EQ,2026-04-03,DIVIDEND,Interim Dividend - Rs 3 Per Share
ATGL,EQ,2026-06-12,DIVIDEND,Dividend - Rs 0.25 Per Share
AUROPHARMA,EQ,2026-04-17,BUYBACK,Buy Back
AVANTEL,EQ,2026-06-12,DIVIDEND,Dividend - Rs 0.20 Per Share
AVG,EQ,2026-05-21,FUNDRAISE,Rights 8:33 @ Premium Rs 135/-
AVROIND,EQ,2026-05-05,STOCK_SPLIT,Face Value Split (Sub-Division) - From Rs 10/- Per Share To Re 1/- Per Share
AVTNPL,EQ,2026-02-19,DIVIDEND,Interim Dividend - Re 0.35 Per Share
AWL,EQ,2026-06-19,DIVIDEND,Dividend - Re 1 Per Share
AXITA,EQ,2026-02-13,BONUS,Bonus 1:10
BAJAJ-AUTO,EQ,2026-06-24,BUYBACK,Buy Back
BAJAJ-AUTO,EQ,2026-05-29,DIVIDEND,Dividend - Rs 150 Per Share
BAJAJFINSV,EQ,2026-06-30,DIVIDEND,Dividend - Rs 1.50 Per Share
BAJAJHLDNG,EQ,2026-06-30,DIVIDEND,Dividend - Rs 130 Per Share
BAJFINANCE,EQ,2026-06-30,DIVIDEND,Dividend - Rs 6 Per Share
BALKRISIND,EQ,2026-02-02,DIVIDEND,Interim Dividend - Rs 4 Per Share
BALMLAWRIE,EQ,2026-03-11,DIVIDEND,Interim Dividend - Rs 4.25 Per Share
BANCOINDIA,EQ,2026-03-19,DIVIDEND,Interim Dividend - Rs 8 Per Share
BANKBARODA,EQ,2026-06-05,DIVIDEND,Dividend - Rs 8.50 Per Share
BANKINDIA,EQ,2026-05-29,DIVIDEND,Dividend - Rs 4.65 Per Share
BBTC,EQ,2026-02-20,DIVIDEND,Interim Dividend - Rs 17 Per Share
BCPL,EQ,2026-05-29,DIVIDEND,Dividend - Rs 1  Per Share
BDL,EQ,2026-02-09,DIVIDEND,Interim Dividend - Rs 4.50 Per Share
BECTORFOOD,EQ,2026-02-17,DIVIDEND,Interim Dividend - Rs 0.60 Per Share
BEL,EQ,2026-03-06,DIVIDEND,Interim Dividend - Rs 1.95 Per Share
BEML,EQ,2026-06-05,DIVIDEND,Interim Dividend - Rs 2.30 Per Share
BEML,EQ,2026-02-13,DIVIDEND,Interim Dividend - Rs 2.50 Per Share
BEPL,EQ,2026-02-19,DIVIDEND,Interim Dividend - Re 1 Per Share
BESTAGRO,EQ,2026-01-16,BONUS,Bonus 1:2
BESTAGRO,EQ,2026-01-16,STOCK_SPLIT,Face Value Split (Sub-Division) - From Rs 10/- Per Share To Re 1/- Per Share
BHANDARI,EQ,2026-02-25,FUNDRAISE,Rights 4:5 @ Premium Rs 1.56/-
BHARATFORG,EQ,2026-02-18,DIVIDEND,Interim Dividend - Rs 2 Per Share
BLISSGVS,EQ,2026-02-18,DIVIDEND,Interim Dividend - Re 0.50 Per Share
BLS,EQ,2026-02-13,DIVIDEND,Interim Dividend - Rs 2 Per Share
BLSE,EQ,2026-02-13,DIVIDEND,Interim Dividend - Re 0.50 Per Share
BMWVENTLTD,EQ,2026-02-10,DIVIDEND,Interim Dividend - Rs 1.50 Per Share
BPCL,EQ,2026-02-02,DIVIDEND,Interim Dividend - Rs 10 Per Share
BRIGADE,EQ,2026-06-17,BONUS,Bonus 1:3
BUILDPRO,EQ,2026-06-24,DIVIDEND,Dividend - Rs 5 Per Share
CAMS,EQ,2026-01-30,DIVIDEND,Interim Dividend - Rs 3.50 Per Share
CANBK,EQ,2026-06-12,DIVIDEND,Dividend - Rs 4.20 Per Share
CANTABIL,EQ,2026-02-20,DIVIDEND,Interim Dividend - Re 0.75 Per Share
CAPITALSFB,EQ,2026-06-18,DIVIDEND,Dividend - Rs 5 Per Share
CAPLIPOINT,EQ,2026-05-30,DIVIDEND,Interim Dividend - Rs 4 Per Share
CARBORUNIV,EQ,2026-02-04,DIVIDEND,Interim Dividend - Rs 1.50 Per Share
CARERATING,EQ,2026-06-26,DIVIDEND,Dividend - Rs 14 Per Share
CASTROLIND,EQ,2026-03-23,DIVIDEND,Dividend - Rs 5.25 Per Share
CCL,EQ,2026-02-10,DIVIDEND,Interim Dividend - Rs 2.75 Per Share
CEMPRO,EQ,2026-06-12,DIVIDEND,Dividend - Rs 3 Per Share
CENTRALBK,EQ,2026-05-08,DIVIDEND,Interim Dividend - Rs 0.60 Per Share
CENTRALBK,EQ,2026-01-23,DIVIDEND,Interim Dividend - Re 0.20 Per Share
CGPOWER,EQ,2026-02-01,DIVIDEND,Interim Dividend - Rs 1.30 Per Share
CHEMCON,EQ,2026-05-28,DIVIDEND,Interim Dividend - Rs 6.50 Per Share
CHENNPETRO,EQ,2026-04-02,DIVIDEND,Interim Dividend - Rs 8 Per Share
CHOLAFIN,EQ,2026-02-05,DIVIDEND,Interim Dividend - Rs 1.30 Per Share
CIEINDIA,EQ,2026-04-22,DIVIDEND,Dividend - Rs 7 Per Share
CIPLA,EQ,2026-06-05,DIVIDEND,Dividend - Rs 13 Per Share
CLEAN,EQ,2026-02-06,DIVIDEND,Interim Dividend - Rs 2 Per Share
CMSINFO,EQ,2026-05-22,BUYBACK,Buy Back
CMSINFO,EQ,2026-02-18,DIVIDEND,Interim Dividend - Rs 2.75 Per Share
COALINDIA,EQ,2026-02-18,DIVIDEND,Interim Dividend - Rs 5.50 Per Share
COCHINSHIP,EQ,2026-02-03,DIVIDEND,Interim Dividend - Rs 3.50 Per Share
COFORGE,EQ,2026-01-31,DIVIDEND,Interim Dividend - Rs 4 Per Share
COLPAL,EQ,2026-06-01,DIVIDEND,Interim Dividend - Rs 24 Per Share
CONCOR,EQ,2026-02-09,DIVIDEND,Interim Dividend - Rs 3.40 Per Share
CONTROLPR,EQ,2026-02-06,DIVIDEND,Interim Dividend - Rs 4 Per Share
COROMANDEL,EQ,2026-02-04,DIVIDEND,Interim Dividend - Rs 9 Per Share
CORONA,EQ,2026-06-19,DIVIDEND,Dividend - Rs 10 Per Share
CRISIL,EQ,2026-04-23,DIVIDEND,Interim Dividend - Rs 9 Per Share
CRISIL,EQ,2026-04-03,DIVIDEND,Dividend - Rs 28 Per Share
CRIZAC,EQ,2026-02-04,DIVIDEND,Interim Dividend - Rs 8 Per Share
CUB,EQ,2026-06-12,BONUS,Bonus 1:3
CUMMINSIND,EQ,2026-02-11,DIVIDEND,Interim Dividend - Rs 20 Per Share
CUPID,EQ,2026-03-09,BONUS,Bonus 4:1
CYBERTECH,EQ,2026-05-29,BUYBACK,Buy Back
CYIENT,EQ,2026-06-17,BUYBACK,Buy Back
DALBHARAT,EQ,2026-06-23,DIVIDEND,Dividend - Rs 5 Per Share
DALMIASUG,EQ,2026-02-11,DIVIDEND,Interim Dividend - Rs 4.50 Per Share
DBCORP,EQ,2026-01-22,DIVIDEND,Interim Dividend - Rs 2 Per Share
DBEIL,EQ,2026-06-19,STOCK_SPLIT,Face Value Split (Sub-Division) - From Rs 10/- Per Share To Re 1/- Per Share
DCBBANK,EQ,2026-06-12,DIVIDEND,Dividend - Rs 1.45 Per Share
DCMSHRIRAM,EQ,2026-01-24,DIVIDEND,Interim Dividend - Rs 3.60 Per Share
DCW,EQ,2026-02-20,DIVIDEND,Interim Dividend - Re 0.10 Per Share
DDEVPLSTIK,EQ,2026-02-20,DIVIDEND,Interim Dividend - Re 0.50 Per Share
DELPHIFX,EQ,2026-02-14,STOCK_SPLIT,Face Value Split (Sub-Division) - From Rs 10/- Per Share To Rs 2/- Per Share
DELPHIFX,EQ,2026-02-14,BONUS,Bonus 2:1
DHAMPURSUG,EQ,2026-05-26,DIVIDEND,Interim Dividend - Rs 2 Per Share
DHANUKA,EQ,2026-05-29,BUYBACK,Buy Back
DICIND,EQ,2026-03-16,DIVIDEND,Dividend - Rs 3 Per Share
DOLATALGO,EQ,2026-02-04,DIVIDEND,Interim Dividend - Re 0.10 Per Share
DVL,EQ,2026-02-27,DIVIDEND,Interim Dividend - Rs 3.50 Per Share
DYNAMATECH,EQ,2026-02-13,DIVIDEND,Interim Dividend - Rs 5 Per Share
E2E,EQ,2026-06-05,STOCK_SPLIT,Face Value Split (Sub-Division) - From Rs 10/- Per Share To Re 1/- Per Share
ECLERX,EQ,2026-03-13,BONUS,Bonus 1:1
EFCIL,EQ,2026-05-07,FUNDRAISE,Rights 8:103 @ Premium Rs 148/-
EIMCOELECO,EQ,2026-06-12,DIVIDEND,Dividend - Rs 4 Per Share
ELANTAS,EQ,2026-05-05,DIVIDEND,Dividend - Rs. 7.50 Per Share
ELECON,EQ,2026-06-12,DIVIDEND,Dividend - Rs 1.5 Per Share
EMAMILTD,EQ,2026-02-10,DIVIDEND,Interim Dividend - Rs 6 Per Share
EMUDHRA,EQ,2026-06-18,DIVIDEND,Dividend - Rs1.25 Per Share
ENGINERSIN,EQ,2026-03-06,DIVIDEND,Interim Dividend - Rs 1.50 Per Share
ENRIN,EQ,2026-01-30,DIVIDEND,Dividend - Rs 4 Per Share
EPIGRAL,EQ,2026-06-01,DIVIDEND,Dividend - Rs 5 Per Share
ERIS,EQ,2026-05-29,DIVIDEND,Interim Dividend - Rs 7.21 Per Share
ESABINDIA,EQ,2026-02-14,DIVIDEND,Interim Dividend - Rs 25 Per Share
ESCORTS,EQ,2026-02-16,DIVIDEND,Special Dividend - Rs 18 Per Share
ESSENTIA,EQ,2026-05-20,FUNDRAISE,Rights 161:250 @ Premium Re 0.45 /-
EUROPRATIK,EQ,2026-03-27,DIVIDEND,Interim Dividend - Re 0.20 Per Share
FAIRCHEMOR,EQ,2026-01-05,BUYBACK,Buy Back
FDC,EQ,2026-02-11,DIVIDEND,Interim Dividend - Rs 5 Per Share
FLAIR,EQ,2026-02-04,DIVIDEND,Interim Dividend - Re 0.50 Per Share
FOSECOIND,EQ,2026-06-03,DIVIDEND,Dividend - Rs 25 Per Share
FSL,EQ,2026-02-20,DIVIDEND,Interim Dividend - Rs 5.50 Per Share
GAIL,EQ,2026-02-05,DIVIDEND,Interim Dividend - Rs 5 Per Share
GANDHAR,EQ,2026-01-30,DIVIDEND,Interim Dividend - Re 0.75 Per Share
GARFIBRES,EQ,2026-05-20,BUYBACK,Buy Back
GATEWAY,EQ,2026-02-12,DIVIDEND,Interim Dividend - Re 0.75 Per Share & Special Dividend Rs 1.25 Per Share
GENUSPOWER,EQ,2026-02-06,ACQUISITION,Demerger
GESHIP,EQ,2026-05-20,DIVIDEND,Interim Dividend - Rs 11.70 Per Share
GESHIP,EQ,2026-02-04,DIVIDEND,Interim Dividend - Rs 9 Per Share
GHCL,EQ,2026-06-18,DIVIDEND,Dividend - Rs 12 Per Share
GHCLTEXTIL,EQ,2026-06-20,DIVIDEND,Dividend - Re 0.60 Per Share
GICHSGFIN,EQ,2026-06-26,DIVIDEND,Dividend - Rs 4.50 Per Share
GILLETTE,EQ,2026-02-04,DIVIDEND,Interim Dividend - Rs 120 Per Share/Special Dividend - Rs 60 Per Share
GLAXO,EQ,2026-05-29,DIVIDEND,Dividend - Rs 57 Per Share
GMBREW,EQ,2026-05-21,DIVIDEND,Dividend - Rs 9 Per Share
GNA,EQ,2026-06-23,DIVIDEND,Dividend - Rs 3 Per Share
GOCOLORS,EQ,2026-02-09,BUYBACK,Buy Back
GODREJCP,EQ,2026-05-12,DIVIDEND,Interim Dividend - Rs 5 Per Share
GODREJCP,EQ,2026-01-30,DIVIDEND,Interim Dividend - Rs 5 Per Share
GOLDIAM,EQ,2026-02-12,DIVIDEND,Interim Dividend - Rs 2.75 Per Share
GOODLUCK,EQ,2026-02-19,DIVIDEND,Interim Dividend - Rs 3 Per Share
GOPAL,EQ,2026-05-16,DIVIDEND,Interim Dividend - Re 0.40 Per Share
GOPAL,EQ,2026-02-02,DIVIDEND,Interim Dividend - Re 0.35 Per Share
GPTINFRA,EQ,2026-05-26,DIVIDEND,Interim Dividend - Re 1 Per Share
GPTINFRA,EQ,2026-02-03,DIVIDEND,Interim Dividend - Re 0.75 Per Share
GRINFRA,EQ,2026-02-19,DIVIDEND,Interim Dividend - Rs 2.50 Per Share
GRSE,EQ,2026-02-03,DIVIDEND,Interim Dividend - Rs 7.15 Per Share
GULFOILLUB,EQ,2026-02-13,DIVIDEND,Interim Dividend - Rs 21 Per Share
HAL,EQ,2026-02-18,DIVIDEND,Interim Dividend - Rs 35 Per Share
HATSUN,EQ,2026-05-26,DIVIDEND,Interim Dividend - Rs  10 Per Share
HAVELLS,EQ,2026-05-24,DIVIDEND,Dividend - Rs 6 Per Share
HAVELLS,EQ,2026-01-23,DIVIDEND,Interim Dividend - Rs 4 Per Share
HBLENGINE,EQ,2026-02-13,DIVIDEND,Interim Dividend - Rs 2 Per Share
HCG,EQ,2026-03-02,FUNDRAISE,Rights 1:17 @ Premium Rs 502/-
HCLTECH,EQ,2026-04-25,DIVIDEND,Interim Dividend - Rs 24 Per Share
HCLTECH,EQ,2026-01-17,DIVIDEND,Interim Dividend - Rs 12 Per Share
HDBFS,EQ,2026-06-18,DIVIDEND,Dividend - Rs 2 Per Share
HDFCAMC,EQ,2026-06-05,DIVIDEND,Dividend - Rs 54 Per Share
HDFCBANK,EQ,2026-06-19,DIVIDEND,Dividend - Rs 13 Per Share
HDFCLIFE,EQ,2026-06-19,DIVIDEND,Dividend - Rs 2.10 Per Share
HEROMOTOCO,EQ,2026-02-11,DIVIDEND,Interim Dividend - Rs 110 Per Share
HEXT,EQ,2026-05-05,DIVIDEND,Interim Dividend - Rs 8.50 Per Share
HIKAL,EQ,2026-02-17,DIVIDEND,Interim Dividend - Re 0.20 Per Share
HILTON,EQ,2026-02-24,FUNDRAISE,Rights 29:60 @ Premium Rs 6.68/-
HINDCOPPER,EQ,2026-02-13,DIVIDEND,Interim Dividend - Re 1 Per Share
HINDUNILVR,EQ,2026-06-23,DIVIDEND,Dividend - Rs 22 Per Share
HINDZINC,EQ,2026-04-30,DIVIDEND,Interim Dividend - Rs 11 Per Share
HIRECT,EQ,2026-03-27,BONUS,Bonus 1:1
HOMEFIRST,EQ,2026-05-29,DIVIDEND,Dividend - Rs 5.20 Per Share
HONDAPOWER,EQ,2026-02-19,DIVIDEND,Intereim Dividend - Rs 3.50 Per Share
HSCL,EQ,2026-05-22,DIVIDEND,Dividend - Re 0.80 Per Share
HUDCO,EQ,2026-03-28,DIVIDEND,Interim Dividend - Rs 1.25 Per Share
HUDCO,EQ,2026-02-07,DIVIDEND,Interim Dividend - Rs 1.15 Per Share
HUHTAMAKI,EQ,2026-04-23,DIVIDEND,Dividend - Rs 2 Per Share
ICICIAMC,EQ,2026-06-12,DIVIDEND,Dividend - Rs 12.40 Per Share
ICICIAMC,EQ,2026-01-21,DIVIDEND,Interim Dividend - Rs 14.85 Per Share
ICICIGI,EQ,2026-05-29,DIVIDEND,Dividend - Rs 7 Per Share
ICICIPRULI,EQ,2026-06-05,DIVIDEND,Dividend - Rs 1.65 Per Share
IEX,EQ,2026-05-15,DIVIDEND,Dividend - Rs 2 Per Share
IEX,EQ,2026-02-04,DIVIDEND,Interim Dividend - Rs 1.50 Per Share
IGIL,EQ,2026-02-17,DIVIDEND,Interim Dividend - Rs 2.50 Per Share
IGL,EQ,2026-02-19,DIVIDEND,Interim Dividend - Rs  3.25 Per Share
IIFL,EQ,2026-01-29,DIVIDEND,Interim Dividend - Rs 4 Per Share
IIFLCAPS,EQ,2026-02-16,DIVIDEND,Interim Dividend - Rs 3 Per Share
IMPAL,EQ,2026-01-29,DIVIDEND,Interim Dividend - Rs 10 Per Share
INDHOTEL,EQ,2026-06-23,DIVIDEND,Dividend - Rs 3.25 Per Share
INDIAGLYCO,EQ,2026-03-23,DIVIDEND,Interim Dividend - Rs 7.50 Per Share
INDIAMART,EQ,2026-06-19,DIVIDEND,Dividend - Rs 30 Per Share/ Special Dividend - Rs 30 Per Share
INDIANB,EQ,2026-06-10,DIVIDEND,Dividend - Rs 18.25 Per Share
INDIASHLTR,EQ,2026-06-19,DIVIDEND,Dividend - Rs 10 Per Share
INDNIPPON,EQ,2026-02-20,DIVIDEND,Interim Dividend - Rs 15.50 Per Share
INDUSINDBK,EQ,2026-06-26,DIVIDEND,Dividend - Rs 1.50 Per Share
INFOBEAN,EQ,2026-02-27,BONUS,Bonus 3:1
INFY,EQ,2026-06-10,DIVIDEND,Dividend - Rs 25 Per Share
INNOVACAP,EQ,2026-01-30,DIVIDEND,Interim Dividend - Rs 2 Per Share
INOXINDIA,EQ,2026-06-09,DIVIDEND,Dividend - Rs 2 Per Share
INSECTICID,EQ,2026-02-06,DIVIDEND,Interim Dividend - Rs 2 Per Share
IOC,EQ,2026-03-12,DIVIDEND,Interim Dividend - Rs 2 Per Share
IOLCP,EQ,2026-02-17,DIVIDEND,Interim Dividend - Re 1 Per Share
IRB,EQ,2026-05-26,DIVIDEND,Interim Dividend - Re 0.05  Per Share
IRB,EQ,2026-04-01,BONUS,Bonus 1:1
IRB,EQ,2026-02-19,DIVIDEND,Interim Dividend - Re 0.07 Per Share
IRCON,EQ,2026-02-17,DIVIDEND,Interim Dividend - Rs 1.20 Per Share
IRCTC,EQ,2026-02-20,DIVIDEND,Interim Dividend - Rs 3.50 Per Share
IREDA,EQ,2026-04-02,DIVIDEND,Interim Dividend - Re 0.60 Per Share
IRFC,EQ,2026-03-13,DIVIDEND,Interim Dividend - Rs 1.05 Per Share
ITC,EQ,2026-05-27,DIVIDEND,Dividend - Rs 8 Per Share
ITC,EQ,2026-02-04,DIVIDEND,Interim Dividend - Rs 6.50 Per Share
ITCHOTELS,EQ,2026-05-21,DIVIDEND,Dividend - Re 1 Per Share
JAGRAN,EQ,2026-06-05,DIVIDEND,Interim Dividend - Rs 7 Per Share & Special Dividend Rs 3 Per Share
JAGSNPHARM,EQ,2026-05-04,BUYBACK,Buy Back
JARO,EQ,2026-01-16,DIVIDEND,Interim Dividend - Rs 2 Per Share
JASH,EQ,2026-04-10,DIVIDEND,Interim Dividend - Re 0.60 Per Share
JBCHEPHARM,EQ,2026-05-29,DIVIDEND,Dividend - Rs 9.30  Per Share
JBCHEPHARM,EQ,2026-02-11,DIVIDEND,Interim Dividend - Rs 12.70 Per Share
JINDALSAW,EQ,2026-05-22,DIVIDEND,Dividend - Rs 2 Per Share
JLHL,EQ,2026-05-22,DIVIDEND,Interim Dividend - Re 1 Per Share
JMFINANCIL,EQ,2026-06-12,DIVIDEND,Dividend - Rs 1.75 Per Share
JSL,EQ,2026-01-29,DIVIDEND,Interim Dividend - Re 1 Per Share
JSWENERGY,EQ,2026-06-05,DIVIDEND,Dividend - Rs 2 Per Share
JSWINFRA,EQ,2026-06-18,DIVIDEND,Dividend - Re 0.90 Per Share
JUBLINGREA,EQ,2026-02-10,DIVIDEND,Interim Dividend - Rs 2.50 Per Share
JYOTHYLAB,EQ,2026-06-29,DIVIDEND,Dividend - Rs 3.50 Per Share
KAJARIACER,EQ,2026-06-29,BUYBACK,Buy Back
KANSAINER,EQ,2026-06-29,DIVIDEND,Dividend - Rs 2.50 Per Share
KAPSTON,EQ,2026-03-06,BONUS,Bonus 1:2
KEI,EQ,2026-01-28,DIVIDEND,Interim Dividend - Rs 4.50 Per Share
KENNAMET,EQ,2026-05-15,DIVIDEND,Interim Dividend - Rs 40 Per Share
KILITCH,EQ,2026-03-24,BONUS,Bonus 1:1
KIRLOSENG,EQ,2026-02-20,DIVIDEND,Interim Dividend - Rs 2.50 Per Share
KIRLPNU,EQ,2026-01-30,DIVIDEND,Interim Dividend - Rs 3.50 Per Share
KKCL,EQ,2026-05-14,DIVIDEND,Interim Dividend - Rs 2 Per Share
KKCL,EQ,2026-02-16,DIVIDEND,Interim Dividend - Rs 2 Per Share
KOTAKBANK,EQ,2026-01-14,STOCK_SPLIT,Face Value Split (Sub-Division) - From Rs 5/- Per Share To Re 1/- Per Share
KOTHARIPET,EQ,2026-05-11,DIVIDEND,Interim Dividend - Re 1 Per Share
KOTYARK,EQ,2026-06-24,BONUS,Bonus 10:1
KPEL,EQ,2026-01-28,DIVIDEND,Interim Dividend - Re 0.20 Per Share
KPIGREEN,EQ,2026-01-28,DIVIDEND,Interim Dividend - Re 0.20 Per Share
KPIL,EQ,2026-06-29,DIVIDEND,Dividend - Rs 11 Per Share
KPITTECH,EQ,2026-02-04,DIVIDEND,Interim Dividend - Rs 2.25 Per Share
KPRMILL,EQ,2026-02-13,DIVIDEND,Interim Dividend - Rs 2.50 Per Share
KRISHANA,EQ,2026-06-17,DIVIDEND,Dividend - Re 0.50 Per Share
KSB,EQ,2026-05-08,DIVIDEND,Dividend - Rs 4.40 Per Share
KSOLVES,EQ,2026-01-27,DIVIDEND,Interim Dividend - Rs 5 Per Share
LALPATHLAB,EQ,2026-06-26,DIVIDEND,Dividend - Rs 4 Per Share
LALPATHLAB,EQ,2026-02-05,DIVIDEND,Interim Dividend - Rs 3.50 Per Share
LAURUSLABS,EQ,2026-05-08,DIVIDEND,Interim Dividend - Rs 1.20 Per Share
LEMERITE,EQ,2026-05-29,STOCK_SPLIT,Face Value Split (Sub-Division) - From Rs 10/- Per Share To Rs 2/- Per Share
LICI,EQ,2026-06-25,DIVIDEND,Dividend - Rs 10 Per Share
LICI,EQ,2026-05-29,BONUS,Bonus 1:1
LLOYDSME,EQ,2026-06-12,DIVIDEND,Dividend - Rs 1 Per Share
LT,EQ,2026-05-22,DIVIDEND,Dividend - Rs 38 Per Share
LTF,EQ,2026-05-22,DIVIDEND,Dividend - Rs 2.75 Per Share
LTFOODS,EQ,2026-02-02,DIVIDEND,Interim Dividend - Re 1 Per Share
LTM,EQ,2026-05-25,DIVIDEND,Dividend - Rs 53 Per Share
LTTS,EQ,2026-05-22,DIVIDEND,Dividend - Rs 40 Per Share
MAHABANK,EQ,2026-06-05,DIVIDEND,Dividend - Rs 1.20 Per Sh
MAHABANK,EQ,2026-01-20,DIVIDEND,Interim Dividend - Re 1 Per Share
MAHAPEXLTD,EQ,2026-03-20,FUNDRAISE,Rights 1:1 @ Premium Rs 0/-
MAHSCOOTER,EQ,2026-06-30,DIVIDEND,Dividend - Rs 60 Per Share
MAITHANALL,EQ,2026-05-22,DIVIDEND,Interim Dividend - Rs 11 Per Share
MANAPPURAM,EQ,2026-05-11,DIVIDEND,Interim Dividend - Re 0.50 Per Share
MANAPPURAM,EQ,2026-02-06,DIVIDEND,Interim Dividend - Re 0.50 Per Share
MANBA,EQ,2026-02-06,DIVIDEND,Interim Dividend - Re 0.25 Per Share
MANINFRA,EQ,2026-05-19,DIVIDEND,Interim Dividend - Rs 0.72 Per Share
MASFIN,EQ,2026-02-04,DIVIDEND,Interim Dividend - Rs 1.25 Per Share
MASTEK,EQ,2026-01-30,DIVIDEND,Interim Dividend - Rs 8 Per Share
MATRIMONY,EQ,2026-01-30,BUYBACK,Buy Back
MAWANASUG,EQ,2026-06-27,DIVIDEND,Dividend - Rs 4 Per Share
MAZDOCK,EQ,2026-02-13,DIVIDEND,Interim Dividend - Rs 7.50 Per Share
MBAPL,EQ,2026-06-17,DIVIDEND,Dividend - Re 0.50 Per Share
MCX,EQ,2026-01-02,STOCK_SPLIT,Face Value Split (Sub-Division) - From Rs 10/- Per Share To Rs 2/- Per Share
METROBRAND,EQ,2026-02-02,DIVIDEND,Interim Dividend - Rs 3 Per Share
METROPOLIS,EQ,2026-05-19,DIVIDEND,Interim Dividend - Re  1 Per Share
METROPOLIS,EQ,2026-03-20,BONUS,Bonus 3:1
MGL,EQ,2026-02-13,DIVIDEND,Interim Dividend - Rs 12 Per Share
MIDHANI,EQ,2026-03-19,DIVIDEND,Interim Dividend - Re 0.85 Per Share
MINDACORP,EQ,2026-02-13,DIVIDEND,Interim Dividend - Re 0.60 Per Share
MMFL,EQ,2026-06-12,DIVIDEND,Interim Dividend - Rs 4 Per Share
MOIL,EQ,2026-02-05,DIVIDEND,Interim Dividend - Rs 3.53 Per Share
MOLDTKPAC,EQ,2026-04-24,DIVIDEND,Interim Dividend - Rs 2 Per Share
MOTHERSON,EQ,2026-03-27,DIVIDEND,Interim Dividend - Re 0.35 Per Share
MOTILALOFS,EQ,2026-01-31,DIVIDEND,Interim Dividend - Rs 6 Per Share
MRF,EQ,2026-02-13,DIVIDEND,Interim Dividend - Rs 3 Per Share
MRPL,EQ,2026-03-11,DIVIDEND,Interim Dividend - Rs 4 Per Share
MSTCLTD,EQ,2026-02-18,DIVIDEND,Interim Dividend - Rs 7.60 Per Share
MUTHOOTFIN,EQ,2026-04-17,DIVIDEND,Interim Dividend - Rs 30 Per Share
NAM-INDIA,EQ,2026-06-26,DIVIDEND,Dividend - Rs 12.50 Per Share
NATCOPHARM,EQ,2026-02-18,DIVIDEND,Interim Dividend - Rs 1.50 Per Share
NATIONALUM,EQ,2026-05-08,DIVIDEND,Interim Dividend - Rs 2 Per Share
NATIONALUM,EQ,2026-02-06,DIVIDEND,Interim Dividend - Rs 4.50 Per Share
NAUKRI,EQ,2026-02-20,DIVIDEND,Interim Dividend - Rs 2.40 Per Share
NAVINFLUOR,EQ,2026-06-12,DIVIDEND,Dividend - Rs 8.60 Per Share
NAVNETEDUL,EQ,2026-06-03,DIVIDEND,Interim Dividend - Rs 1.50 Per Share
NBCC,EQ,2026-02-25,DIVIDEND,Interim Dividend - Re 0.12 Per Share
NCLIND,EQ,2026-02-21,DIVIDEND,Interim Dividend - Rs 1.50 Per Share
NELCO,EQ,2026-06-09,DIVIDEND,Dividend - Rs 1 Per Share
NESTLEIND,EQ,2026-02-06,DIVIDEND,Interim Dividend - Rs 7 Per Share
NHPC,EQ,2026-02-10,DIVIDEND,Interim Dividend - Rs 1.40 Per Share
NLCINDIA,EQ,2026-01-20,DIVIDEND,Interim Dividend - Rs 3.60 Per Share
NMDC,EQ,2026-02-13,DIVIDEND,Interim Dividend - Rs 2.50 Per Share
NRBBEARING,EQ,2026-05-13,DIVIDEND,Interim Dividend - Rs 2.25 Per Share
NRBBEARING,EQ,2026-02-13,DIVIDEND,Interim Dividend - Rs 3.20 Per Share
NTPC,EQ,2026-02-06,DIVIDEND,Interim Dividend - Rs 2.75 Per Share
NUVAMA,EQ,2026-05-15,DIVIDEND,Interim Dividend - Rs 14 Per Share
OBEROIRLTY,EQ,2026-05-14,DIVIDEND,Interim Dividend - Rs 2 Per Share
OBEROIRLTY,EQ,2026-01-23,DIVIDEND,Interim Dividend - Rs 2 Per Share
OFSS,EQ,2026-05-07,DIVIDEND,Interim Dividend - Rs 270 Per Share
OIL,EQ,2026-02-18,DIVIDEND,Interim Dividend - Rs 7 Per Share
OMAXAUTO,EQ,2026-05-08,DIVIDEND,Interim Dividend - Rs 2.50 Per Share
ONELIFECAP,EQ,2026-02-16,FUNDRAISE,Rights 300:167 @ Premium Rs 5/-
ONGC,EQ,2026-02-18,DIVIDEND,Interim Dividend - Rs 6.25 Per Share
ONWARDTEC,EQ,2026-05-18,BUYBACK,Buy Back
ORIENTCEM,EQ,2026-06-12,DIVIDEND,Dividend - Rs 0.50 Per Share
ORIENTELEC,EQ,2026-01-29,DIVIDEND,Interim Dividend - Re 0.75 Per Share
ORIENTTECH,EQ,2026-01-05,BONUS,Bonus 1:10
PAGEIND,EQ,2026-05-27,DIVIDEND,Interim Dividend - Rs 150 Per Share
PAGEIND,EQ,2026-02-11,DIVIDEND,Interim Dividend - Rs 125 Per Share
PASHUPATI,EQ,2026-04-17,STOCK_SPLIT,Face Value Split (Sub-Division) - From Rs 10/- Per Share To Re 1/- Per Share
PATANJALI,EQ,2026-04-25,DIVIDEND,Interim Dividend - Rs 1.75 Per Share
PATINTLOG,EQ,2026-06-30,BUYBACK,Buy Back
PERSISTENT,EQ,2026-01-27,DIVIDEND,Interim Dividend - Rs 22 Per Share
PETRONET,EQ,2026-06-12,DIVIDEND,Dividend - Rs 3 Per Share
PFC,EQ,2026-03-23,DIVIDEND,Interim Dividend - Rs 3.25 Per Share
PFC,EQ,2026-02-20,DIVIDEND,Interim Dividend - Rs 4 Per Share
PGHH,EQ,2026-02-05,DIVIDEND,Interim Dividend - Rs 170 Per Share/ Special Dividend - Rs 25 Per Share
PGHL,EQ,2026-02-12,DIVIDEND,Interim Dividend - Rs 110 Per Share & Special Dividend Rs 50 Per Share
PGIL,EQ,2026-05-21,DIVIDEND,Interim Dividend - Rs 8.50 Per Share
PIIND,EQ,2026-02-23,DIVIDEND,Interim Dividend - Rs 5 Per Share
PIRAMALFIN,EQ,2026-06-12,DIVIDEND,Dividend - Rs 11 Per Share
PNB,EQ,2026-06-13,DIVIDEND,Dividend - Rs 3 Per Share
POLYCAB,EQ,2026-06-19,DIVIDEND,Dividend - Rs 47 Per Share
PONNIERODE,EQ,2026-06-05,DIVIDEND,Dividend - Rs 5 Per Share
POWERGRID,EQ,2026-02-09,DIVIDEND,Interim Dividend - Rs 3.25 Per Share
PRABHA,EQ,2026-03-11,FUNDRAISE,Rights 5:14 @ Premium Rs 143/-
PRECWIRE,EQ,2026-02-19,DIVIDEND,Interim Dividend - Re 0.35 Per Share
PREMIERENE,EQ,2026-05-09,DIVIDEND,Interim Dividend - Re 0.75 Per Share
PTC,EQ,2026-02-20,DIVIDEND,Interim Dividend - Rs 3 Per Share
PTL,EQ,2026-02-10,DIVIDEND,Interim Dividend - Rs 1.50 Per Share
QUESS,EQ,2026-05-08,DIVIDEND,Special Dividend - Rs 3 Per Share
QUESS,EQ,2026-02-06,DIVIDEND,Interim Dividend - Rs 5 Per Share
RACLGEAR,EQ,2026-02-20,DIVIDEND,Interim Dividend - Rs 1.50 Per Share
RAILTEL,EQ,2026-03-13,DIVIDEND,Interim Dividend - Re 1 Per Share
RALLIS,EQ,2026-06-04,DIVIDEND,Dividend - Rs 3 Per Share
RAYMONDLSL,EQ,2026-06-29,DIVIDEND,Dividend - Re 1 Per Share
RCF,EQ,2026-02-20,DIVIDEND,Interim Dividend - Re 1 Per Sh
RECLTD,EQ,2026-03-20,DIVIDEND,Interim Dividend - Rs 3.20 Per Share
RECLTD,EQ,2026-02-06,DIVIDEND,Interim Dividend - Rs 4.60 Per Share
RELIANCE,EQ,2026-06-05,DIVIDEND,Dividend - Rs 6 Per Share
RELTD,EQ,2026-06-08,FUNDRAISE,Rights 1:9 @ Premium 91
REMSONSIND,EQ,2026-06-03,DIVIDEND,Interim Dividend - Re 0.20 Per Share
REPCOHOME,EQ,2026-02-12,DIVIDEND,Interim Dividend - Rs 2 Per Share
RIIL,EQ,2026-06-12,DIVIDEND,Dividend - Rs 3.50 Per Share
RITES,EQ,2026-02-10,DIVIDEND,Interim Dividend - Rs 1.90 Per Share
RKFORGE,EQ,2026-05-08,DIVIDEND,Interim Dividend - Re 1 Per Share
RMDRIP,EQ,2026-04-10,BONUS,Bonus 5:7
RNBDENIMS,EQ,2026-04-03,STOCK_SPLIT,Face Value Split (Sub-Division) - From Rs 2/- Per Share To Re 1/- Per Share
RNBDENIMS,EQ,2026-04-03,BONUS,Bonus 1:2
ROUTE,EQ,2026-02-13,DIVIDEND,Interim Dividend - Rs 3 Per Share
RPEL,EQ,2026-06-19,DIVIDEND,Dividend - Re 1 Per Share
RRKABEL,EQ,2026-06-16,DIVIDEND,Dividend - Rs 5.50 Per Share
RSYSTEMS,EQ,2026-03-12,DIVIDEND,Interim Dividend - Rs 6 Per Share
RVNL,EQ,2026-02-11,DIVIDEND,Interim Dividend - Re 1 Per Share
SADHNANIQ,EQ,2026-02-19,FUNDRAISE,Rights 8:1 @ Premium Rs 0/-
SANGAMIND,EQ,2026-06-22,DIVIDEND,Dividend - Rs 2 Per Share
SANOFI,EQ,2026-04-22,DIVIDEND,Dividend - Rs 48 Per Share
SANOFICONR,EQ,2026-06-19,DIVIDEND,Dividend - Rs 75 Per Share
SARLAPOLY,EQ,2026-05-15,BUYBACK,Buy Back
SBCL,EQ,2026-02-13,DIVIDEND,Interim Dividend - Rs 2 Per Share
SBICARD,EQ,2026-03-11,DIVIDEND,Interim Dividend - Rs 2.50 Per Share
SBILIFE,EQ,2026-03-06,DIVIDEND,Interim Dividend - Rs 2.70 Per Share
SBIN,EQ,2026-05-16,DIVIDEND,Dividend - Rs 17.35 Per Share
SCHAEFFLER,EQ,2026-04-23,DIVIDEND,Dividend - Rs 35 Per Share
SCHAND,EQ,2026-05-29,DIVIDEND,Interim Dividend - Rs 4 Per Share
SCI,EQ,2026-02-17,DIVIDEND,Interim Dividend - Rs 3.50 Per Share
SENCO,EQ,2026-02-20,DIVIDEND,Interim Dividend - Re 0.75 Per Share
SESHAPAPER,EQ,2026-06-10,DIVIDEND,Dividend - Rs 2 Per Share
SETCO,EQ,2026-06-02,DIVIDEND,Interim Dividend - Rs 13 Per Share
SHAH,EQ,2026-05-27,FUNDRAISE,Rights 36:311 @ Premium Rs 3.86
SHANTIGEAR,EQ,2026-01-29,DIVIDEND,Interim Dividend - Rs 3 Per Share
SHARDACROP,EQ,2026-02-06,DIVIDEND,Interim Dividend - Rs 6 Per Share
SHAREINDIA,EQ,2026-02-02,DIVIDEND,Interim Dividend - Re 0.40 Per Share
SHK,EQ,2026-02-13,DIVIDEND,Interim Dividend - Re 1 Per Share
SHREEJISPG,EQ,2026-02-28,DIVIDEND,Interim Dividend - Re 1 Per Share
SHRIPISTON,EQ,2026-02-06,DIVIDEND,Interim Dividend - Rs 5 Per Share
SICALLOG,EQ,2026-02-18,FUNDRAISE,Rights 11:5 @ Premium Rs 54/-
SIL,EQ,2026-02-20,DIVIDEND,Interim Dividend - Re 0.55 Per Share
SILGO,EQ,2026-01-05,FUNDRAISE,Rights 3:10 @ Premium Rs 50/-
SILVERTUC,EQ,2026-03-06,BONUS,Bonus 1:1
SILVERTUC,EQ,2026-03-06,STOCK_SPLIT,Face Value Split (Sub-Division) - From Rs 10/- Per Share To Rs 2/- Per Share
SIS,EQ,2026-02-06,DIVIDEND,Interim Dividend - Rs 7 Per Share
SIYSIL,EQ,2026-05-25,DIVIDEND,Special Dividend - Rs 4 Per Share
SIYSIL,EQ,2026-02-02,DIVIDEND,Interim Dividend - Rs 3 Per Share
SJS,EQ,2026-06-26,DIVIDEND,Dividend - Rs 3.50 Per Share
SJVN,EQ,2026-02-20,DIVIDEND,Interim Dividend - Rs 1.15 Per Share
SKMEGGPROD,EQ,2026-01-12,STOCK_SPLIT,Face Value Split (Sub-Division) - From Rs 10/- Per Share To Rs 5/- Per Share
SMCGLOBAL,EQ,2026-06-15,DIVIDEND,Dividend - Re 0.60 Per Share
SMCGLOBAL,EQ,2026-02-06,DIVIDEND,Interim Dividend - Re 0.60 Per Share
SNOWMAN,EQ,2026-02-12,DIVIDEND,Interim Dividend - Re 0.50 Per Share
SOMANYCERA,EQ,2026-05-08,DIVIDEND,Interim Dividend - Rs 4 Per Share
SONACOMS,EQ,2026-06-26,DIVIDEND,Dividend - Rs 1.80 Per Share
SONACOMS,EQ,2026-01-30,DIVIDEND,Interim Dividend - Rs 1.60 Per Share
SONATSOFTW,EQ,2026-02-13,DIVIDEND,Interim Dividend - Rs 1.25 Per Share
SPCENET,EQ,2026-06-05,DIVIDEND,Interim Dividend - Rs. 0.01 Per Sh
SREEL,EQ,2026-02-13,DIVIDEND,Interim Dividend - Re 1 Per Share
SRF,EQ,2026-01-27,DIVIDEND,Interim Dividend - Rs 5 Per Share
STALLION,EQ,2026-02-11,FUNDRAISE,Rights 19:41 @ Premium Rs 89/-
STARCEMENT,EQ,2026-02-12,DIVIDEND,Interim Dividend - Re 1 Per Share
STEELCAS,EQ,2026-02-06,DIVIDEND,Interim Dividend - Re 0.45 Per Share
STEELCITY,EQ,2026-06-16,DIVIDEND,Dividend - Re 1 Per Share
STEELCITY,EQ,2026-03-06,DIVIDEND,Interim Dividend - Re 1 Per Share
STYRENIX,EQ,2026-02-05,DIVIDEND,Interim Dividend - Rs 23 Per Share
SULA,EQ,2026-05-22,DIVIDEND,Dividend - Rs 2 Per Share
SUMEETINDS,EQ,2026-06-12,FUNDRAISE,Rights 8:25 @ Premium Rs 9.86/-
SUNCLAY,EQ,2026-04-03,DIVIDEND,Interim Dividend - Rs  4.50 Per Share
SUNDARMFIN,EQ,2026-02-06,DIVIDEND,Interim Dividend - Rs 16 Per Share
SUNDRMFAST,EQ,2026-05-08,DIVIDEND,Interim Dividend - Rs 4.25 Per Share
SUNPHARMA,EQ,2026-02-05,DIVIDEND,Interim Dividend - Rs 11 Per Share
SUNTV,EQ,2026-03-12,DIVIDEND,Interim Dividend - Rs 1.25 Per Share
SUNTV,EQ,2026-02-12,DIVIDEND,Interim Dividend - Rs 2.50 Per Share
SUPRAJIT,EQ,2026-02-13,DIVIDEND,Interim Dividend - Rs 1.50 Per Share
SUPREMEIND,EQ,2026-06-26,DIVIDEND,Dividend - Rs 25 Per Share
SURAJLTD,EQ,2026-01-23,DIVIDEND,Interim Dividend - Rs 1.50 Per Share
SYMPHONY,EQ,2026-02-03,DIVIDEND,Interim Dividend - Rs 2 Per Share
SYNGENE,EQ,2026-06-26,DIVIDEND,Dividend - Rs 1.25 Per Share
TANLA,EQ,2026-04-30,DIVIDEND,Interim Dividend - Rs 6 Per Share
TATACHEM,EQ,2026-06-10,DIVIDEND,Dividend - Rs 11 Per Share
TATACOMM,EQ,2026-06-19,DIVIDEND,Dividend - Rs 17.50 Per Share
TATACONSUM,EQ,2026-05-25,DIVIDEND,Dividend - Rs 10 Per Share
TATAELXSI,EQ,2026-06-10,DIVIDEND,Dividend - Rs 75 Per Share
TATAINVEST,EQ,2026-06-10,DIVIDEND,Dividend - Rs 3.40 Per Share
TATAPOWER,EQ,2026-06-23,DIVIDEND,Dividend - Rs 2.50 Per Share
TATASTEEL,EQ,2026-06-12,DIVIDEND,Dividend - Rs 4 Per Share
TATATECH,EQ,2026-06-18,DIVIDEND,Dividend - Rs 8.35 Per Share & Special Dividend - Rs 3.35 Per Share
TCI,EQ,2026-02-10,DIVIDEND,Interim Dividend - Rs 9 Per Share
TCIEXP,EQ,2026-02-07,DIVIDEND,Interim Dividend - Rs 7 Per Share
TCS,EQ,2026-05-25,DIVIDEND,Dividend - Rs 31 Per Share
TCS,EQ,2026-01-17,DIVIDEND,Interim Dividend Rs 11 Per Share/ Special Dividend Rs 46 Per Share
TEMBO,EQ,2026-01-16,DIVIDEND,Interim Dividend - Re 1 Per Share
THYROCARE,EQ,2026-06-23,DIVIDEND,Dividend - Rs 7 Per Share
TIIL,EQ,2026-06-04,DIVIDEND,Interim Dividend - Rs 20 Per Share
TIINDIA,EQ,2026-02-10,DIVIDEND,Interim Dividend - Rs 2 Per Share
TIL,EQ,2026-03-23,FUNDRAISE,Rights 11:64 @ Premium Rs 155/-
TIPSMUSIC,EQ,2026-01-23,DIVIDEND,Interim Dividend - Rs 5 Per Share
TMB,EQ,2026-06-12,DIVIDEND,Dividend - Rs 12.50 Per Share
TMCV,EQ,2026-06-12,DIVIDEND,Dividend - Rs 4 Per Share
TMPV,EQ,2026-06-19,DIVIDEND,Dividend - Rs 3 Per Share
TORNTPHARM,EQ,2026-05-29,DIVIDEND,Dividend - Rs 9 Per Share
TORNTPHARM,EQ,2026-02-19,DIVIDEND,Interim Dividend - Rs 29 Per Share
TORNTPOWER,EQ,2026-06-19,DIVIDEND,Dividend - Rs 5 Per Share
TORNTPOWER,EQ,2026-02-16,DIVIDEND,Interim Dividend - Rs 15 Per Share
TRENT,EQ,2026-06-12,DIVIDEND,Dividend - Rs 4 Per Share
TRENT,EQ,2026-06-04,BONUS,Bonus 1:2
TRIDENT,EQ,2026-05-23,DIVIDEND,Interim Dividend - Rs  0.50 Per Share
TRITURBINE,EQ,2026-02-09,DIVIDEND,Interim Dividend - Rs 2.25 Per Share
TRIVENI,EQ,2026-02-06,DIVIDEND,Interim Dividend - Rs 1.50 Per Share
TSFINV,EQ,2026-02-10,DIVIDEND,Interim Dividend - Rs 6.70 Per Share
TVSHLTD,EQ,2026-04-02,DIVIDEND,Interim Dividend - Rs 86 Per Share
TVSMOTOR,EQ,2026-03-31,DIVIDEND,Interim Dividend - Rs 12 Per Share
UCOBANK,EQ,2026-05-04,DIVIDEND,Dividend - Re 0.44 Per Share
UFLEX,EQ,2026-06-26,DIVIDEND,Dividend - Rs 3 Per Share
UNIDT,EQ,2026-02-20,DIVIDEND,Interim Dividend - Re 0.60 Per Share
UNIPARTS,EQ,2026-02-16,DIVIDEND,Interim Dividend - Rs 7 Per Share
UNITDSPR,EQ,2026-01-27,DIVIDEND,Interim Dividend - Rs 6 Per Share
UNITEDTEA,EQ,2026-02-18,DIVIDEND,Interim Dividend - Re 1 Per Share
UNOMINDA,EQ,2026-05-29,DIVIDEND,Dividend - Rs 1.75 Per Share
UNOMINDA,EQ,2026-02-11,DIVIDEND,Interim Dividend - Re 0.90 Per Share
V2RETAIL,EQ,2026-03-26,STOCK_SPLIT,Face Value Split (Sub-Division) - From Rs 10/- Per Share To Re 1/- Per Share
VAIBHAVGBL,EQ,2026-06-26,DIVIDEND,Dividend - Rs 1.50 Per Share
VAIBHAVGBL,EQ,2026-02-03,DIVIDEND,Interim Dividend - Rs 1.50 Per Share
VBL,EQ,2026-05-01,DIVIDEND,Interim Dividend - Re 0.50 Per Share
VBL,EQ,2026-04-08,DIVIDEND,Dividend - Re 0.50 Per Share
VEDL,EQ,2026-05-01,ACQUISITION,Demerger
VEDL,EQ,2026-03-28,DIVIDEND,Interim Dividend - Rs 11 Per Share
VEEDOL,EQ,2026-02-06,DIVIDEND,Interim Dividend - Rs 14 Per Share
VERTOZ,EQ,2026-06-05,DIVIDEND,Interim Dividend - Rs 0.10 Per Share
VESUVIUS,EQ,2026-04-30,DIVIDEND,Dividend - Rs 1.50 Per Share
VGL,EQ,2026-03-02,STOCK_SPLIT,Face Value Split (Sub-Division) - From Rs 10/- Per Share To Rs 5/- Per Share
VIMTALABS,EQ,2026-06-18,DIVIDEND,Dividend - Rs 2 Per Share
VINYLINDIA,EQ,2026-05-22,DIVIDEND,Dividend - Rs 7 Per Share
VISAKAIND,EQ,2026-06-26,DIVIDEND,Dividend - Rs 1.20 Per Share
VOLTAS,EQ,2026-06-12,DIVIDEND,Dividend - Rs 4 Per Share
VRLLOG,EQ,2026-02-13,DIVIDEND,Interim Dividend - Rs 5 Per Share
WEALTH,EQ,2026-02-10,DIVIDEND,Interim Dividend - Rs 4 Per Share
WEL,EQ,2026-02-20,DIVIDEND,Interim Dividend - Re 0.10 Per Share
WELCORP,EQ,2026-06-30,DIVIDEND,Dividend - Rs 5 Per Share
WELSPUNLIV,EQ,2026-05-22,BUYBACK,Buy Back
WENDT,EQ,2026-01-28,DIVIDEND,Interim Dividend - Rs 20 Per Share
WHEELS,EQ,2026-06-24,DIVIDEND,Dividend - Rs 9.14 Per Share
WHEELS,EQ,2026-02-05,DIVIDEND,Interim Dividend - Rs 5.30 Per Share
WINDLAS,EQ,2026-04-24,BUYBACK,Buy Back
WIPRO,EQ,2026-06-05,BUYBACK,Buy Back
WIPRO,EQ,2026-01-27,DIVIDEND,Interim Dividend - Rs 6 Per Share
ZENSARTECH,EQ,2026-01-29,DIVIDEND,Interim Dividend - Rs 2.40 Per Share
ZFCVINDIA,EQ,2026-06-24,BONUS,Bonus 5:1
ZYDUSLIFE,EQ,2026-05-29,BUYBACK,Buy Back
