SYMBOL,SERIES,OPEN_PRICE,HIGH_PRICE,LOW_PRICE,CLOSE_PRICE,TTL_TRD_QNTY,TRADE_DATE
20MICRONS,EQ,171.5,201.0,171.5,189.45,1118134,2023-12-25
21STCENMGM,EQ,32.25,32.25,32.25,32.25,6944,2023-12-25
360ONE,EQ,661.0,664.85,647.05,657.9,611023,2023-12-25
3IINFOLTD,EQ,44.5,45.55,43.95,45.2,1388245,2023-12-25
3MINDIA,EQ,31468.95,31563.55,30993.0,31182.0,1812,2023-12-25
3PLAND,EQ,25.7,27.3,25.7,26.35,10324,2023-12-25
5PAISA,EQ,512.9,513.0,500.75,503.0,239779,2023-12-25
AAATECH,EQ,86.85,87.95,83.55,85.7,144482,2023-12-25
AARON,EQ,294.5,294.5,282.55,287.55,7274,2023-12-25
AARTECH,EQ,130.85,133.95,130.85,133.4,91831,2023-12-25
AARTIDRUGS,EQ,512.7,512.7,495.95,499.5,432677,2023-12-25
AARTIIND,EQ,599.0,602.35,593.2,598.55,1586627,2023-12-25
AARTIPHARM,EQ,491.6,510.9,490.0,501.2,269331,2023-12-25
AARTISURF,EQ,629.5,633.0,615.55,625.45,11984,2023-12-25
AARVEEDEN,EQ,28.2,28.25,26.3,26.75,141108,2023-12-25
AARVI,EQ,139.9,139.9,136.05,137.85,8490,2023-12-25
AAVAS,EQ,1495.7,1517.95,1470.0,1479.95,259978,2023-12-25
ABB,EQ,4723.0,4765.0,4686.1,4759.0,155535,2023-12-25
ABBOTINDIA,EQ,22367.3,22661.0,22324.6,22604.0,12474,2023-12-25
ABCAPITAL,EQ,160.95,161.5,158.1,159.7,2799509,2023-12-25
ABFRL,EQ,219.9,223.7,218.15,219.8,1717071,2023-12-25
ABSLAMC,EQ,470.55,480.15,470.55,475.4,89798,2023-12-25
ABSLBANETF,EQ,48.69,48.69,47.43,47.93,59926,2023-12-25
ABSLLIQUID,EQ,999.99,1000.0,999.99,1000.0,455,2023-12-25
ABSLNN50ET,EQ,53.38,53.64,53.1,53.6,1192,2023-12-25
ACC,EQ,2120.0,2122.95,2079.0,2090.75,444653,2023-12-25
ACCELYA,EQ,1377.5,1394.0,1373.2,1387.7,21601,2023-12-25
ACE,EQ,869.05,881.95,844.0,851.1,174188,2023-12-25
ACEINTEG,EQ,42.75,42.75,40.8,41.3,24379,2023-12-25
ACI,EQ,673.8,676.5,640.65,648.7,408725,2023-12-25
ACL,EQ,114.2,114.2,106.2,108.45,40652,2023-12-25
ACLGATI,EQ,144.9,149.0,117.65,120.8,8377525,2023-12-25
ADANIENSOL,EQ,1040.0,1044.8,1026.0,1027.9,2494643,2023-12-25
ADANIENT,EQ,2815.95,2847.6,2791.4,2808.35,1513956,2023-12-25
ADANIGREEN,EQ,1543.0,1546.0,1500.0,1533.1,1062643,2023-12-25
ADANIPORTS,EQ,1034.0,1050.95,1019.0,1027.5,5252106,2023-12-25
ADFFOODS,EQ,200.9,202.45,197.15,198.5,106049,2023-12-25
ADORWELD,EQ,1524.7,1530.0,1474.8,1498.95,16110,2023-12-25
ADSL,EQ,121.6,127.8,119.9,126.55,529742,2023-12-25
ADVANIHOTR,EQ,102.9,106.8,101.7,103.45,128909,2023-12-25
ADVENZYMES,EQ,377.8,384.0,370.9,375.7,517504,2023-12-25
AEGISCHEM,EQ,365.85,370.0,362.0,364.0,221595,2023-12-25
AEROFLEX,EQ,146.5,150.95,146.3,148.8,644618,2023-12-25
AETHER,EQ,904.0,909.65,884.0,888.35,167550,2023-12-25
AFFLE,EQ,1219.9,1244.0,1209.3,1216.95,227568,2023-12-25
AGARIND,EQ,947.7,957.55,933.35,940.9,25180,2023-12-25
AGI,EQ,830.1,849.6,815.2,832.0,118109,2023-12-25
AGRITECH,EQ,205.0,209.8,196.1,197.55,9533,2023-12-25
AGROPHOS,EQ,38.85,40.0,38.75,39.25,86381,2023-12-25
AGSTRA,EQ,89.4,91.35,86.3,88.05,471150,2023-12-25
AHL,EQ,316.7,316.7,308.3,313.6,45362,2023-12-25
AHLADA,EQ,112.3,117.2,110.8,114.5,144755,2023-12-25
AHLEAST,EQ,143.95,146.4,141.05,143.1,5648,2023-12-25
AHLUCONT,EQ,809.0,819.65,796.0,800.85,32630,2023-12-25
AIAENG,EQ,3513.0,3581.0,3497.1,3574.3,94756,2023-12-25
AIROLAM,EQ,125.0,129.0,122.0,125.75,12804,2023-12-25
AJANTPHARM,EQ,1904.0,1981.0,1895.0,1968.2,225334,2023-12-25
AJMERA,EQ,440.25,459.0,439.6,445.1,139404,2023-12-25
AKASH,EQ,35.7,36.9,34.35,36.0,74757,2023-12-25
AKG,EQ,25.0,26.5,24.35,25.25,1358593,2023-12-25
AKSHAR,EQ,5.25,5.95,5.15,5.65,14062967,2023-12-25
AKSHARCHEM,EQ,260.4,265.9,255.8,263.3,8146,2023-12-25
AKZOINDIA,EQ,2604.3,2624.0,2561.0,2565.85,20605,2023-12-25
ALANKIT,EQ,15.95,16.6,15.85,16.35,3818379,2023-12-25
ALBERTDAVD,EQ,950.55,970.0,941.7,963.85,11610,2023-12-25
ALEMBICLTD,EQ,92.0,93.65,91.05,92.15,1025594,2023-12-25
ALICON,EQ,843.65,843.65,822.5,824.7,11960,2023-12-25
ALKALI,EQ,141.45,145.7,139.1,142.3,26553,2023-12-25
ALKEM,EQ,4920.6,4955.0,4858.65,4914.4,152341,2023-12-25
ALKYLAMINE,EQ,2347.95,2354.9,2284.75,2304.85,39393,2023-12-25
ALLCARGO,EQ,299.0,315.0,299.0,307.0,7976436,2023-12-25
ALLSEC,EQ,653.0,668.2,647.05,661.35,14045,2023-12-25
ALMONDZ,EQ,91.7,92.0,89.0,90.1,21178,2023-12-25
ALOKINDS,EQ,21.65,21.9,21.2,21.65,12807053,2023-12-25
ALPA,EQ,101.0,102.5,100.1,100.7,96311,2023-12-25
ALPHAETF,EQ,20.31,20.44,20.12,20.29,1075122,2023-12-25
ALPHAGEO,EQ,281.3,289.0,275.0,281.9,14756,2023-12-25
ALPL30IETF,EQ,233.01,233.35,231.25,232.51,9815,2023-12-25
ALPSINDUS,EQ,2.2,2.25,2.1,2.1,323459,2023-12-25
AMBER,EQ,3099.9,3099.9,3039.0,3051.55,79918,2023-12-25
AMBICAAGAR,EQ,32.4,33.55,31.5,31.8,34257,2023-12-25
AMBIKCO,EQ,1778.9,1784.35,1735.0,1741.45,9362,2023-12-25
AMBUJACEM,EQ,505.1,510.4,498.25,503.8,2571515,2023-12-25
AMIORG,EQ,1182.0,1234.85,1167.35,1200.4,1117486,2023-12-25
AMJLAND,EQ,38.45,39.85,38.1,38.5,112277,2023-12-25
AMNPLST,EQ,162.85,166.95,156.65,158.75,6255,2023-12-25
AMRUTANJAN,EQ,595.6,605.0,594.0,599.35,34432,2023-12-25
ANANDRATHI,EQ,2550.0,2597.5,2548.15,2580.85,62718,2023-12-25
ANANTRAJ,EQ,302.05,307.0,297.3,303.15,1883384,2023-12-25
ANDHRAPAP,EQ,580.0,596.6,580.0,590.85,140384,2023-12-25
ANDHRSUGAR,EQ,107.95,109.5,107.65,109.0,206544,2023-12-25
ANGELONE,EQ,3282.5,3342.2,3260.35,3292.35,227632,2023-12-25
ANMOL,EQ,63.3,63.3,61.0,61.25,563905,2023-12-25
ANTGRAPHIC,EQ,1.35,1.35,1.3,1.35,2003805,2023-12-25
ANUP,EQ,2615.1,2658.95,2585.05,2638.0,6181,2023-12-25
ANURAS,EQ,1024.5,1035.8,1001.5,1008.5,497437,2023-12-25
APARINDS,EQ,5444.0,5725.1,5391.7,5657.65,322890,2023-12-25
APCL,EQ,216.0,216.4,209.75,211.65,38529,2023-12-25
APCOTEXIND,EQ,505.0,508.35,494.0,499.6,80274,2023-12-25
APEX,EQ,218.3,219.65,216.0,216.45,47379,2023-12-25
APLAPOLLO,EQ,1588.0,1602.6,1575.05,1588.15,515991,2023-12-25
APLLTD,EQ,758.55,774.9,755.5,773.2,85495,2023-12-25
APOLLOHOSP,EQ,5510.0,5549.0,5462.7,5541.4,220537,2023-12-25
APOLLOPIPE,EQ,682.0,685.4,676.45,677.9,39328,2023-12-25
APOLLOTYRE,EQ,434.0,436.05,424.4,427.55,1682246,2023-12-25
APOLSINHOT,EQ,1561.55,1589.95,1540.0,1553.3,336,2023-12-25
APTECHT,EQ,266.4,275.7,264.85,268.85,621062,2023-12-25
APTUS,EQ,331.0,334.5,325.5,329.25,278834,2023-12-25
ARCHIES,EQ,29.0,30.4,28.6,29.05,159634,2023-12-25
ARE&M,EQ,765.05,770.9,756.55,760.85,329761,2023-12-25
ARIES,EQ,199.0,205.85,198.05,203.2,62829,2023-12-25
ARIHANTCAP,EQ,71.25,71.45,69.5,70.15,314607,2023-12-25
ARIHANTSUP,EQ,263.8,267.0,255.0,261.55,69843,2023-12-25
ARMANFIN,EQ,2629.0,2642.65,2456.7,2609.7,174037,2023-12-25
ARROWGREEN,EQ,415.0,427.0,411.5,417.85,27820,2023-12-25
ARTEMISMED,EQ,185.0,187.0,179.4,182.4,211062,2023-12-25
ARTNIRMAN,EQ,64.75,66.85,61.6,62.4,31738,2023-12-25
ARVIND,EQ,246.7,260.6,246.5,259.3,1398173,2023-12-25
ARVINDFASN,EQ,402.75,414.35,400.25,412.15,160554,2023-12-25
ARVSMART,EQ,419.65,426.1,416.4,421.8,39445,2023-12-25
ASAHIINDIA,EQ,563.8,566.7,557.0,562.35,54403,2023-12-25
ASAHISONG,EQ,298.0,304.0,289.0,290.45,21651,2023-12-25
ASAL,EQ,413.0,421.6,409.5,415.55,22992,2023-12-25
ASALCBR,EQ,459.1,474.6,459.1,472.35,68250,2023-12-25
ASHIANA,EQ,276.15,284.95,268.95,275.4,196715,2023-12-25
ASHIMASYN,EQ,17.75,18.25,17.35,17.9,378974,2023-12-25
ASHOKA,EQ,138.1,138.95,135.9,137.45,1286071,2023-12-25
ASHOKAMET,EQ,22.95,26.8,22.65,25.15,769726,2023-12-25
ASHOKLEY,EQ,172.0,172.8,170.75,172.0,11274911,2023-12-25
ASIANENE,EQ,285.0,293.65,281.3,284.05,109859,2023-12-25
ASIANPAINT,EQ,3309.9,3350.8,3287.0,3341.3,930563,2023-12-25
ASIANTILES,EQ,71.0,73.4,70.9,71.65,808136,2023-12-25
ASKAUTOLTD,EQ,281.9,282.2,277.5,279.85,185900,2023-12-25
ASPINWALL,EQ,244.55,271.8,244.55,254.35,52256,2023-12-25
ASTEC,EQ,1123.0,1151.75,1105.0,1109.45,20667,2023-12-25
ASTERDM,EQ,391.7,398.0,388.55,395.95,384368,2023-12-25
ASTRAL,EQ,1884.15,1942.0,1877.75,1933.9,763251,2023-12-25
ASTRAMICRO,EQ,611.0,624.0,605.0,608.5,260935,2023-12-25
ASTRAZEN,EQ,4791.4,5494.7,4775.0,5329.1,462600,2023-12-25
ATAM,EQ,204.0,211.35,201.95,203.45,65171,2023-12-25
ATFL,EQ,849.9,874.95,844.5,855.2,7720,2023-12-25
ATGL,EQ,1004.0,1018.9,985.0,996.3,1390011,2023-12-25
ATL,EQ,51.25,52.6,51.1,51.9,1114115,2023-12-25
ATUL,EQ,6865.0,7000.0,6864.3,6988.15,57230,2023-12-25
ATULAUTO,EQ,576.3,589.0,567.3,572.6,155056,2023-12-25
AUBANK,EQ,774.0,785.8,758.0,765.45,2822166,2023-12-25
AUROPHARMA,EQ,1099.9,1099.9,1062.8,1066.4,2781842,2023-12-25
AURUM,EQ,132.75,133.55,128.6,129.75,62559,2023-12-25
AUTOAXLES,EQ,2170.0,2222.6,2162.05,2202.65,15004,2023-12-25
AUTOBEES,EQ,179.86,181.2,178.4,180.75,98315,2023-12-25
AUTOIETF,EQ,181.87,184.0,178.59,180.94,63352,2023-12-25
AUTOIND,EQ,132.9,134.05,131.05,133.25,88074,2023-12-25
AVADHSUGAR,EQ,690.05,697.45,674.85,680.1,49934,2023-12-25
AVALON,EQ,541.0,559.25,538.35,551.4,637573,2023-12-25
AVANTIFEED,EQ,402.55,405.55,396.25,398.1,131968,2023-12-25
AVG,EQ,330.1,340.5,328.05,337.45,126491,2023-12-25
AVONMORE,EQ,81.3,81.4,78.2,79.0,31870,2023-12-25
AVROIND,EQ,110.7,113.95,110.2,111.0,16723,2023-12-25
AVTNPL,EQ,91.2,91.85,89.0,90.45,205957,2023-12-25
AWHCL,EQ,450.0,508.4,449.6,488.8,2720819,2023-12-25
AWL,EQ,353.5,369.7,353.25,365.25,3648100,2023-12-25
AXISBANK,EQ,1095.4,1106.3,1085.8,1088.3,10600025,2023-12-25
AXISBNKETF,EQ,486.3,487.59,480.39,481.71,5711,2023-12-25
AXISBPSETF,EQ,11.15,11.39,11.15,11.38,29845,2023-12-25
AXISCADES,EQ,615.4,675.0,615.4,675.0,491833,2023-12-25
AXISCETF,EQ,93.5,94.26,93.32,94.21,5761,2023-12-25
AXISGOLD,EQ,53.22,53.44,53.17,53.3,70070,2023-12-25
AXISHCETF,EQ,104.3,105.29,104.01,104.86,5120,2023-12-25
AXISILVER,EQ,76.13,76.13,75.7,76.02,17096,2023-12-25
AXISNIFTY,EQ,231.3,231.3,224.3,228.84,4373,2023-12-25
AXISTECETF,EQ,367.9,374.54,364.44,373.35,1656,2023-12-25
AXITA,EQ,26.6,28.7,26.6,27.5,11667785,2023-12-25
AXSENSEX,EQ,72.7,72.7,71.35,71.49,828,2023-12-25
AYMSYNTEX,EQ,72.2,72.3,71.0,71.9,19994,2023-12-25
BAGFILMS,EQ,9.25,9.6,8.8,9.4,3243797,2023-12-25
BAJAJ-AUTO,EQ,6288.0,6395.0,6264.25,6372.1,237213,2023-12-25
BAJAJCON,EQ,215.6,217.5,213.45,214.65,248670,2023-12-25
BAJAJELEC,EQ,995.6,1011.35,992.75,1009.3,29012,2023-12-25
BAJAJFINSV,EQ,1669.0,1690.0,1663.6,1672.05,1279614,2023-12-25
BAJAJHCARE,EQ,404.0,404.0,377.85,382.2,193456,2023-12-25
BAJAJHIND,EQ,28.3,28.6,27.55,27.9,10197421,2023-12-25
BAJAJHLDNG,EQ,7745.0,7873.2,7745.0,7837.6,17659,2023-12-25
BAJFINANCE,EQ,7418.95,7440.0,7243.0,7295.3,1129485,2023-12-25
BALAJITELE,EQ,78.4,79.4,76.6,77.6,337137,2023-12-25
BALAMINES,EQ,2390.0,2415.0,2325.8,2365.2,67027,2023-12-25
BALAXI,EQ,424.85,448.65,421.1,442.4,7145,2023-12-25
BALKRISHNA,EQ,35.5,36.0,35.1,35.45,23144,2023-12-25
BALKRISIND,EQ,2496.0,2513.35,2461.4,2501.6,269113,2023-12-25
BALMLAWRIE,EQ,189.05,224.9,189.05,224.9,22108556,2023-12-25
BALPHARMA,EQ,101.9,103.95,100.35,101.75,19909,2023-12-25
BALRAMCHIN,EQ,388.6,392.75,386.5,388.9,2006942,2023-12-25
BANARBEADS,EQ,95.35,97.15,93.1,93.85,12900,2023-12-25
BANARISUG,EQ,2580.0,2580.0,2500.5,2519.3,1965,2023-12-25
BANCOINDIA,EQ,589.0,630.35,580.9,618.75,439423,2023-12-25
BANDHANBNK,EQ,238.5,242.3,234.1,234.8,10132889,2023-12-25
BANKA,EQ,71.3,72.0,69.8,70.15,27590,2023-12-25
BANKBARODA,EQ,225.0,226.75,221.4,223.6,11469899,2023-12-25
BANKBEES,EQ,490.73,490.73,482.7,483.6,509033,2023-12-25
BANKETF,EQ,478.3,480.59,474.62,475.12,1404,2023-12-25
BANKIETF,EQ,48.3,48.5,47.82,47.92,71261,2023-12-25
BANKINDIA,EQ,110.25,113.6,110.15,111.8,20798348,2023-12-25
BANSWRAS,EQ,146.0,149.4,144.45,147.65,80100,2023-12-25
BARBEQUE,EQ,664.0,673.95,660.1,670.4,63763,2023-12-25
BASF,EQ,3039.9,3118.95,3003.95,3027.5,22824,2023-12-25
BASML,EQ,48.5,48.5,47.55,47.8,74428,2023-12-25
BATAINDIA,EQ,1630.0,1637.9,1609.05,1620.9,312754,2023-12-25
BAYERCROP,EQ,5559.45,5625.0,5467.2,5600.1,25132,2023-12-25
BBETF0432,EQ,1103.07,1107.0,1103.07,1104.03,3202,2023-12-25
BBL,EQ,3910.0,4090.0,3910.0,4071.5,52775,2023-12-25
BBNPPGOLD,EQ,63.8,63.8,61.9,62.05,232,2023-12-25
BBTC,EQ,1323.5,1352.95,1311.0,1328.4,55323,2023-12-25
BBTCL,EQ,259.3,262.95,256.2,260.15,4961,2023-12-25
BCG,EQ,19.9,20.1,19.45,19.85,11363149,2023-12-25
BCLIND,EQ,67.5,67.8,65.5,66.5,900308,2023-12-25
BDL,EQ,1551.8,1584.0,1535.7,1571.25,1012000,2023-12-25
BECTORFOOD,EQ,1155.0,1163.0,1136.9,1147.75,126794,2023-12-25
BEL,EQ,171.95,175.25,169.4,174.8,19640046,2023-12-25
BEML,EQ,2730.0,2820.0,2700.25,2804.15,997037,2023-12-25
BEPL,EQ,100.6,103.95,100.6,102.85,1455298,2023-12-25
BERGEPAINT,EQ,575.0,585.0,574.25,583.15,1069705,2023-12-25
BFINVEST,EQ,515.65,575.0,513.85,570.9,933116,2023-12-25
BFSI,EQ,21.79,21.79,21.5,21.56,115936,2023-12-25
BFUTILITIE,EQ,608.9,628.0,607.0,610.6,265267,2023-12-25
BGRENERGY,EQ,103.5,104.75,100.2,100.65,2024827,2023-12-25
BHAGCHEM,EQ,1513.25,1548.95,1511.05,1533.6,2355,2023-12-25
BHAGERIA,EQ,160.6,169.0,160.6,166.65,26777,2023-12-25
BHAGYANGR,EQ,87.95,94.0,85.95,87.85,772496,2023-12-25
BHARATFORG,EQ,1188.0,1203.9,1183.15,1201.75,517014,2023-12-25
BHARATGEAR,EQ,115.8,116.35,114.4,115.0,20314,2023-12-25
BHARATRAS,EQ,9034.3,9039.95,8961.0,8987.25,383,2023-12-25
BHARATWIRE,EQ,307.0,318.0,305.0,315.6,598385,2023-12-25
BHARTIARTL,EQ,981.9,998.95,975.55,989.55,4605120,2023-12-25
BHEL,EQ,181.05,181.35,175.9,178.3,19064120,2023-12-25
BIGBLOC,EQ,165.65,166.7,161.75,164.55,96423,2023-12-25
BIKAJI,EQ,542.9,555.0,537.05,552.35,355027,2023-12-25
BIOCON,EQ,246.45,249.2,244.8,246.3,2273146,2023-12-25
BIOFILCHEM,EQ,55.1,56.7,54.3,55.4,51453,2023-12-25
BIRLACABLE,EQ,290.0,298.85,288.0,298.75,275832,2023-12-25
BIRLACORPN,EQ,1415.8,1436.85,1395.0,1414.15,64911,2023-12-25
BIRLAMONEY,EQ,106.7,107.0,99.75,103.0,415944,2023-12-25
BLAL,EQ,191.0,198.2,190.55,193.65,559013,2023-12-25
BLBLIMITED,EQ,23.15,25.15,22.9,23.55,1863019,2023-12-25
BLISSGVS,EQ,124.8,125.0,121.4,122.85,215644,2023-12-25
BLKASHYAP,EQ,64.9,65.5,64.1,64.95,393010,2023-12-25
BLS,EQ,305.8,312.0,304.9,309.85,5109123,2023-12-25
BLUEDART,EQ,7292.9,7429.1,7230.1,7342.45,8831,2023-12-25
BLUEJET,EQ,361.0,368.0,354.55,361.3,469041,2023-12-25
BLUESTARCO,EQ,935.0,954.6,926.85,951.25,254983,2023-12-25
BODALCHEM,EQ,80.95,83.1,80.45,81.65,789758,2023-12-25
BOMDYEING,EQ,151.2,152.9,148.7,150.65,755875,2023-12-25
BOROLTD,EQ,343.4,354.3,339.05,342.4,101120,2023-12-25
BORORENEW,EQ,425.2,432.35,422.0,425.7,157642,2023-12-25
BOSCHLTD,EQ,21695.0,21895.95,21506.85,21633.95,20236,2023-12-25
BPCL,EQ,449.7,453.35,445.05,446.65,5779632,2023-12-25
BRIGADE,EQ,880.0,887.9,862.1,868.8,215991,2023-12-25
BRITANNIA,EQ,5075.0,5183.7,5050.05,5161.1,582688,2023-12-25
BRNL,EQ,52.3,52.65,49.0,50.1,223466,2023-12-25
BSE,EQ,2345.6,2378.0,2302.7,2319.9,536604,2023-12-25
BSE500IETF,EQ,31.71,31.98,31.71,31.88,61147,2023-12-25
BSHSL,EQ,269.95,269.95,261.25,266.0,45655,2023-12-25
BSL,EQ,210.0,210.05,202.3,205.85,6178,2023-12-25
BSLGOLDETF,EQ,55.96,56.47,55.92,56.32,16515,2023-12-25
BSLNIFTY,EQ,24.9,24.9,24.11,24.24,107382,2023-12-25
BSLSENETFG,EQ,70.7,70.7,69.18,69.44,955,2023-12-25
BSOFT,EQ,728.15,746.0,723.1,741.2,2855709,2023-12-25
BTML,EQ,194.95,194.95,185.35,189.95,174323,2023-12-25
BUTTERFLY,EQ,1059.0,1059.0,1034.25,1053.1,4472,2023-12-25
CAMLINFINE,EQ,131.05,132.5,128.35,128.85,393501,2023-12-25
CAMPUS,EQ,284.4,287.05,278.75,280.55,561144,2023-12-25
CAMS,EQ,2715.0,2734.45,2671.0,2678.4,291298,2023-12-25
CANBK,EQ,435.0,435.45,423.1,426.05,5469650,2023-12-25
CANFINHOME,EQ,763.8,768.1,749.1,764.55,832625,2023-12-25
CANTABIL,EQ,243.5,250.9,239.6,242.1,138435,2023-12-25
CAPACITE,EQ,258.2,267.0,256.85,263.6,1625655,2023-12-25
CAPLIPOINT,EQ,1309.0,1421.2,1302.1,1405.8,514845,2023-12-25
CAPTRUST,EQ,114.95,115.3,111.0,113.3,65969,2023-12-25
CARBORUNIV,EQ,1112.0,1128.0,1089.0,1094.15,176291,2023-12-25
CAREERP,EQ,194.55,201.65,194.5,197.55,22430,2023-12-25
CARERATING,EQ,913.3,950.0,913.3,937.45,46574,2023-12-25
CARTRADE,EQ,726.6,739.2,721.75,733.5,111533,2023-12-25
CARYSIL,EQ,855.55,868.4,830.95,859.95,71480,2023-12-25
CASTROLIND,EQ,152.9,167.15,152.05,162.55,39554895,2023-12-25
CCHHL,EQ,14.5,14.5,13.7,13.95,385765,2023-12-25
CCL,EQ,630.75,642.65,626.1,630.6,288785,2023-12-25
CDSL,EQ,1850.0,1863.8,1817.25,1836.95,576891,2023-12-25
CEATLTD,EQ,2427.0,2435.15,2385.0,2399.9,109509,2023-12-25
CELLO,EQ,775.0,784.5,762.75,769.2,262414,2023-12-25
CENTENKA,EQ,430.05,436.0,426.3,431.2,24692,2023-12-25
CENTEXT,EQ,19.0,19.2,18.4,18.65,224394,2023-12-25
CENTRALBK,EQ,49.5,49.8,48.0,48.7,13667470,2023-12-25
CENTRUM,EQ,29.35,29.6,28.2,28.85,529221,2023-12-25
CENTUM,EQ,1398.9,1399.0,1370.05,1373.75,5551,2023-12-25
CENTURYPLY,EQ,820.0,820.0,791.05,799.65,167868,2023-12-25
CENTURYTEX,EQ,1246.1,1254.4,1214.0,1229.4,73229,2023-12-25
CERA,EQ,8135.9,8226.0,8080.0,8106.7,11031,2023-12-25
CESC,EQ,119.3,120.45,116.8,119.15,4556680,2023-12-25
CGCL,EQ,773.0,775.6,766.1,770.2,110590,2023-12-25
CGPOWER,EQ,462.65,469.75,456.55,466.7,2491966,2023-12-25
CHALET,EQ,652.0,674.0,646.35,653.25,158220,2023-12-25
CHAMBLFERT,EQ,346.0,361.7,345.0,359.8,7357117,2023-12-25
CHEMBOND,EQ,559.0,564.35,546.6,550.45,85405,2023-12-25
CHEMCON,EQ,273.95,282.0,270.8,279.85,73161,2023-12-25
CHEMFAB,EQ,380.9,384.0,375.5,382.4,45015,2023-12-25
CHEMPLASTS,EQ,514.7,527.8,505.5,513.0,461377,2023-12-25
CHENNPETRO,EQ,688.35,702.45,678.05,690.15,983953,2023-12-25
CHEVIOT,EQ,1385.2,1435.0,1385.2,1395.8,8305,2023-12-25
CHOICEIN,EQ,440.9,443.2,434.25,436.45,72887,2023-12-25
CHOLAFIN,EQ,1229.95,1263.3,1225.45,1250.8,1114151,2023-12-25
CHOLAHLDNG,EQ,1030.0,1039.95,1014.0,1024.65,71918,2023-12-25
CIEINDIA,EQ,463.55,479.4,462.75,478.1,474035,2023-12-25
CIGNITITEC,EQ,1104.0,1145.0,1085.0,1125.75,316725,2023-12-25
CIPLA,EQ,1230.05,1242.5,1221.65,1235.6,1969524,2023-12-25
CLEAN,EQ,1484.7,1524.8,1469.6,1517.0,203318,2023-12-25
CLEDUCATE,EQ,102.8,112.5,102.0,105.15,872379,2023-12-25
CLSEL,EQ,235.95,236.35,229.05,230.45,71398,2023-12-25
CMSINFO,EQ,381.6,390.4,381.5,386.0,535817,2023-12-25
COALINDIA,EQ,359.0,367.4,356.4,363.25,13916380,2023-12-25
COASTCORP,EQ,267.95,269.0,261.55,263.65,9469,2023-12-25
COCHINSHIP,EQ,1310.0,1315.0,1281.5,1301.4,1713384,2023-12-25
COFFEEDAY,EQ,64.25,67.55,63.7,65.7,16147047,2023-12-25
COFORGE,EQ,6130.05,6323.65,6110.05,6290.2,477031,2023-12-25
COLPAL,EQ,2394.65,2414.55,2378.45,2406.65,118737,2023-12-25
COMMOIETF,EQ,76.0,76.0,74.4,74.86,126088,2023-12-25
CONCOR,EQ,835.95,841.7,824.25,832.4,1541803,2023-12-25
CONCORDBIO,EQ,1379.0,1539.9,1370.0,1504.7,901703,2023-12-25
CONFIPET,EQ,91.75,92.95,89.8,90.8,1293546,2023-12-25
CONSOFINVT,EQ,323.95,337.75,320.15,329.2,113086,2023-12-25
CONSUMBEES,EQ,101.9,102.0,101.0,101.95,35769,2023-12-25
CONSUMIETF,EQ,93.41,108.0,93.38,98.6,67586,2023-12-25
CONTROLPR,EQ,1003.85,1006.75,959.0,1002.4,78177,2023-12-25
CORALFINAC,EQ,63.3,64.9,61.0,62.25,495894,2023-12-25
CORDSCABLE,EQ,112.95,115.0,111.5,112.65,44063,2023-12-25
COROMANDEL,EQ,1213.5,1232.7,1211.0,1231.05,154368,2023-12-25
COSMOFIRST,EQ,605.0,614.95,595.05,605.6,41430,2023-12-25
CPSEETF,EQ,65.5,65.5,64.27,64.95,1765174,2023-12-25
CRAFTSMAN,EQ,5447.95,5513.65,5364.1,5429.15,27398,2023-12-25
CREATIVE,EQ,710.0,759.8,705.25,740.35,21965,2023-12-25
CREATIVEYE,EQ,4.2,4.2,4.2,4.2,2710,2023-12-25
CREDITACC,EQ,1632.0,1690.0,1610.05,1627.5,428926,2023-12-25
CREST,EQ,304.4,304.4,295.1,301.3,40294,2023-12-25
CRISIL,EQ,4280.0,4375.0,4265.05,4353.55,30666,2023-12-25
CROMPTON,EQ,303.45,304.8,298.5,301.8,1261307,2023-12-25
CSBBANK,EQ,392.9,401.0,392.4,396.7,139916,2023-12-25
CSLFINANCE,EQ,444.95,470.95,444.9,452.2,107734,2023-12-25
CTE,EQ,74.1,78.75,74.1,77.5,108591,2023-12-25
CUB,EQ,150.1,150.8,145.9,146.45,5830750,2023-12-25
CUMMINSIND,EQ,1947.55,2025.0,1927.5,2013.15,1057329,2023-12-25
CYBERMEDIA,EQ,32.2,32.75,31.75,32.75,348082,2023-12-25
CYBERTECH,EQ,173.7,193.7,171.55,190.4,1111149,2023-12-25
CYIENT,EQ,2375.0,2458.95,2322.0,2388.1,1253690,2023-12-25
CYIENTDLM,EQ,658.0,671.0,654.9,666.95,165734,2023-12-25
DABUR,EQ,531.95,532.65,526.5,529.3,3869597,2023-12-25
DALBHARAT,EQ,2236.05,2245.8,2188.0,2194.2,248245,2023-12-25
DALMIASUG,EQ,407.45,408.6,401.4,403.65,72556,2023-12-25
DAMODARIND,EQ,49.7,50.5,48.7,49.25,27249,2023-12-25
DATAMATICS,EQ,729.9,754.5,720.6,733.65,508902,2023-12-25
DATAPATTNS,EQ,1954.75,1997.85,1940.05,1962.85,75188,2023-12-25
DBCORP,EQ,254.0,256.9,251.0,252.45,62498,2023-12-25
DBL,EQ,389.0,393.55,382.1,386.7,737911,2023-12-25
DBOL,EQ,149.0,151.75,146.9,148.25,175532,2023-12-25
DBREALTY,EQ,191.3,194.8,188.7,191.85,1130843,2023-12-25
DCAL,EQ,155.8,160.45,155.45,156.5,329179,2023-12-25
DCBBANK,EQ,127.4,130.6,124.15,125.95,5176381,2023-12-25
DCM,EQ,81.25,83.4,78.9,79.75,65646,2023-12-25
DCMNVL,EQ,184.0,188.8,181.2,182.5,21653,2023-12-25
DCMSHRIRAM,EQ,1074.0,1097.9,1044.35,1060.95,105945,2023-12-25
DCMSRIND,EQ,159.95,165.45,158.05,160.2,314289,2023-12-25
DCW,EQ,53.45,56.4,53.4,54.85,7331912,2023-12-25
DCXINDIA,EQ,346.85,352.55,343.1,349.6,453831,2023-12-25
DECCANCE,EQ,570.0,581.1,567.0,570.4,14587,2023-12-25
DEEPAKFERT,EQ,666.0,684.95,665.35,676.75,656404,2023-12-25
DEEPAKNTR,EQ,2295.0,2399.95,2288.25,2379.45,1244623,2023-12-25
DEEPENR,EQ,187.7,189.0,180.15,184.85,36408,2023-12-25
DEEPINDS,EQ,249.2,253.9,249.05,251.95,82116,2023-12-25
DELHIVERY,EQ,391.0,396.05,384.05,387.45,1878970,2023-12-25
DELPHIFX,EQ,298.2,306.7,291.1,293.35,210086,2023-12-25
DELTACORP,EQ,142.35,143.6,140.3,143.15,3989473,2023-12-25
DELTAMAGNT,EQ,97.95,98.6,95.1,96.75,20559,2023-12-25
DEN,EQ,55.1,55.6,53.75,54.85,2280249,2023-12-25
DENORA,EQ,1522.65,1578.0,1522.65,1560.15,11202,2023-12-25
DEVIT,EQ,168.5,170.05,165.05,167.6,92047,2023-12-25
DEVYANI,EQ,191.7,193.2,188.4,190.1,1989316,2023-12-25
DGCONTENT,EQ,19.4,19.4,18.9,19.0,7267,2023-12-25
DHAMPURSUG,EQ,253.0,254.4,248.0,250.15,246234,2023-12-25
DHANBANK,EQ,30.0,30.45,29.3,29.65,1724049,2023-12-25
DHANI,EQ,40.25,41.0,39.5,39.95,1226904,2023-12-25
DHANUKA,EQ,1027.0,1057.45,1022.2,1047.0,40351,2023-12-25
DHARMAJ,EQ,258.0,263.25,255.1,258.45,99844,2023-12-25
DHRUV,EQ,58.85,59.35,57.3,58.2,19406,2023-12-25
DHUNINV,EQ,1235.0,1235.0,1189.95,1200.1,1173,2023-12-25
DIAMINESQ,EQ,567.0,567.0,545.65,549.7,21154,2023-12-25
DIAMONDYD,EQ,979.95,984.8,960.0,965.55,15486,2023-12-25
DICIND,EQ,514.95,514.95,496.1,505.7,3565,2023-12-25
DIGISPICE,EQ,28.8,29.2,28.3,28.9,85295,2023-12-25
DIL,EQ,10.5,10.95,10.5,10.85,764169,2023-12-25
DISHTV,EQ,19.8,20.1,19.2,19.75,33713955,2023-12-25
DIVGIITTS,EQ,1005.2,1018.15,987.75,994.55,16862,2023-12-25
DIVISLAB,EQ,3650.0,3762.9,3643.95,3694.95,898967,2023-12-25
DIVOPPBEES,EQ,68.1,68.1,66.01,66.81,42428,2023-12-25
DIXON,EQ,6553.9,6584.0,6384.0,6478.35,535046,2023-12-25
DJML,EQ,151.85,154.85,150.0,151.75,2037,2023-12-25
DLF,EQ,696.0,718.7,694.45,715.95,5899551,2023-12-25
DLINKINDIA,EQ,324.0,327.7,320.05,324.65,111684,2023-12-25
DMART,EQ,3977.95,4015.0,3962.05,4007.95,224831,2023-12-25
DMCC,EQ,309.0,311.0,301.0,303.65,23182,2023-12-25
DODLA,EQ,841.9,915.95,836.05,875.95,617134,2023-12-25
DOLATALGO,EQ,63.0,64.6,62.7,63.1,170913,2023-12-25
DOLLAR,EQ,432.8,443.05,432.0,440.1,149017,2023-12-25
DOMS,EQ,1359.95,1367.15,1293.05,1307.0,699513,2023-12-25
DONEAR,EQ,102.0,104.5,99.9,102.35,283930,2023-12-25
DPABHUSHAN,EQ,619.95,624.95,585.35,595.35,15962,2023-12-25
DPSCLTD,EQ,19.4,19.4,18.4,18.6,1028537,2023-12-25
DPWIRES,EQ,597.5,601.45,589.0,595.3,20630,2023-12-25
DREAMFOLKS,EQ,540.3,550.0,536.9,542.15,197740,2023-12-25
DREDGECORP,EQ,563.7,585.35,563.7,572.95,315152,2023-12-25
DRREDDY,EQ,5578.0,5656.0,5560.0,5627.7,263008,2023-12-25
DSPBANKETF,EQ,47.38,48.48,47.38,47.82,27766,2023-12-25
DSPGOLDETF,EQ,62.2,62.4,62.01,62.25,19829,2023-12-25
DSPITETF,EQ,36.2,36.2,35.04,35.82,11136,2023-12-25
DSPN50ETF,EQ,217.09,218.43,216.71,217.12,448,2023-12-25
DSPNEWETF,EQ,264.99,270.04,264.81,267.57,16839,2023-12-25
DSPPSBKETF,EQ,56.2,56.39,55.41,55.77,837,2023-12-25
DSPPVBKETF,EQ,24.98,24.98,24.53,24.82,1817,2023-12-25
DSPQ50ETF,EQ,208.95,208.95,201.8,204.26,1420,2023-12-25
DSPSENXETF,EQ,71.06,71.5,71.04,71.15,135,2023-12-25
DSPSILVETF,EQ,73.6,74.0,73.52,73.88,12164,2023-12-25
DSSL,EQ,634.9,642.05,621.0,630.15,11650,2023-12-25
DTIL,EQ,222.45,232.95,222.05,226.1,20460,2023-12-25
DVL,EQ,315.5,322.0,312.0,316.2,66187,2023-12-25
DWARKESH,EQ,87.8,87.8,86.55,86.9,1051405,2023-12-25
DYCL,EQ,422.95,451.3,418.55,451.3,136103,2023-12-25
DYNAMATECH,EQ,4382.6,4620.0,4349.0,4504.9,11539,2023-12-25
DYNPRO,EQ,295.0,305.1,295.0,300.55,16245,2023-12-25
EASEMYTRIP,EQ,38.45,39.05,38.2,38.5,14241408,2023-12-25
EBBETF0425,EQ,1171.45,1173.5,1171.4,1172.28,5776,2023-12-25
EBBETF0430,EQ,1324.0,1324.0,1318.01,1323.98,3911,2023-12-25
EBBETF0431,EQ,1175.96,1186.9,1175.95,1180.88,45882,2023-12-25
EBBETF0433,EQ,1092.53,1092.53,1053.01,1075.87,4622,2023-12-25
ECLERX,EQ,2532.3,2613.0,2532.3,2580.1,73772,2023-12-25
EDELWEISS,EQ,81.3,82.35,76.7,78.15,13080986,2023-12-25
EGOLD,EQ,64.0,64.45,64.0,64.45,69897,2023-12-25
EICHERMOT,EQ,3983.0,4016.95,3948.2,4006.05,309907,2023-12-25
EIDPARRY,EQ,557.0,564.4,552.0,563.0,311314,2023-12-25
EIFFL,EQ,142.45,147.95,142.1,144.2,23354,2023-12-25
EIHAHOTELS,EQ,450.6,463.7,449.25,457.05,40590,2023-12-25
EIHOTEL,EQ,234.7,238.7,233.15,237.55,549097,2023-12-25
EKC,EQ,127.4,130.95,126.7,127.35,571501,2023-12-25
ELDEHSG,EQ,731.3,737.95,720.05,726.65,1603,2023-12-25
ELECON,EQ,896.0,903.5,883.15,893.5,131045,2023-12-25
ELECTCAST,EQ,111.4,115.0,110.5,112.9,2281091,2023-12-25
ELGIEQUIP,EQ,527.0,553.2,526.6,545.7,526185,2023-12-25
ELIN,EQ,149.7,149.7,147.15,147.8,107604,2023-12-25
EMAMILTD,EQ,496.0,500.95,492.35,494.75,257331,2023-12-25
EMAMIPAP,EQ,128.7,128.7,124.7,125.1,36031,2023-12-25
EMAMIREAL,EQ,128.9,131.2,122.4,124.25,84938,2023-12-25
EMIL,EQ,196.0,208.3,196.0,205.7,729528,2023-12-25
EMKAY,EQ,148.0,150.85,140.15,142.75,478612,2023-12-25
EMMBI,EQ,102.0,102.75,98.25,99.95,33143,2023-12-25
EMSLIMITED,EQ,424.8,424.8,406.2,416.9,351214,2023-12-25
EMUDHRA,EQ,434.5,444.9,433.1,434.85,71546,2023-12-25
ENDURANCE,EQ,1810.0,1864.9,1787.3,1833.95,262908,2023-12-25
ENGINERSIN,EQ,156.9,162.6,155.35,161.0,5961176,2023-12-25
ENIL,EQ,183.75,189.0,183.0,188.25,95593,2023-12-25
EPIGRAL,EQ,914.4,920.0,898.0,900.3,47731,2023-12-25
EPL,EQ,198.45,201.0,196.6,197.35,396989,2023-12-25
EQUITASBNK,EQ,106.1,107.9,104.85,106.1,3292656,2023-12-25
ERIS,EQ,865.0,890.65,862.3,885.7,42770,2023-12-25
EROSMEDIA,EQ,23.1,23.55,22.35,23.15,568207,2023-12-25
ESABINDIA,EQ,6025.0,6095.0,5800.0,5858.2,12633,2023-12-25
ESAFSFB,EQ,70.25,71.2,68.75,69.05,2003403,2023-12-25
ESCORTS,EQ,2985.0,3025.0,2960.35,2966.9,270911,2023-12-25
ESG,EQ,34.94,35.23,34.81,35.18,9795,2023-12-25
ESILVER,EQ,76.0,77.2,75.7,77.05,19389,2023-12-25
ESSARSHPNG,EQ,33.0,35.15,33.0,34.1,2073502,2023-12-25
ESSENTIA,EQ,6.35,6.45,6.25,6.3,11706633,2023-12-25
ESTER,EQ,88.0,89.95,86.85,88.3,153770,2023-12-25
ETHOSLTD,EQ,1899.1,1915.5,1864.15,1904.55,72647,2023-12-25
EUROTEXIND,EQ,13.1,13.4,12.4,13.1,17429,2023-12-25
EVEREADY,EQ,346.7,349.45,343.05,346.8,95674,2023-12-25
EVERESTIND,EQ,1232.5,1275.0,1221.9,1250.35,21706,2023-12-25
EXCELINDUS,EQ,913.0,938.05,913.0,928.65,82945,2023-12-25
EXIDEIND,EQ,295.4,297.7,290.5,293.35,2168051,2023-12-25
EXPLEOSOL,EQ,1297.85,1315.95,1289.0,1301.95,25304,2023-12-25
EXXARO,EQ,115.95,117.6,114.25,114.85,157878,2023-12-25
FACT,EQ,791.0,813.6,790.5,794.65,811734,2023-12-25
FAIRCHEMOR,EQ,1142.0,1160.0,1137.2,1158.05,11524,2023-12-25
FAZE3Q,EQ,447.25,447.25,436.0,440.2,16280,2023-12-25
FCL,EQ,350.9,357.8,344.0,349.85,269901,2023-12-25
FCSSOFT,EQ,4.4,4.45,4.05,4.25,30674466,2023-12-25
FDC,EQ,387.2,394.55,387.0,391.95,116227,2023-12-25
FEDERALBNK,EQ,154.8,156.5,153.25,154.0,10356668,2023-12-25
FEDFINA,EQ,142.3,143.05,140.1,141.05,614557,2023-12-25
FIBERWEB,EQ,32.55,35.0,32.45,34.2,284995,2023-12-25
FIEMIND,EQ,2053.1,2089.0,2030.0,2050.8,25364,2023-12-25
FILATEX,EQ,47.5,48.45,47.4,47.9,314652,2023-12-25
FINCABLES,EQ,1061.5,1079.0,1040.0,1053.55,166378,2023-12-25
FINEORG,EQ,4637.75,4655.55,4584.0,4599.95,70876,2023-12-25
FINIETF,EQ,22.64,22.64,22.0,22.23,364686,2023-12-25
FINOPB,EQ,255.15,263.0,254.4,255.85,207285,2023-12-25
FINPIPE,EQ,212.4,212.45,207.8,209.7,278728,2023-12-25
FIVESTAR,EQ,700.0,706.1,688.0,689.65,187208,2023-12-25
FLAIR,EQ,353.75,364.85,350.55,360.85,740677,2023-12-25
FLEXITUFF,EQ,51.3,55.0,49.3,53.2,78985,2023-12-25
FLUOROCHEM,EQ,3437.0,3615.95,3400.15,3569.05,395088,2023-12-25
FMCGIETF,EQ,566.89,571.49,564.18,570.25,10019,2023-12-25
FMGOETZE,EQ,363.0,376.95,361.0,368.2,371729,2023-12-25
FMNL,EQ,6.15,6.15,5.7,6.0,75939,2023-12-25
FOCUS,EQ,179.9,180.9,176.6,177.2,111337,2023-12-25
FOODSIN,EQ,165.7,170.0,162.55,163.8,618413,2023-12-25
FORTIS,EQ,394.05,395.95,386.65,390.7,1050433,2023-12-25
FOSECOIND,EQ,3964.8,4022.85,3802.0,3825.85,4826,2023-12-25
FSL,EQ,184.0,187.5,182.25,185.0,1729407,2023-12-25
FUSION,EQ,572.2,580.05,565.7,568.7,495093,2023-12-25
GABRIEL,EQ,403.95,413.0,400.6,403.6,162374,2023-12-25
GAEL,EQ,381.8,382.95,364.3,367.15,811072,2023-12-25
GAIL,EQ,142.0,153.15,141.1,151.5,84784192,2023-12-25
GALAXYSURF,EQ,2715.6,2732.8,2652.3,2686.9,12569,2023-12-25
GALLANTT,EQ,132.1,144.0,130.75,141.45,2915519,2023-12-25
GANDHAR,EQ,283.7,286.65,277.1,281.5,994618,2023-12-25
GANDHITUBE,EQ,735.65,742.0,722.45,739.45,9754,2023-12-25
GANECOS,EQ,981.4,995.45,972.15,984.55,29087,2023-12-25
GANESHBE,EQ,151.55,155.5,151.2,152.35,149947,2023-12-25
GANESHHOUC,EQ,393.8,401.7,385.35,387.95,47646,2023-12-25
GANGESSECU,EQ,125.15,130.95,123.85,126.7,6897,2023-12-25
GARFIBRES,EQ,3360.6,3388.0,3342.9,3374.75,6160,2023-12-25
GATECH,EQ,1.5,1.5,1.5,1.5,2026,2023-12-25
GATECHDVR,EQ,8.15,8.15,8.15,8.15,83945,2023-12-25
GATEWAY,EQ,100.15,103.3,99.0,100.6,1158324,2023-12-25
GEECEE,EQ,218.0,228.0,215.05,225.8,35628,2023-12-25
GENESYS,EQ,420.0,421.95,412.0,417.1,72465,2023-12-25
GENUSPAPER,EQ,19.45,19.55,18.85,19.1,511715,2023-12-25
GENUSPOWER,EQ,233.6,235.1,229.0,231.15,229956,2023-12-25
GEOJITFSL,EQ,79.4,81.0,78.15,79.25,1866942,2023-12-25
GEPIL,EQ,222.35,224.9,218.1,220.55,248944,2023-12-25
GESHIP,EQ,997.75,1042.3,992.8,1016.15,967974,2023-12-25
GFLLIMITED,EQ,97.0,101.85,96.75,99.95,195379,2023-12-25
GHCL,EQ,564.0,572.9,557.0,564.6,224021,2023-12-25
GHCLTEXTIL,EQ,70.45,70.8,68.4,68.9,401712,2023-12-25
GICHSGFIN,EQ,214.3,219.5,211.3,215.45,294157,2023-12-25
GICRE,EQ,311.7,319.0,307.0,314.15,1406486,2023-12-25
GILLANDERS,EQ,115.5,119.45,113.5,114.6,35596,2023-12-25
GILLETTE,EQ,6198.25,6210.8,6125.05,6140.8,4782,2023-12-25
GILT5YBEES,EQ,54.75,54.75,53.2,54.17,102782,2023-12-25
GINNIFILA,EQ,30.85,31.0,29.5,29.85,125171,2023-12-25
GIPCL,EQ,167.65,169.8,164.25,167.5,515004,2023-12-25
GLAND,EQ,1820.0,1948.0,1819.95,1867.4,921345,2023-12-25
GLAXO,EQ,1733.6,1760.0,1715.0,1754.05,96728,2023-12-25
GLENMARK,EQ,823.6,850.0,822.2,839.3,2088247,2023-12-25
GLFL,EQ,4.55,4.55,4.35,4.35,4824,2023-12-25
GLOBAL,EQ,314.4,316.3,305.05,308.75,81890,2023-12-25
GLOBALVECT,EQ,107.7,108.8,104.3,106.8,29307,2023-12-25
GLOBUSSPR,EQ,860.1,863.75,847.1,852.9,77558,2023-12-25
GLS,EQ,650.0,650.05,638.5,645.35,55553,2023-12-25
GMBREW,EQ,685.0,694.95,680.05,681.9,45227,2023-12-25
GMDCLTD,EQ,410.0,415.5,401.85,407.6,2578264,2023-12-25
GMMPFAUDLR,EQ,1621.0,1637.4,1580.05,1589.45,195118,2023-12-25
GMRINFRA,EQ,75.3,77.8,73.7,74.65,27907280,2023-12-25
GMRP&UI,EQ,54.0,55.35,52.1,52.95,11234742,2023-12-25
GNA,EQ,424.0,428.85,420.65,425.05,47197,2023-12-25
GNFC,EQ,730.0,738.95,726.05,731.2,437826,2023-12-25
GOACARBON,EQ,547.7,567.3,543.55,557.65,95654,2023-12-25
GOCLCORP,EQ,524.95,529.9,512.65,520.5,56695,2023-12-25
GOCOLORS,EQ,1299.0,1299.9,1272.35,1283.55,39231,2023-12-25
GODFRYPHLP,EQ,2117.7,2117.7,2075.0,2098.05,21569,2023-12-25
GODREJAGRO,EQ,554.0,558.15,544.05,547.7,103883,2023-12-25
GODREJCP,EQ,1076.15,1078.25,1065.05,1074.25,1348188,2023-12-25
GODREJIND,EQ,675.0,699.0,675.0,692.25,176718,2023-12-25
GODREJPROP,EQ,1962.0,1985.0,1937.55,1971.7,390055,2023-12-25
GOKEX,EQ,890.0,895.9,872.4,877.6,111935,2023-12-25
GOKUL,EQ,42.8,42.95,42.0,42.35,546913,2023-12-25
GOKULAGRO,EQ,121.0,123.7,120.0,120.6,158184,2023-12-25
GOLDBEES,EQ,54.45,54.45,51.25,53.19,5225643,2023-12-25
GOLDETF,EQ,63.27,63.27,62.49,62.89,52618,2023-12-25
GOLDIAM,EQ,174.25,179.75,170.0,178.1,1029626,2023-12-25
GOLDIETF,EQ,54.68,54.99,54.41,54.65,241595,2023-12-25
GOLDSHARE,EQ,54.65,54.65,53.15,53.35,120192,2023-12-25
GOODLUCK,EQ,925.0,968.0,925.0,934.6,191144,2023-12-25
GPIL,EQ,695.0,718.15,691.7,709.5,570217,2023-12-25
GPPL,EQ,145.5,147.95,144.5,146.7,989504,2023-12-25
GRANULES,EQ,387.0,394.0,382.8,385.8,1478727,2023-12-25
GRAPHITE,EQ,521.4,530.0,515.9,526.65,528295,2023-12-25
GRASIM,EQ,2089.0,2096.6,2034.9,2046.2,1002033,2023-12-25
GRAVITA,EQ,1039.0,1054.95,1032.05,1047.65,44637,2023-12-25
GREAVESCOT,EQ,136.3,137.4,134.5,135.15,846134,2023-12-25
GREENLAM,EQ,547.5,555.65,540.05,542.75,29540,2023-12-25
GREENPANEL,EQ,370.75,374.9,365.65,368.95,123652,2023-12-25
GREENPLY,EQ,236.0,236.5,228.65,229.85,797870,2023-12-25
GREENPOWER,EQ,23.0,23.2,22.2,22.35,11113201,2023-12-25
GRINDWELL,EQ,2163.6,2204.9,2163.6,2200.9,78912,2023-12-25
GRINFRA,EQ,1195.05,1222.0,1172.3,1190.4,39391,2023-12-25
GRMOVER,EQ,192.0,196.05,190.1,190.75,88306,2023-12-25
GROBTEA,EQ,925.9,947.4,913.3,935.45,617,2023-12-25
GRPLTD,EQ,4900.0,4900.0,4765.1,4809.8,155,2023-12-25
GRSE,EQ,821.8,834.7,813.25,819.65,424135,2023-12-25
GRWRHITECH,EQ,1338.85,1361.95,1319.2,1324.55,14530,2023-12-25
GSEC10IETF,EQ,222.0,222.9,221.93,221.93,9339,2023-12-25
GSEC10YEAR,EQ,25.4,25.61,24.9,25.26,1325,2023-12-25
GSEC5IETF,EQ,54.46,54.49,54.2,54.23,316,2023-12-25
GSFC,EQ,225.0,227.9,220.6,224.1,2978664,2023-12-25
GSLSU,EQ,178.8,183.75,178.0,182.0,312203,2023-12-25
GSPL,EQ,292.1,295.1,290.0,293.9,1397396,2023-12-25
GSS,EQ,192.1,194.35,190.0,191.4,11939,2023-12-25
GTLINFRA,EQ,1.4,1.5,1.4,1.4,223244940,2023-12-25
GTPL,EQ,178.45,194.7,178.25,191.7,567147,2023-12-25
GUFICBIO,EQ,327.0,343.95,320.1,322.8,671043,2023-12-25
GUJALKALI,EQ,745.25,776.8,742.75,751.45,242466,2023-12-25
GUJAPOLLO,EQ,238.95,238.95,226.25,228.05,45877,2023-12-25
GUJGASLTD,EQ,447.4,449.5,443.65,447.35,1201809,2023-12-25
GULFOILLUB,EQ,655.1,722.8,655.1,711.2,741044,2023-12-25
GULPOLY,EQ,211.4,214.3,208.55,211.05,58573,2023-12-25
HAL,EQ,2723.0,2727.0,2677.6,2703.7,1000294,2023-12-25
HAPPSTMNDS,EQ,919.8,923.0,901.8,916.65,429653,2023-12-25
HARDWYN,EQ,40.8,40.95,39.5,40.0,120338,2023-12-25
HARIOMPIPE,EQ,642.0,643.4,628.0,634.15,48684,2023-12-25
HARRMALAYA,EQ,173.9,193.8,173.9,191.25,1917355,2023-12-25
HARSHA,EQ,389.0,397.95,388.05,391.65,72901,2023-12-25
HATHWAY,EQ,21.85,22.3,21.5,22.05,15923408,2023-12-25
HATSUN,EQ,1111.8,1120.65,1090.05,1101.2,34641,2023-12-25
HAVELLS,EQ,1345.0,1355.95,1338.1,1351.8,592159,2023-12-25
HBLPOWER,EQ,444.15,449.9,435.65,443.3,1546790,2023-12-25
HCC,EQ,29.5,30.0,28.6,29.05,25797174,2023-12-25
HCG,EQ,364.95,370.7,364.9,367.7,48546,2023-12-25
HCL-INSYS,EQ,20.4,22.0,19.85,21.85,5809168,2023-12-25
HCLTECH,EQ,1431.0,1467.35,1423.0,1462.7,2303438,2023-12-25
HDFCAMC,EQ,3175.0,3229.95,3140.15,3221.5,414598,2023-12-25
HDFCBANK,EQ,1683.6,1685.9,1667.1,1670.85,24289425,2023-12-25
HDFCBSE500,EQ,30.9,30.9,29.9,30.15,12672,2023-12-25
HDFCGOLD,EQ,54.73,54.73,54.45,54.67,313943,2023-12-25
HDFCGROWTH,EQ,106.69,107.97,106.01,107.82,3323,2023-12-25
HDFCLIFE,EQ,646.0,649.0,637.1,639.85,2854029,2023-12-25
HDFCLIQUID,EQ,980.0,1000.01,980.0,999.99,669,2023-12-25
HDFCLOWVOL,EQ,16.79,16.99,16.74,16.97,15025,2023-12-25
HDFCMID150,EQ,17.15,17.15,16.64,16.74,202396,2023-12-25
HDFCMOMENT,EQ,26.83,27.45,26.76,26.99,23568,2023-12-25
HDFCNEXT50,EQ,53.4,53.4,51.89,52.16,2337,2023-12-25
HDFCNIF100,EQ,21.7,21.92,21.6,21.8,10004,2023-12-25
HDFCNIFBAN,EQ,484.96,487.38,479.52,480.4,4099,2023-12-25
HDFCNIFIT,EQ,355.26,363.24,353.59,362.5,102045,2023-12-25
HDFCNIFTY,EQ,234.75,239.7,232.01,233.27,84119,2023-12-25
HDFCPVTBAN,EQ,250.5,250.5,246.01,247.52,2480,2023-12-25
HDFCQUAL,EQ,49.75,49.75,48.84,49.44,2387,2023-12-25
HDFCSENSEX,EQ,780.01,790.0,780.01,785.04,894,2023-12-25
HDFCSILVER,EQ,73.31,73.7,73.22,73.48,84788,2023-12-25
HDFCSML250,EQ,141.25,143.25,137.3,139.48,183064,2023-12-25
HDFCVALUE,EQ,115.99,116.7,115.3,115.83,12912,2023-12-25
HEADSUP,EQ,13.9,15.45,13.9,15.05,222193,2023-12-25
HEALTHIETF,EQ,104.25,106.17,104.0,105.0,50517,2023-12-25
HEALTHY,EQ,10.4,10.54,10.4,10.49,302850,2023-12-25
HEG,EQ,1755.0,1784.25,1753.35,1763.9,165729,2023-12-25
HEIDELBERG,EQ,232.95,234.7,227.65,230.45,530098,2023-12-25
HEMIPROP,EQ,153.0,154.2,149.55,151.4,1050341,2023-12-25
HERANBA,EQ,362.3,372.3,362.3,365.2,131381,2023-12-25
HERCULES,EQ,345.9,348.75,335.25,337.3,51141,2023-12-25
HERITGFOOD,EQ,270.0,277.5,267.6,270.45,1984541,2023-12-25
HEROMOTOCO,EQ,3870.0,3944.0,3850.15,3935.7,573168,2023-12-25
HESTERBIO,EQ,1464.95,1472.0,1455.05,1465.9,2692,2023-12-25
HEUBACHIND,EQ,580.6,599.25,580.6,594.3,60043,2023-12-25
HEXATRADEX,EQ,154.5,158.95,153.25,156.0,16869,2023-12-25
HFCL,EQ,77.7,83.5,77.1,82.0,96176248,2023-12-25
HGINFRA,EQ,847.5,850.0,816.0,819.4,374174,2023-12-25
HGS,EQ,997.0,999.85,984.6,995.0,16950,2023-12-25
HIKAL,EQ,298.8,308.2,298.8,303.95,308709,2023-12-25
HIL,EQ,2837.75,2881.8,2798.35,2803.8,8469,2023-12-25
HILTON,EQ,137.4,137.4,132.0,133.4,48011,2023-12-25
HIMATSEIDE,EQ,171.1,173.45,168.5,170.5,377326,2023-12-25
HINDALCO,EQ,559.4,572.0,559.0,570.45,7865384,2023-12-25
HINDCOMPOS,EQ,444.0,450.0,431.05,440.15,9915,2023-12-25
HINDCON,EQ,61.0,63.95,59.35,63.95,2367939,2023-12-25
HINDCOPPER,EQ,218.0,232.0,217.85,226.6,47676684,2023-12-25
HINDMOTORS,EQ,16.5,16.75,16.2,16.3,468901,2023-12-25
HINDOILEXP,EQ,180.1,187.0,179.3,181.25,4074669,2023-12-25
HINDPETRO,EQ,375.6,375.6,364.0,369.3,8465677,2023-12-25
HINDUNILVR,EQ,2559.2,2579.75,2546.8,2575.6,1174984,2023-12-25
HINDWAREAP,EQ,505.0,512.9,500.0,511.45,67140,2023-12-25
HINDZINC,EQ,305.05,312.0,305.05,309.9,480182,2023-12-25
HIRECT,EQ,536.1,560.0,526.05,551.95,21006,2023-12-25
HISARMETAL,EQ,198.15,201.9,195.9,200.4,6963,2023-12-25
HITECH,EQ,99.15,103.15,99.1,99.95,1146815,2023-12-25
HITECHCORP,EQ,262.9,265.9,259.05,263.1,8531,2023-12-25
HITECHGEAR,EQ,458.45,466.95,455.0,459.45,8609,2023-12-25
HLEGLAS,EQ,533.95,538.95,527.4,532.0,41686,2023-12-25
HLVLTD,EQ,27.85,28.2,27.2,27.75,983092,2023-12-25
HMAAGRO,EQ,749.85,784.0,749.85,767.9,191536,2023-12-25
HMVL,EQ,94.0,94.0,90.65,92.1,146417,2023-12-25
HNDFDS,EQ,544.7,562.2,544.7,554.45,49240,2023-12-25
HNGSNGBEES,EQ,246.82,248.89,244.25,245.25,163751,2023-12-25
HOMEFIRST,EQ,991.8,1004.35,951.0,994.6,256338,2023-12-25
HONASA,EQ,410.05,443.75,410.05,425.3,3020835,2023-12-25
HONAUT,EQ,35400.0,35466.0,35025.0,35109.35,12352,2023-12-25
HONDAPOWER,EQ,2370.0,2398.55,2359.85,2371.2,4716,2023-12-25
HPAL,EQ,97.35,98.3,96.25,96.65,140703,2023-12-25
HPL,EQ,215.95,216.8,210.85,214.15,144776,2023-12-25
HSCL,EQ,281.55,288.0,280.15,286.55,1352146,2023-12-25
HTMEDIA,EQ,26.3,26.5,25.5,25.75,501702,2023-12-25
HUBTOWN,EQ,85.55,89.75,85.55,88.2,903472,2023-12-25
HUDCO,EQ,106.3,107.0,103.3,105.6,12018664,2023-12-25
HUHTAMAKI,EQ,292.4,293.05,286.1,287.85,258370,2023-12-25
IBREALEST,EQ,89.95,90.95,87.6,89.4,11421221,2023-12-25
IBULHSGFIN,EQ,212.45,215.1,206.0,210.2,16748841,2023-12-25
ICEMAKE,EQ,630.0,657.75,625.0,636.05,52635,2023-12-25
ICICIB22,EQ,89.0,89.0,87.32,88.59,750188,2023-12-25
ICICIBANK,EQ,1002.95,1009.55,991.6,994.3,20881976,2023-12-25
ICICIGI,EQ,1413.1,1428.2,1405.75,1422.6,230698,2023-12-25
ICICIPRULI,EQ,521.95,523.95,515.0,518.95,1417103,2023-12-25
ICIL,EQ,289.0,295.0,289.0,293.15,276787,2023-12-25
ICRA,EQ,5610.0,5610.0,5500.0,5571.5,2100,2023-12-25
IDBI,EQ,66.4,67.05,65.3,65.95,6959675,2023-12-25
IDEA,EQ,13.75,14.0,13.45,13.6,223855223,2023-12-25
IDEAFORGE,EQ,827.05,846.95,818.55,829.15,117176,2023-12-25
IDFC,EQ,124.35,124.85,123.25,124.2,4456830,2023-12-25
IDFCFIRSTB,EQ,88.6,89.45,88.0,88.45,22160259,2023-12-25
IDFNIFTYET,EQ,234.29,235.4,227.7,229.42,650,2023-12-25
IEX,EQ,148.1,154.5,146.9,152.55,15814245,2023-12-25
IFBAGRO,EQ,469.0,484.0,469.0,480.45,5970,2023-12-25
IFBIND,EQ,920.0,926.0,906.0,908.15,50837,2023-12-25
IFCI,EQ,28.6,28.95,27.85,28.4,20680515,2023-12-25
IFGLEXPOR,EQ,769.0,787.9,746.0,767.4,66565,2023-12-25
IGARASHI,EQ,508.45,526.45,508.45,516.6,47297,2023-12-25
IGL,EQ,404.95,409.3,402.6,408.05,1823456,2023-12-25
IGPL,EQ,464.0,466.0,449.65,457.0,47582,2023-12-25
IIFL,EQ,581.05,604.25,552.25,572.6,26092849,2023-12-25
IIFLSEC,EQ,139.0,140.7,134.4,137.4,995079,2023-12-25
IKIO,EQ,344.7,345.8,338.9,342.9,199223,2023-12-25
IMAGICAA,EQ,57.5,60.55,57.1,57.55,2969678,2023-12-25
IMFA,EQ,490.3,499.95,485.05,490.75,97783,2023-12-25
IMPAL,EQ,1060.0,1092.5,1040.0,1047.2,11615,2023-12-25
INDHOTEL,EQ,429.0,440.4,427.9,439.2,2628120,2023-12-25
INDIACEM,EQ,253.8,257.95,249.1,251.45,3473233,2023-12-25
INDIAGLYCO,EQ,740.7,749.95,732.55,740.35,126167,2023-12-25
INDIAMART,EQ,2763.0,2769.25,2696.05,2711.75,142476,2023-12-25
INDIANB,EQ,417.05,418.15,408.6,412.2,6563982,2023-12-25
INDIANCARD,EQ,277.95,279.9,270.25,273.25,10488,2023-12-25
INDIANHUME,EQ,254.9,257.8,248.5,250.9,40297,2023-12-25
INDIASHLTR,EQ,568.0,572.5,546.3,550.15,972313,2023-12-25
INDIGO,EQ,2900.0,2913.4,2847.35,2871.4,534098,2023-12-25
INDIGOPNTS,EQ,1454.8,1474.6,1452.95,1465.6,20243,2023-12-25
INDNIPPON,EQ,544.0,548.45,536.0,541.85,16364,2023-12-25
INDOAMIN,EQ,119.25,121.55,116.5,117.4,105431,2023-12-25
INDOBORAX,EQ,218.9,227.8,216.45,221.3,1508739,2023-12-25
INDOCO,EQ,395.65,412.55,394.85,400.05,398142,2023-12-25
INDORAMA,EQ,49.7,53.65,49.4,52.7,1668344,2023-12-25
INDOTHAI,EQ,228.6,235.3,228.6,229.65,1097,2023-12-25
INDSWFTLAB,EQ,92.9,99.3,92.6,97.0,998433,2023-12-25
INDTERRAIN,EQ,67.05,71.0,67.05,69.5,294039,2023-12-25
INDUSINDBK,EQ,1574.3,1591.1,1557.9,1562.35,2214206,2023-12-25
INDUSTOWER,EQ,187.3,189.2,182.35,185.8,10447967,2023-12-25
INFIBEAM,EQ,22.05,22.1,21.35,21.7,21249742,2023-12-25
INFOBEAN,EQ,470.0,473.1,455.8,460.3,31598,2023-12-25
INFRABEES,EQ,740.99,744.8,735.96,740.12,10191,2023-12-25
INFRAIETF,EQ,72.31,73.18,72.31,73.01,123293,2023-12-25
INFY,EQ,1534.95,1566.0,1523.0,1562.9,6741060,2023-12-25
INGERRAND,EQ,3105.05,3127.15,3075.0,3091.7,27615,2023-12-25
INOXGREEN,EQ,102.4,106.0,101.6,104.35,5627138,2023-12-25
INOXINDIA,EQ,945.0,959.9,906.6,910.65,4189118,2023-12-25
INOXWIND,EQ,455.55,475.95,437.05,453.25,3140956,2023-12-25
INSECTICID,EQ,674.4,698.0,664.6,691.8,62482,2023-12-25
INTELLECT,EQ,780.9,814.7,780.9,811.7,887892,2023-12-25
INTENTECH,EQ,102.3,105.0,101.85,103.3,164180,2023-12-25
INTLCONV,EQ,96.0,97.6,94.3,94.9,619947,2023-12-25
INVENTURE,EQ,2.65,2.7,2.6,2.65,2967905,2023-12-25
IOB,EQ,43.8,44.2,42.5,42.95,22120641,2023-12-25
IOC,EQ,124.25,125.0,122.1,123.7,12915880,2023-12-25
IOLCP,EQ,464.0,478.9,464.0,468.55,645704,2023-12-25
IONEXCHANG,EQ,615.0,624.95,596.55,602.0,193888,2023-12-25
IPCALAB,EQ,1069.0,1085.95,1058.45,1062.65,444857,2023-12-25
IPL,EQ,355.95,359.6,345.0,354.55,3282148,2023-12-25
IRB,EQ,42.0,42.65,41.1,41.65,28375867,2023-12-25
IRCON,EQ,168.75,168.75,164.15,166.6,9733098,2023-12-25
IRCTC,EQ,875.0,886.9,853.9,860.9,10046698,2023-12-25
IREDA,EQ,111.3,111.8,108.25,109.85,25157149,2023-12-25
IRFC,EQ,101.0,101.9,96.65,97.75,137646820,2023-12-25
IRIS,EQ,133.9,136.15,131.15,131.7,26981,2023-12-25
IRISDOREME,EQ,77.5,81.0,75.6,78.85,450142,2023-12-25
IRMENERGY,EQ,488.7,528.8,483.05,522.7,2020801,2023-12-25
ISEC,EQ,738.4,744.0,725.2,731.6,114990,2023-12-25
ISFT,EQ,125.35,125.35,121.8,122.5,10391,2023-12-25
ISGEC,EQ,938.55,945.0,922.35,928.8,49334,2023-12-25
ISMTLTD,EQ,92.0,94.5,90.7,92.15,594572,2023-12-25
ITBEES,EQ,37.0,37.85,36.77,37.7,5761095,2023-12-25
ITC,EQ,453.0,455.9,450.55,455.2,11026317,2023-12-25
ITDC,EQ,448.7,449.0,435.2,440.4,76791,2023-12-25
ITDCEM,EQ,285.65,286.2,277.25,281.35,524007,2023-12-25
ITETF,EQ,35.2,36.15,34.91,36.05,21754,2023-12-25
ITI,EQ,293.8,311.75,292.9,304.5,6913205,2023-12-25
ITIETF,EQ,36.8,37.71,36.7,37.59,2486434,2023-12-25
IVP,EQ,222.75,226.45,220.0,222.55,39937,2023-12-25
IVZINGOLD,EQ,5545.15,5570.95,5541.0,5565.35,164,2023-12-25
IVZINNIFTY,EQ,2378.3,2386.85,2368.3,2371.55,12,2023-12-25
J&KBANK,EQ,124.0,130.6,121.7,127.7,11726873,2023-12-25
JAGRAN,EQ,91.4,92.6,90.95,91.55,157143,2023-12-25
JAGSNPHARM,EQ,399.0,399.0,386.6,389.7,14156,2023-12-25
JAICORPLTD,EQ,367.0,375.8,356.0,369.0,1113577,2023-12-25
JAIPURKURT,EQ,65.25,66.5,65.0,66.0,15679,2023-12-25
JAMNAAUTO,EQ,106.2,108.9,106.2,108.0,1520255,2023-12-25
JASH,EQ,1496.95,1550.0,1480.0,1521.2,26652,2023-12-25
JAYAGROGN,EQ,250.15,254.6,246.85,247.85,20781,2023-12-25
JAYBARMARU,EQ,104.0,106.0,102.8,103.6,59476,2023-12-25
JAYNECOIND,EQ,48.0,48.0,46.85,47.4,294915,2023-12-25
JAYSREETEA,EQ,106.35,114.0,106.35,110.85,1415636,2023-12-25
JBCHEPHARM,EQ,1494.0,1631.0,1492.0,1618.85,1959915,2023-12-25
JBMA,EQ,1425.0,1475.0,1420.0,1439.1,130002,2023-12-25
JCHAC,EQ,1114.0,1134.0,1093.35,1130.7,21496,2023-12-25
JETFREIGHT,EQ,12.7,13.5,12.6,13.45,1000570,2023-12-25
JHS,EQ,25.5,26.8,25.4,25.8,177525,2023-12-25
JINDALPHOT,EQ,608.1,621.9,600.1,610.75,8383,2023-12-25
JINDALPOLY,EQ,632.45,635.0,618.55,621.65,21285,2023-12-25
JINDALSAW,EQ,417.8,428.75,411.15,424.4,1185313,2023-12-25
JINDALSTEL,EQ,710.15,730.5,707.2,726.4,2392981,2023-12-25
JINDRILL,EQ,788.4,788.45,760.8,770.95,60758,2023-12-25
JINDWORLD,EQ,307.3,313.15,301.8,305.5,35242,2023-12-25
JIOFIN,EQ,238.75,239.75,234.6,236.75,10871312,2023-12-25
JISLDVREQS,EQ,33.15,34.65,33.15,33.65,22616,2023-12-25
JISLJALEQS,EQ,63.75,64.85,63.05,63.65,2602082,2023-12-25
JKCEMENT,EQ,3849.5,3858.6,3774.3,3782.2,32692,2023-12-25
JKIL,EQ,493.0,498.8,486.55,494.6,254717,2023-12-25
JKLAKSHMI,EQ,864.0,874.2,856.0,870.05,77564,2023-12-25
JKPAPER,EQ,394.3,394.35,386.45,389.25,465147,2023-12-25
JKTYRE,EQ,384.8,388.4,380.05,383.3,2423219,2023-12-25
JLHL,EQ,1163.95,1164.9,1131.2,1147.8,38239,2023-12-25
JMA,EQ,81.75,82.0,79.65,80.05,18993,2023-12-25
JMFINANCIL,EQ,99.75,100.8,95.75,97.45,6843594,2023-12-25
JOCIL,EQ,230.0,242.75,229.05,234.8,81894,2023-12-25
JPASSOCIAT,EQ,20.3,21.4,20.25,21.1,25835862,2023-12-25
JPOLYINVST,EQ,644.0,644.0,620.05,625.3,12245,2023-12-25
JPPOWER,EQ,13.35,13.45,13.05,13.25,45664835,2023-12-25
JSL,EQ,546.85,552.8,539.15,549.1,1709121,2023-12-25
JSWENERGY,EQ,420.0,423.2,407.55,409.3,2209991,2023-12-25
JSWHL,EQ,5011.75,5086.9,4988.55,5052.2,2792,2023-12-25
JSWINFRA,EQ,216.9,221.65,214.0,220.5,4041864,2023-12-25
JSWSTEEL,EQ,845.0,857.55,843.1,855.3,1846933,2023-12-25
JTEKTINDIA,EQ,147.2,151.0,143.65,146.85,270925,2023-12-25
JTLIND,EQ,242.0,243.65,236.3,241.3,1738722,2023-12-25
JUBLFOOD,EQ,568.0,586.95,564.4,581.45,4247513,2023-12-25
JUBLINDS,EQ,622.0,640.1,610.95,613.8,26729,2023-12-25
JUBLINGREA,EQ,492.7,502.95,492.7,500.25,467032,2023-12-25
JUBLPHARMA,EQ,518.8,535.5,507.4,532.65,1033890,2023-12-25
JUNIORBEES,EQ,564.15,564.15,532.3,552.45,124029,2023-12-25
JUSTDIAL,EQ,778.4,802.0,778.4,787.35,187010,2023-12-25
JWL,EQ,324.0,329.4,317.1,323.7,1028879,2023-12-25
JYOTHYLAB,EQ,469.9,482.55,465.05,479.25,873485,2023-12-25
KABRAEXTRU,EQ,411.5,420.0,411.15,416.9,37090,2023-12-25
KAJARIACER,EQ,1359.1,1398.7,1359.1,1383.1,188128,2023-12-25
KAKATCEM,EQ,253.2,260.5,253.2,257.05,31637,2023-12-25
KALAMANDIR,EQ,268.25,278.6,267.4,277.5,598125,2023-12-25
KALYANKJIL,EQ,330.0,339.0,329.6,333.7,2134358,2023-12-25
KAMATHOTEL,EQ,287.0,287.5,272.45,277.55,88153,2023-12-25
KAMDHENU,EQ,283.7,297.0,282.15,291.2,348949,2023-12-25
KAMOPAINTS,EQ,163.9,177.65,157.8,177.05,2670436,2023-12-25
KANANIIND,EQ,7.7,7.7,7.3,7.5,465585,2023-12-25
KANORICHEM,EQ,134.55,139.2,132.5,135.35,100437,2023-12-25
KANPRPLA,EQ,119.15,120.0,117.3,118.7,7746,2023-12-25
KANSAINER,EQ,324.95,325.0,320.0,322.45,98323,2023-12-25
KARURVYSYA,EQ,164.35,168.0,162.95,167.0,2516749,2023-12-25
KAYA,EQ,320.6,321.25,316.3,318.2,12727,2023-12-25
KAYNES,EQ,2819.0,2862.75,2628.5,2743.5,259499,2023-12-25
KBCGLOBAL,EQ,2.05,2.05,2.0,2.0,7143065,2023-12-25
KCP,EQ,149.0,154.9,149.0,153.85,682563,2023-12-25
KDDL,EQ,2669.0,2722.0,2640.0,2681.15,8437,2023-12-25
KEC,EQ,600.95,604.95,595.0,598.75,136049,2023-12-25
KECL,EQ,114.25,114.45,110.0,111.35,238363,2023-12-25
KEI,EQ,2985.0,3076.0,2970.0,3056.65,250175,2023-12-25
KELLTONTEC,EQ,103.1,103.8,99.05,100.9,2344285,2023-12-25
KESORAMIND,EQ,167.5,168.25,166.0,167.05,764555,2023-12-25
KFINTECH,EQ,492.35,494.0,484.05,491.85,499598,2023-12-25
KHAICHEM,EQ,67.0,68.9,66.55,67.25,135935,2023-12-25
KHAITANLTD,EQ,62.8,62.8,54.05,57.3,7825,2023-12-25
KHANDSE,EQ,23.1,25.35,23.1,25.35,245934,2023-12-25
KICL,EQ,3180.0,3544.5,3160.95,3443.1,47132,2023-12-25
KIMS,EQ,1985.0,1997.55,1966.75,1979.5,22205,2023-12-25
KINGFA,EQ,2215.5,2273.55,2212.0,2231.5,3070,2023-12-25
KIOCL,EQ,369.95,384.55,365.4,377.65,420509,2023-12-25
KIRIINDUS,EQ,412.0,420.0,400.0,402.2,375474,2023-12-25
KIRLOSBROS,EQ,896.45,916.8,890.0,907.4,29432,2023-12-25
KIRLOSENG,EQ,656.35,662.0,643.35,659.35,519412,2023-12-25
KIRLOSIND,EQ,3403.85,3443.95,3321.0,3342.8,3379,2023-12-25
KIRLPNU,EQ,608.65,613.85,594.9,604.6,110453,2023-12-25
KITEX,EQ,229.75,229.75,223.55,226.25,97295,2023-12-25
KKCL,EQ,777.0,792.1,760.9,771.6,21656,2023-12-25
KMSUGAR,EQ,31.45,32.1,30.8,31.85,750641,2023-12-25
KNRCON,EQ,261.6,262.4,258.1,260.5,473561,2023-12-25
KOKUYOCMLN,EQ,149.45,152.8,146.05,148.45,50638,2023-12-25
KOLTEPATIL,EQ,488.0,494.5,474.0,482.85,150828,2023-12-25
KOPRAN,EQ,244.9,251.85,242.5,246.45,250017,2023-12-25
KOTAKALPHA,EQ,40.6,40.79,40.16,40.41,101277,2023-12-25
KOTAKBANK,EQ,1854.7,1879.65,1851.0,1860.5,3309295,2023-12-25
KOTAKBKETF,EQ,489.99,490.59,483.8,484.76,12836,2023-12-25
KOTAKCONS,EQ,92.75,93.57,91.8,93.56,5984,2023-12-25
KOTAKGOLD,EQ,53.48,53.48,53.12,53.36,202740,2023-12-25
KOTAKIT,EQ,37.0,37.45,36.06,37.4,59489,2023-12-25
KOTAKLIQ,EQ,1000.0,1000.0,1000.0,1000.0,25,2023-12-25
KOTAKLOVOL,EQ,17.42,17.42,16.98,17.18,3887,2023-12-25
KOTAKMID50,EQ,129.76,130.99,129.06,130.15,17207,2023-12-25
KOTAKMNC,EQ,23.57,23.78,23.57,23.75,14237,2023-12-25
KOTAKNIFTY,EQ,230.45,230.45,228.14,229.17,19031,2023-12-25
KOTAKNV20,EQ,128.99,129.5,127.51,129.38,23069,2023-12-25
KOTAKPSUBK,EQ,562.02,563.25,552.57,557.31,9130,2023-12-25
KOTAKSILVE,EQ,74.08,74.35,73.86,74.2,35615,2023-12-25
KOTARISUG,EQ,52.8,53.85,51.75,52.35,106344,2023-12-25
KOTHARIPET,EQ,151.0,156.0,143.7,147.55,132570,2023-12-25
KOTHARIPRO,EQ,126.3,126.3,123.0,123.95,8302,2023-12-25
KPIGREEN,EQ,1340.0,1360.0,1302.0,1342.4,448798,2023-12-25
KPIL,EQ,636.0,643.65,628.85,631.15,233145,2023-12-25
KPITTECH,EQ,1526.35,1545.9,1511.4,1539.35,1501194,2023-12-25
KPRMILL,EQ,842.65,848.9,817.85,833.25,203391,2023-12-25
KRBL,EQ,345.0,356.8,345.0,353.9,233774,2023-12-25
KREBSBIO,EQ,78.35,79.7,78.35,79.4,9965,2023-12-25
KRISHANA,EQ,249.0,256.45,247.9,249.55,143971,2023-12-25
KRITI,EQ,113.3,116.0,110.45,112.75,85610,2023-12-25
KRITINUT,EQ,85.05,91.3,84.65,87.55,171127,2023-12-25
KRSNAA,EQ,749.9,757.95,710.1,727.2,93243,2023-12-25
KSB,EQ,3457.9,3496.35,3428.85,3469.05,71751,2023-12-25
KSCL,EQ,613.25,626.45,609.3,611.4,71805,2023-12-25
KSL,EQ,435.15,435.2,428.0,430.45,193217,2023-12-25
KSOLVES,EQ,1229.7,1249.4,1195.0,1232.7,85179,2023-12-25
KTKBANK,EQ,234.7,239.45,233.6,237.85,987566,2023-12-25
KUANTUM,EQ,172.7,175.7,170.0,172.6,91192,2023-12-25
L&TFH,EQ,152.3,154.7,151.15,152.8,5456624,2023-12-25
LAGNAM,EQ,84.9,84.9,82.05,83.2,7980,2023-12-25
LAL,EQ,241.9,261.0,236.0,243.65,2773,2023-12-25
LALPATHLAB,EQ,2600.9,2658.35,2555.4,2596.5,531342,2023-12-25
LAMBODHARA,EQ,163.05,165.6,162.0,162.65,15476,2023-12-25
LANDMARK,EQ,793.4,817.3,790.2,811.3,190528,2023-12-25
LAOPALA,EQ,400.0,403.45,388.0,391.15,164640,2023-12-25
LASA,EQ,27.55,28.75,27.5,27.8,62032,2023-12-25
LATENTVIEW,EQ,463.65,467.2,450.0,457.3,848138,2023-12-25
LATTEYS,EQ,31.8,32.05,29.2,29.9,93015,2023-12-25
LAURUSLABS,EQ,397.15,422.0,397.15,414.55,9517787,2023-12-25
LAXMICOT,EQ,22.55,26.0,22.05,24.4,415990,2023-12-25
LAXMIMACH,EQ,13420.1,13571.0,13221.45,13316.65,19682,2023-12-25
LCCINFOTEC,EQ,2.4,2.4,2.3,2.4,155509,2023-12-25
LEMONTREE,EQ,118.6,122.35,118.5,121.45,7591836,2023-12-25
LEXUS,EQ,49.2,54.4,48.1,51.35,2389223,2023-12-25
LFIC,EQ,172.3,203.1,165.05,203.1,484010,2023-12-25
LGBBROSLTD,EQ,1316.75,1333.2,1300.35,1312.0,17066,2023-12-25
LGBFORGE,EQ,12.5,12.95,12.1,12.7,950560,2023-12-25
LIBAS,EQ,18.0,18.45,17.55,17.8,393012,2023-12-25
LIBERTSHOE,EQ,282.0,285.45,279.8,280.8,52380,2023-12-25
LICHSGFIN,EQ,523.95,524.4,512.65,517.3,851386,2023-12-25
LICI,EQ,807.0,821.0,788.85,792.8,10836454,2023-12-25
LICMFGOLD,EQ,5730.7,5735.0,5672.0,5720.35,213,2023-12-25
LICNETFGSC,EQ,24.62,24.62,24.35,24.4,50585,2023-12-25
LICNETFN50,EQ,231.15,233.2,231.0,232.76,96,2023-12-25
LICNETFSEN,EQ,775.39,800.0,745.0,785.41,234,2023-12-25
LICNFNHGP,EQ,227.49,232.98,225.91,228.93,5147,2023-12-25
LIKHITHA,EQ,281.3,286.55,280.0,281.9,114071,2023-12-25
LINC,EQ,678.5,683.9,666.0,669.6,7086,2023-12-25
LINCOLN,EQ,612.4,638.4,612.4,620.15,100015,2023-12-25
LINDEINDIA,EQ,5770.0,5770.0,5621.0,5720.4,27401,2023-12-25
LIQUID,EQ,999.99,1000.0,999.99,999.99,108446,2023-12-25
LIQUIDBEES,EQ,1004.65,1004.65,999.99,1000.0,2347923,2023-12-25
LIQUIDETF,EQ,1000.0,1000.01,999.99,999.99,207152,2023-12-25
LIQUIDIETF,EQ,999.99,1000.25,999.99,1000.0,365417,2023-12-25
LIQUIDSBI,EQ,1000.01,1000.01,999.99,999.99,377,2023-12-25
LLOYDSME,EQ,608.0,631.95,607.0,616.25,287532,2023-12-25
LODHA,EQ,927.95,950.95,921.55,937.2,764884,2023-12-25
LOKESHMACH,EQ,377.0,381.7,362.0,374.2,263230,2023-12-25
LORDSCHLO,EQ,171.5,175.2,167.85,170.3,13305,2023-12-25
LOTUSEYE,EQ,87.95,87.95,83.0,83.3,13756,2023-12-25
LOVABLE,EQ,147.95,156.0,145.1,153.4,106673,2023-12-25
LOWVOL,EQ,168.0,169.04,168.0,169.01,324,2023-12-25
LOWVOLIETF,EQ,185.7,185.7,180.29,181.93,192734,2023-12-25
LOYALTEX,EQ,658.6,695.0,651.75,675.1,665,2023-12-25
LT,EQ,3424.0,3496.0,3408.6,3477.95,1681707,2023-12-25
LTFOODS,EQ,206.0,208.8,198.65,200.65,1408500,2023-12-25
LTGILTBEES,EQ,24.82,24.82,24.77,24.78,1693323,2023-12-25
LTIM,EQ,6186.95,6240.0,6108.0,6229.1,540467,2023-12-25
LTTS,EQ,5178.0,5246.95,5123.85,5204.55,148323,2023-12-25
LUMAXIND,EQ,2486.0,2538.0,2472.6,2496.1,5468,2023-12-25
LUMAXTECH,EQ,382.0,386.1,379.0,384.25,81006,2023-12-25
LUPIN,EQ,1260.55,1285.0,1252.55,1265.1,864378,2023-12-25
LUXIND,EQ,1332.0,1335.0,1315.0,1321.85,40707,2023-12-25
LXCHEM,EQ,278.3,282.8,276.3,278.6,724881,2023-12-25
LYPSAGEMS,EQ,7.35,8.0,7.25,7.3,1215811,2023-12-25
M&M,EQ,1630.0,1652.0,1622.75,1634.25,2751274,2023-12-25
M&MFIN,EQ,272.0,274.95,265.7,267.4,3991212,2023-12-25
MAANALU,EQ,128.85,132.7,128.0,130.45,123866,2023-12-25
MADHAV,EQ,54.05,55.15,52.55,53.2,16308,2023-12-25
MADRASFERT,EQ,102.25,108.2,102.05,106.2,4144975,2023-12-25
MAFANG,EQ,72.99,72.99,72.18,72.5,363475,2023-12-25
MAGADSUGAR,EQ,668.45,681.95,656.95,667.95,19480,2023-12-25
MAGNUM,EQ,48.9,48.95,47.7,48.45,24724,2023-12-25
MAHABANK,EQ,45.9,46.2,45.05,45.6,15719910,2023-12-25
MAHAPEXLTD,EQ,142.5,142.5,138.15,139.25,3480,2023-12-25
MAHASTEEL,EQ,82.65,84.1,81.85,83.55,32709,2023-12-25
MAHEPC,EQ,118.55,121.5,118.55,119.9,40417,2023-12-25
MAHESHWARI,EQ,82.95,90.0,82.6,85.5,433099,2023-12-25
MAHKTECH,EQ,13.55,13.65,13.28,13.54,1782839,2023-12-25
MAHLIFE,EQ,521.0,536.0,521.0,532.35,106336,2023-12-25
MAHLOG,EQ,390.95,394.55,386.0,389.05,356194,2023-12-25
MAHSCOOTER,EQ,7586.35,7734.25,7560.25,7596.55,6326,2023-12-25
MAHSEAMLES,EQ,929.95,944.0,914.1,930.55,122967,2023-12-25
MAITHANALL,EQ,1126.0,1173.9,1126.0,1150.75,100433,2023-12-25
MAKEINDIA,EQ,107.68,108.43,107.34,108.19,10200,2023-12-25
MALLCOM,EQ,1110.0,1168.0,1098.0,1103.1,53465,2023-12-25
MALUPAPER,EQ,39.45,40.45,38.8,39.3,54507,2023-12-25
MANAKALUCO,EQ,24.6,24.65,23.5,23.9,116941,2023-12-25
MANAKSIA,EQ,132.95,133.4,130.0,130.9,74310,2023-12-25
MANAKSTEEL,EQ,45.75,45.9,44.5,44.8,78014,2023-12-25
MANALIPETC,EQ,83.05,84.65,79.75,80.6,2766335,2023-12-25
MANAPPURAM,EQ,170.65,177.55,170.65,176.65,15840218,2023-12-25
MANGALAM,EQ,97.0,99.75,97.0,98.55,23199,2023-12-25
MANGCHEFER,EQ,120.5,125.95,119.75,122.15,666802,2023-12-25
MANGLMCEM,EQ,673.8,721.5,668.05,697.75,1109933,2023-12-25
MANINDS,EQ,254.9,262.8,248.05,251.1,521893,2023-12-25
MANINFRA,EQ,197.7,204.5,197.7,202.55,957359,2023-12-25
MANKIND,EQ,1919.0,1938.85,1893.0,1933.3,206448,2023-12-25
MANOMAY,EQ,173.8,177.0,171.2,174.1,24517,2023-12-25
MANORAMA,EQ,1853.05,1894.95,1840.8,1849.9,4889,2023-12-25
MANORG,EQ,370.2,372.45,364.45,365.15,9871,2023-12-25
MANYAVAR,EQ,1307.9,1309.9,1251.8,1278.35,171175,2023-12-25
MAPMYINDIA,EQ,2057.0,2057.9,1987.0,2017.1,89994,2023-12-25
MARALOVER,EQ,71.15,73.4,69.4,70.25,59080,2023-12-25
MARATHON,EQ,419.7,429.65,404.55,417.8,64151,2023-12-25
MARICO,EQ,526.9,529.85,520.85,522.85,2168308,2023-12-25
MARKSANS,EQ,160.05,161.95,157.0,160.05,1049160,2023-12-25
MARSHALL,EQ,48.35,49.0,47.05,47.55,183717,2023-12-25
MARUTI,EQ,10050.0,10318.3,10030.0,10217.15,652545,2023-12-25
MASFIN,EQ,895.0,899.9,870.05,876.2,54257,2023-12-25
MASPTOP50,EQ,34.84,35.19,34.84,35.05,103102,2023-12-25
MASTEK,EQ,2810.0,2820.0,2732.0,2804.75,75471,2023-12-25
MATRIMONY,EQ,539.1,543.0,535.5,540.2,20354,2023-12-25
MAWANASUG,EQ,97.05,97.3,95.0,96.05,98023,2023-12-25
MAXESTATES,EQ,323.5,326.7,315.15,324.45,87430,2023-12-25
MAXHEALTH,EQ,656.7,656.7,636.05,648.9,1114675,2023-12-25
MAXIND,EQ,142.5,147.0,140.55,145.0,64931,2023-12-25
MAYURUNIQ,EQ,534.0,541.95,533.45,539.15,24279,2023-12-25
MAZDA,EQ,1253.45,1270.05,1241.1,1255.5,5819,2023-12-25
MAZDOCK,EQ,2135.0,2139.0,2090.05,2121.4,636683,2023-12-25
MBAPL,EQ,295.0,303.95,295.0,296.15,24196,2023-12-25
MCDOWELL-N,EQ,1061.0,1084.5,1061.0,1076.0,624137,2023-12-25
MCL,EQ,32.7,33.55,31.9,33.4,69385,2023-12-25
MCLEODRUSS,EQ,30.0,30.9,29.45,30.2,2423287,2023-12-25
MCX,EQ,3250.05,3256.3,3140.0,3163.85,579036,2023-12-25
MEDANTA,EQ,938.3,977.7,938.3,973.85,450388,2023-12-25
MEDICAMEQ,EQ,564.2,574.3,552.0,555.9,31099,2023-12-25
MEDICO,EQ,85.05,89.35,85.05,88.2,559790,2023-12-25
MEDPLUS,EQ,746.4,749.05,717.3,726.55,324042,2023-12-25
MEGASTAR,EQ,360.0,368.55,357.0,363.2,11821,2023-12-25
MENONBE,EQ,132.8,134.85,131.0,132.05,97790,2023-12-25
MEP,EQ,16.1,16.75,15.9,16.05,2155661,2023-12-25
METROBRAND,EQ,1327.45,1327.5,1279.0,1299.6,133970,2023-12-25
METROPOLIS,EQ,1710.05,1754.85,1690.95,1714.55,1077271,2023-12-25
MFSL,EQ,942.9,949.8,929.7,939.35,294691,2023-12-25
MGEL,EQ,17.0,17.3,16.05,16.85,128589,2023-12-25
MGL,EQ,1203.0,1203.0,1184.4,1194.7,358185,2023-12-25
MHRIL,EQ,360.05,368.35,358.15,366.2,291160,2023-12-25
MID150BEES,EQ,171.99,172.0,169.63,170.92,183528,2023-12-25
MIDCAPETF,EQ,17.2,17.2,16.69,16.87,577967,2023-12-25
MIDCAPIETF,EQ,170.87,171.35,169.35,170.65,50556,2023-12-25
MIDHANI,EQ,398.8,407.5,395.6,401.45,501637,2023-12-25
MIDSELIETF,EQ,138.3,138.3,136.19,136.98,45632,2023-12-25
MINDACORP,EQ,384.0,388.0,381.0,384.0,323404,2023-12-25
MINDTECK,EQ,236.0,253.05,230.85,246.1,219069,2023-12-25
MIRZAINT,EQ,46.1,47.55,46.05,47.35,616411,2023-12-25
MITCON,EQ,96.0,96.0,91.0,92.1,15971,2023-12-25
MITTAL,EQ,2.0,2.05,2.0,2.0,3454206,2023-12-25
MKPL,EQ,83.9,85.15,79.9,81.2,1956755,2023-12-25
MMFL,EQ,1025.0,1035.0,1001.0,1023.6,72009,2023-12-25
MMP,EQ,198.0,219.9,194.8,200.15,80756,2023-12-25
MMTC,EQ,58.0,59.55,57.85,58.7,3330984,2023-12-25
MODISONLTD,EQ,136.0,136.0,129.7,132.2,106624,2023-12-25
MOGSEC,EQ,53.94,53.95,53.86,53.94,20779,2023-12-25
MOHEALTH,EQ,30.76,31.02,30.62,30.83,13301,2023-12-25
MOHITIND,EQ,17.0,17.2,16.6,16.75,12613,2023-12-25
MOIL,EQ,310.0,314.4,302.9,306.3,3149337,2023-12-25
MOL,EQ,78.2,81.0,78.05,80.4,1154647,2023-12-25
MOLDTECH,EQ,273.5,281.5,264.2,269.45,185261,2023-12-25
MOLDTKPAC,EQ,865.2,887.85,865.2,873.5,66256,2023-12-25
MOLOWVOL,EQ,31.96,31.96,31.12,31.41,2887,2023-12-25
MOM100,EQ,48.45,49.45,47.51,48.02,353171,2023-12-25
MOM30IETF,EQ,27.72,27.72,27.04,27.23,349776,2023-12-25
MOM50,EQ,215.3,217.5,210.65,215.81,2648,2023-12-25
MOMENTUM,EQ,27.52,27.52,26.87,27.16,87593,2023-12-25
MOMOMENTUM,EQ,54.02,54.95,53.68,54.51,35050,2023-12-25
MON100,EQ,138.95,138.95,135.01,135.29,333930,2023-12-25
MONARCH,EQ,439.9,448.0,436.6,444.05,377738,2023-12-25
MONIFTY500,EQ,19.25,19.25,19.04,19.06,95232,2023-12-25
MONQ50,EQ,56.99,57.28,56.11,56.63,18054,2023-12-25
MONTECARLO,EQ,679.55,695.0,679.5,689.5,25367,2023-12-25
MOQUALITY,EQ,155.0,156.52,151.74,155.18,34,2023-12-25
MORARJEE,EQ,22.75,24.2,21.95,22.7,151929,2023-12-25
MOREPENLAB,EQ,48.85,50.6,48.25,49.25,19652837,2023-12-25
MOTHERSON,EQ,95.1,95.2,93.8,94.8,7582197,2023-12-25
MOTILALOFS,EQ,1280.0,1284.2,1261.0,1266.45,124633,2023-12-25
MOVALUE,EQ,77.6,77.88,76.44,77.16,28286,2023-12-25
MPHASIS,EQ,2660.0,2764.2,2636.0,2738.4,581801,2023-12-25
MPSLTD,EQ,1720.05,1737.0,1701.05,1723.1,7425,2023-12-25
MRF,EQ,119660.0,120699.95,117900.05,119544.3,12705,2023-12-25
MRO-TEK,EQ,59.0,59.0,57.2,58.3,8025,2023-12-25
MRPL,EQ,125.4,133.4,125.4,129.95,7379967,2023-12-25
MSTCLTD,EQ,553.8,575.0,547.65,568.0,2613157,2023-12-25
MSUMI,EQ,60.3,62.0,60.2,61.45,5859591,2023-12-25
MTARTECH,EQ,2249.0,2269.75,2231.0,2236.65,147619,2023-12-25
MTNL,EQ,32.9,33.8,32.3,32.65,10349229,2023-12-25
MUFIN,EQ,166.95,171.95,166.9,171.8,479940,2023-12-25
MUKANDLTD,EQ,175.95,198.0,175.15,195.75,3140623,2023-12-25
MUNJALAU,EQ,80.8,81.9,79.2,80.7,228158,2023-12-25
MUNJALSHOW,EQ,134.95,138.5,134.95,136.55,83212,2023-12-25
MUTHOOTCAP,EQ,391.5,404.0,385.15,387.0,83086,2023-12-25
MUTHOOTFIN,EQ,1457.0,1479.0,1455.0,1475.1,117221,2023-12-25
MVGJL,EQ,331.65,337.75,325.75,328.7,84246,2023-12-25
NACLIND,EQ,74.3,75.25,73.75,74.05,96342,2023-12-25
NAGAFERT,EQ,11.45,11.65,11.05,11.2,4707876,2023-12-25
NAHARCAP,EQ,290.0,302.65,290.0,296.15,12669,2023-12-25
NAHARINDUS,EQ,129.2,130.9,127.25,130.05,34634,2023-12-25
NAHARPOLY,EQ,221.55,225.9,216.65,225.45,19773,2023-12-25
NAHARSPING,EQ,284.55,286.85,272.25,279.5,47407,2023-12-25
NAM-INDIA,EQ,457.45,459.55,444.7,455.3,968681,2023-12-25
NARMADA,EQ,19.95,22.5,19.95,21.85,220844,2023-12-25
NATCOPHARM,EQ,786.9,813.0,783.05,792.2,1285219,2023-12-25
NATHBIOGEN,EQ,202.25,215.0,202.25,209.85,171111,2023-12-25
NATIONALUM,EQ,112.45,117.8,112.45,115.1,71397320,2023-12-25
NAUKRI,EQ,5055.2,5088.0,4966.55,5006.5,306931,2023-12-25
NAVA,EQ,457.0,463.65,450.8,456.1,311802,2023-12-25
NAVINFLUOR,EQ,3762.0,3817.0,3737.65,3763.5,174458,2023-12-25
NAVINIFTY,EQ,212.8,214.82,212.8,212.99,577,2023-12-25
NAVKARCORP,EQ,107.9,107.9,103.0,104.25,2892930,2023-12-25
NAVNETEDUL,EQ,145.3,147.45,141.8,142.55,300273,2023-12-25
NAZARA,EQ,882.8,887.95,870.0,875.75,336368,2023-12-25
NBCC,EQ,78.65,78.85,76.8,78.4,10217786,2023-12-25
NBIFIN,EQ,1918.8,1918.8,1820.75,1858.75,395,2023-12-25
NCC,EQ,164.0,165.5,162.3,164.0,2835805,2023-12-25
NCLIND,EQ,221.2,228.4,221.2,226.95,190232,2023-12-25
NDLVENTURE,EQ,143.0,149.0,143.0,148.05,6012,2023-12-25
NDTV,EQ,266.5,270.8,262.55,267.15,544367,2023-12-25
NECLIFE,EQ,34.65,34.85,32.95,33.65,3227810,2023-12-25
NELCAST,EQ,162.05,166.55,161.3,165.35,147108,2023-12-25
NELCO,EQ,816.9,818.9,796.5,802.85,96078,2023-12-25
NEOGEN,EQ,1500.0,1502.25,1470.0,1474.6,32418,2023-12-25
NESCO,EQ,865.0,887.95,859.6,863.2,106424,2023-12-25
NESTLEIND,EQ,25240.0,25409.95,25100.0,25368.45,88828,2023-12-25
NETF,EQ,223.97,226.17,223.97,225.46,779,2023-12-25
NETWEB,EQ,1205.0,1237.95,1193.0,1220.7,185126,2023-12-25
NETWORK18,EQ,86.15,87.3,84.8,86.1,3116726,2023-12-25
NEULANDLAB,EQ,5128.05,5185.5,5081.5,5115.5,14863,2023-12-25
NEXT50,EQ,537.85,537.85,522.73,526.18,5235,2023-12-25
NEXT50IETF,EQ,54.85,54.85,52.61,53.86,146443,2023-12-25
NFL,EQ,80.8,84.9,80.65,84.25,18766643,2023-12-25
NGIL,EQ,42.45,44.9,40.5,43.2,240514,2023-12-25
NGLFINE,EQ,1959.9,1970.0,1932.65,1960.95,1911,2023-12-25
NH,EQ,1165.9,1180.5,1160.7,1175.5,139471,2023-12-25
NHPC,EQ,64.2,65.35,63.2,64.7,25544220,2023-12-25
NIACL,EQ,219.7,223.0,214.2,217.55,1018764,2023-12-25
NIBL,EQ,46.9,49.15,45.2,46.7,57285,2023-12-25
NIF100BEES,EQ,229.7,229.7,223.17,224.83,7193,2023-12-25
NIF100IETF,EQ,235.11,236.49,234.68,235.45,28501,2023-12-25
NIFMID150,EQ,166.15,167.51,165.84,166.77,2942,2023-12-25
NIFTYBEES,EQ,235.99,236.35,232.01,235.5,2920568,2023-12-25
NIFTYETF,EQ,231.2,231.2,224.02,225.14,13610,2023-12-25
NIFTYIETF,EQ,233.65,235.0,233.06,234.78,145759,2023-12-25
NIFTYQLITY,EQ,18.6,18.6,18.01,18.25,194061,2023-12-25
NIITLTD,EQ,116.95,119.2,115.55,116.45,1070852,2023-12-25
NIITMTS,EQ,426.0,439.0,425.9,435.45,200406,2023-12-25
NILAINFRA,EQ,7.55,8.0,7.5,7.85,950543,2023-12-25
NILKAMAL,EQ,2243.4,2253.95,2220.1,2225.5,2727,2023-12-25
NINSYS,EQ,561.4,589.45,554.05,589.45,8450,2023-12-25
NIRAJ,EQ,43.1,45.05,42.6,43.0,52858,2023-12-25
NITINSPIN,EQ,339.0,341.4,331.2,337.75,237219,2023-12-25
NLCINDIA,EQ,211.4,227.5,211.35,223.9,16761533,2023-12-25
NMDC,EQ,196.45,197.35,191.75,195.4,13696123,2023-12-25
NOCIL,EQ,260.0,269.0,260.0,263.55,1187604,2023-12-25
NPBET,EQ,254.0,254.0,249.04,250.13,918,2023-12-25
NRAIL,EQ,405.95,424.85,405.95,409.0,31012,2023-12-25
NRBBEARING,EQ,283.85,290.45,283.85,288.5,101549,2023-12-25
NRL,EQ,90.8,91.85,90.3,90.85,19383,2023-12-25
NSIL,EQ,3083.7,3339.0,3064.05,3273.8,15003,2023-12-25
NSLNISP,EQ,50.5,51.5,49.75,50.9,6135960,2023-12-25
NTPC,EQ,304.0,308.95,299.6,302.8,15207726,2023-12-25
NURECA,EQ,418.4,433.0,411.0,415.25,399251,2023-12-25
NUVAMA,EQ,3680.0,3700.95,3566.05,3622.35,37525,2023-12-25
NUVOCO,EQ,378.0,387.7,372.55,374.9,472261,2023-12-25
NV20BEES,EQ,128.93,130.07,128.4,130.01,7381,2023-12-25
NV20IETF,EQ,128.75,128.75,125.01,126.87,154472,2023-12-25
NYKAA,EQ,167.5,174.0,167.5,172.7,4302526,2023-12-25
OAL,EQ,350.85,352.5,344.8,345.95,13372,2023-12-25
OBCL,EQ,64.45,64.45,61.0,61.4,77857,2023-12-25
OBEROIRLTY,EQ,1395.1,1411.95,1380.55,1407.05,325547,2023-12-25
OCCL,EQ,777.7,808.0,777.7,788.25,12483,2023-12-25
OFSS,EQ,4220.0,4234.95,4151.0,4212.15,74717,2023-12-25
OIL,EQ,383.5,383.9,365.1,373.25,7136807,2023-12-25
OILCOUNTUB,EQ,25.55,26.8,25.55,26.8,43461,2023-12-25
OLECTRA,EQ,1240.1,1247.35,1222.0,1229.1,347220,2023-12-25
OMAXAUTO,EQ,64.9,66.35,64.3,64.65,68390,2023-12-25
OMAXE,EQ,74.9,77.55,74.0,77.55,511664,2023-12-25
ONEPOINT,EQ,48.95,50.15,48.75,49.25,360905,2023-12-25
ONGC,EQ,204.0,204.5,201.8,203.95,9910694,2023-12-25
ONMOBILE,EQ,107.5,107.7,104.9,106.05,438260,2023-12-25
ONWARDTEC,EQ,654.95,654.95,626.75,634.7,1254641,2023-12-25
OPTIEMUS,EQ,323.9,327.95,318.0,323.1,145658,2023-12-25
ORBTEXP,EQ,179.0,181.4,177.35,179.55,8244,2023-12-25
ORCHPHARMA,EQ,716.95,733.2,689.55,694.9,401811,2023-12-25
ORICONENT,EQ,30.85,31.55,30.5,31.0,136855,2023-12-25
ORIENTALTL,EQ,10.0,10.0,9.65,9.95,386671,2023-12-25
ORIENTBELL,EQ,400.0,406.0,399.5,400.25,26968,2023-12-25
ORIENTCEM,EQ,244.15,245.5,238.4,241.8,283346,2023-12-25
ORIENTCER,EQ,54.4,54.7,52.5,53.35,101093,2023-12-25
ORIENTELEC,EQ,229.9,234.95,229.0,230.95,474120,2023-12-25
ORIENTHOT,EQ,121.5,124.0,120.9,122.1,335955,2023-12-25
ORIENTLTD,EQ,75.05,79.25,75.05,78.6,8664,2023-12-25
ORIENTPPR,EQ,43.5,43.7,42.5,42.9,1127511,2023-12-25
ORISSAMINE,EQ,7270.0,7380.0,7212.0,7243.2,13448,2023-12-25
ORTINLAB,EQ,26.35,26.35,24.7,24.7,598508,2023-12-25
OSIAHYPER,EQ,48.6,49.15,46.15,47.25,1297174,2023-12-25
OSWALAGRO,EQ,33.8,34.1,33.2,33.55,136118,2023-12-25
OSWALGREEN,EQ,25.5,25.85,25.15,25.25,250268,2023-12-25
OSWALSEEDS,EQ,61.8,61.8,59.9,60.45,43343,2023-12-25
PAGEIND,EQ,37480.0,37777.0,37181.85,37612.25,20574,2023-12-25
PAISALO,EQ,95.1,96.6,93.4,95.8,1720254,2023-12-25
PAKKA,EQ,232.7,235.95,231.25,232.6,60731,2023-12-25
PALREDTEC,EQ,177.0,180.45,174.15,177.55,45320,2023-12-25
PANACEABIO,EQ,164.7,165.3,155.0,158.85,348978,2023-12-25
PANAMAPET,EQ,330.1,335.4,326.15,330.7,186364,2023-12-25
PANSARI,EQ,90.4,90.4,82.6,84.0,5008,2023-12-25
PAR,EQ,218.0,222.0,214.3,218.6,24771,2023-12-25
PARACABLES,EQ,92.1,92.1,88.5,92.1,2376529,2023-12-25
PARADEEP,EQ,67.9,69.95,67.65,69.0,3275148,2023-12-25
PARAGMILK,EQ,239.0,244.5,236.0,237.35,466754,2023-12-25
PARAS,EQ,721.1,734.5,711.75,715.9,246084,2023-12-25
PASUPTAC,EQ,35.45,36.3,35.35,35.65,67455,2023-12-25
PATANJALI,EQ,1560.0,1629.7,1551.0,1621.65,1280841,2023-12-25
PATELENG,EQ,60.75,63.75,60.3,61.95,8749998,2023-12-25
PATINTLOG,EQ,20.8,20.8,19.65,20.05,728686,2023-12-25
PAVNAIND,EQ,395.35,401.3,393.0,395.55,618,2023-12-25
PAYTM,EQ,646.0,650.6,635.1,642.2,5075390,2023-12-25
PCBL,EQ,248.5,252.5,246.6,249.8,1468134,2023-12-25
PCJEWELLER,EQ,49.45,52.35,48.5,51.65,28684948,2023-12-25
PDMJEPAPER,EQ,51.2,51.6,49.2,50.15,577866,2023-12-25
PDSL,EQ,574.0,578.2,547.45,559.5,74303,2023-12-25
PEARLPOLY,EQ,30.95,31.55,29.95,30.3,107625,2023-12-25
PEL,EQ,889.9,933.7,887.15,915.1,5713480,2023-12-25
PENIND,EQ,119.35,120.85,116.4,117.45,580477,2023-12-25
PENINLAND,EQ,48.35,50.3,48.35,50.3,940782,2023-12-25
PERSISTENT,EQ,7200.05,7490.95,7155.0,7431.35,630521,2023-12-25
PETRONET,EQ,213.4,215.3,212.5,214.2,4647771,2023-12-25
PFC,EQ,392.0,396.5,381.55,386.9,13356416,2023-12-25
PFIZER,EQ,4263.0,4265.2,4182.2,4220.3,10803,2023-12-25
PFOCUS,EQ,104.7,113.25,103.55,109.3,538797,2023-12-25
PFS,EQ,42.0,43.35,41.7,42.5,2951719,2023-12-25
PGEL,EQ,2501.0,2501.0,2431.6,2453.45,28241,2023-12-25
PGHH,EQ,16929.85,17132.7,16929.85,17001.25,9787,2023-12-25
PGHL,EQ,4967.6,4967.6,4932.3,4952.4,4703,2023-12-25
PHARMABEES,EQ,17.1,17.1,16.5,16.67,4813942,2023-12-25
PHOENIXLTD,EQ,2204.05,2334.9,2203.8,2298.5,623593,2023-12-25
PIDILITIND,EQ,2616.15,2649.85,2612.15,2643.45,237427,2023-12-25
PIGL,EQ,48.75,49.0,46.9,48.4,52151,2023-12-25
PIIND,EQ,3447.0,3447.8,3403.3,3427.95,327130,2023-12-25
PILANIINVS,EQ,3043.9,3248.0,3043.9,3144.35,12655,2023-12-25
PILITA,EQ,11.7,12.35,11.55,11.85,1117841,2023-12-25
PITTIENG,EQ,683.9,699.0,683.9,693.5,51836,2023-12-25
PIXTRANS,EQ,1332.85,1379.9,1332.85,1366.8,10773,2023-12-25
PLASTIBLEN,EQ,289.3,294.05,285.85,289.95,28161,2023-12-25
PNB,EQ,90.45,90.45,88.3,89.25,32589619,2023-12-25
PNBGILTS,EQ,92.85,94.6,91.8,93.25,934326,2023-12-25
PNBHOUSING,EQ,775.2,786.85,770.0,775.35,178348,2023-12-25
PNC,EQ,51.55,52.8,49.9,51.95,87482,2023-12-25
PNCINFRA,EQ,345.6,348.75,342.5,345.3,178785,2023-12-25
POCL,EQ,449.4,477.0,445.25,470.6,148720,2023-12-25
PODDARMENT,EQ,357.45,361.05,354.1,356.6,2419,2023-12-25
POKARNA,EQ,484.0,485.4,471.3,481.75,68820,2023-12-25
POLICYBZR,EQ,764.0,787.3,758.4,773.3,1381447,2023-12-25
POLYCAB,EQ,5633.0,5633.0,5305.65,5359.3,1898658,2023-12-25
POLYMED,EQ,1468.9,1483.75,1448.25,1459.6,45876,2023-12-25
POLYPLEX,EQ,1015.55,1034.0,1011.25,1017.4,110852,2023-12-25
PONNIERODE,EQ,406.35,408.9,400.4,404.9,18788,2023-12-25
POONAWALLA,EQ,442.0,451.0,440.2,442.35,2958143,2023-12-25
POWERGRID,EQ,233.0,234.2,230.5,231.75,9735375,2023-12-25
POWERINDIA,EQ,5059.9,5155.0,5020.0,5131.1,22422,2023-12-25
POWERMECH,EQ,4128.6,4148.0,4040.75,4090.3,14322,2023-12-25
PPAP,EQ,222.85,227.9,215.25,216.9,22580,2023-12-25
PPL,EQ,418.0,422.0,409.0,412.3,76778,2023-12-25
PPLPHARMA,EQ,130.5,141.8,130.05,140.5,37708807,2023-12-25
PRAJIND,EQ,548.05,568.65,548.0,562.05,1240592,2023-12-25
PRAKASHSTL,EQ,8.75,8.85,8.7,8.85,1042668,2023-12-25
PRECAM,EQ,244.5,246.4,239.3,241.65,76118,2023-12-25
PRECOT,EQ,262.45,277.0,259.85,271.8,13765,2023-12-25
PRECWIRE,EQ,119.5,125.6,118.4,122.5,659197,2023-12-25
PREMEXPLN,EQ,1614.0,1633.25,1575.0,1603.2,25619,2023-12-25
PRESTIGE,EQ,1074.8,1122.2,1074.8,1114.9,786067,2023-12-25
PRICOLLTD,EQ,380.7,388.0,374.75,378.4,1468946,2023-12-25
PRIMESECU,EQ,176.95,181.0,174.05,177.75,25843,2023-12-25
PRINCEPIPE,EQ,720.15,739.45,720.15,734.6,171589,2023-12-25
PRITIKAUTO,EQ,33.65,34.0,32.05,33.05,543382,2023-12-25
PRIVISCL,EQ,1244.75,1261.55,1217.05,1252.75,29644,2023-12-25
PROZONER,EQ,32.95,34.05,32.9,33.4,608201,2023-12-25
PRSMJOHNSN,EQ,179.3,183.7,175.4,181.0,366664,2023-12-25
PRUDENT,EQ,1230.0,1256.0,1195.0,1216.35,23552,2023-12-25
PSB,EQ,43.3,43.9,42.5,43.1,2852204,2023-12-25
PSPPROJECT,EQ,762.25,772.0,746.45,764.2,191717,2023-12-25
PSUBNKBEES,EQ,62.66,62.85,61.69,62.06,1679928,2023-12-25
PSUBNKIETF,EQ,57.25,57.99,55.63,56.05,189979,2023-12-25
PTC,EQ,184.35,188.7,179.4,181.8,3175978,2023-12-25
PTCIL,EQ,5895.0,5945.4,5798.05,5893.6,3665,2023-12-25
PTL,EQ,41.6,42.8,41.6,42.25,105170,2023-12-25
PUNJABCHEM,EQ,1224.9,1233.35,1208.45,1212.5,2838,2023-12-25
PURVA,EQ,184.15,188.2,181.5,186.0,388844,2023-12-25
PVRINOX,EQ,1764.0,1764.0,1694.55,1700.8,841954,2023-12-25
PVTBANIETF,EQ,248.98,248.98,244.0,244.6,38386,2023-12-25
PYRAMID,EQ,193.3,195.0,191.6,192.9,125331,2023-12-25
QGOLDHALF,EQ,52.75,53.09,52.62,52.97,65765,2023-12-25
QNIFTY,EQ,2271.99,2286.0,2268.01,2280.0,930,2023-12-25
QUAL30IETF,EQ,179.0,180.99,179.0,180.97,725,2023-12-25
QUESS,EQ,497.2,518.55,497.2,514.75,354500,2023-12-25
QUICKHEAL,EQ,371.3,377.6,362.0,367.9,162928,2023-12-25
RACE,EQ,380.4,389.55,377.0,385.4,23381,2023-12-25
RADAAN,EQ,1.7,1.7,1.7,1.7,7298,2023-12-25
RADHIKAJWE,EQ,44.45,45.0,43.75,44.35,437007,2023-12-25
RADIANTCMS,EQ,88.65,90.2,88.45,89.25,274591,2023-12-25
RADICO,EQ,1595.6,1618.95,1578.05,1602.5,337713,2023-12-25
RADIOCITY,EQ,17.1,17.3,16.7,17.05,1072100,2023-12-25
RAILTEL,EQ,295.75,304.0,293.05,296.35,5361397,2023-12-25
RAIN,EQ,144.95,146.45,144.0,145.05,1327782,2023-12-25
RAINBOW,EQ,1115.0,1132.0,1101.1,1117.7,67248,2023-12-25
RAJESHEXPO,EQ,352.8,362.6,351.05,359.15,1587459,2023-12-25
RAJRATAN,EQ,764.7,788.8,759.5,782.35,48399,2023-12-25
RAJTV,EQ,55.55,55.55,52.5,54.75,6407,2023-12-25
RALLIS,EQ,249.1,251.6,248.55,250.0,628493,2023-12-25
RAMANEWS,EQ,19.35,19.35,18.15,18.35,283104,2023-12-25
RAMAPHO,EQ,214.5,219.75,212.5,216.4,22010,2023-12-25
RAMASTEEL,EQ,36.9,37.6,36.5,36.9,2644580,2023-12-25
RAMCOCEM,EQ,997.55,1002.95,974.35,979.75,255974,2023-12-25
RAMCOIND,EQ,216.1,219.0,214.25,215.6,91836,2023-12-25
RAMCOSYS,EQ,301.95,309.0,297.2,301.3,113938,2023-12-25
RAMKY,EQ,800.0,813.35,780.05,796.3,167920,2023-12-25
RAMRAT,EQ,281.5,295.0,281.5,291.4,81106,2023-12-25
RANASUG,EQ,23.6,24.0,23.45,23.8,890151,2023-12-25
RANEENGINE,EQ,340.05,371.95,340.05,371.95,31990,2023-12-25
RANEHOLDIN,EQ,1193.3,1360.0,1190.0,1295.6,188287,2023-12-25
RATEGAIN,EQ,748.7,772.95,724.5,740.2,1023459,2023-12-25
RATNAMANI,EQ,3365.0,3526.25,3354.3,3434.9,62906,2023-12-25
RATNAVEER,EQ,115.4,116.5,114.5,114.65,215549,2023-12-25
RAYMOND,EQ,1717.0,1739.2,1702.0,1722.9,109649,2023-12-25
RBA,EQ,111.95,112.0,109.75,110.15,1349439,2023-12-25
RBL,EQ,836.2,879.7,833.0,865.35,127214,2023-12-25
RBLBANK,EQ,278.95,280.45,263.7,272.45,16625215,2023-12-25
RCF,EQ,148.3,153.4,148.2,151.95,7781528,2023-12-25
RECLTD,EQ,417.0,419.0,398.75,406.6,13716584,2023-12-25
REDINGTON,EQ,175.9,181.0,173.5,175.8,3592738,2023-12-25
REDTAPE,EQ,444.65,470.6,444.65,465.0,195893,2023-12-25
REFEX,EQ,595.0,609.6,572.0,590.85,60883,2023-12-25
RELAXO,EQ,897.9,906.7,894.4,898.15,62180,2023-12-25
RELIANCE,EQ,2559.6,2580.9,2547.65,2565.05,8270892,2023-12-25
RELIGARE,EQ,216.65,218.6,214.9,216.05,1597330,2023-12-25
RELINFRA,EQ,196.4,198.0,190.0,193.05,1516429,2023-12-25
RENUKA,EQ,47.25,47.6,46.9,47.2,5550024,2023-12-25
REPCOHOME,EQ,399.0,402.4,393.7,396.75,65330,2023-12-25
REPL,EQ,204.6,211.3,203.1,209.7,27899,2023-12-25
REPRO,EQ,957.85,963.15,931.05,942.5,16377,2023-12-25
RESPONIND,EQ,305.65,325.0,301.1,307.15,205760,2023-12-25
RGL,EQ,105.5,109.2,105.15,106.1,165133,2023-12-25
RHFL,EQ,3.6,3.6,3.6,3.6,2814931,2023-12-25
RHIM,EQ,788.0,815.0,785.3,809.3,467141,2023-12-25
RHL,EQ,148.0,148.7,143.05,143.95,15741,2023-12-25
RICOAUTO,EQ,86.45,87.7,85.7,86.3,417630,2023-12-25
RIIL,EQ,1296.2,1329.0,1253.0,1307.05,937705,2023-12-25
RISHABH,EQ,554.95,566.0,547.6,553.8,166740,2023-12-25
RITCO,EQ,255.05,262.0,253.15,260.65,25279,2023-12-25
RITES,EQ,487.0,494.85,480.0,487.2,555793,2023-12-25
RKEC,EQ,71.15,72.85,71.0,72.0,46468,2023-12-25
RKFORGE,EQ,724.15,739.45,716.0,724.4,263498,2023-12-25
RML,EQ,789.35,876.4,787.15,851.6,126533,2023-12-25
ROHLTD,EQ,317.95,330.9,317.95,322.1,135528,2023-12-25
ROLEXRINGS,EQ,2359.45,2400.0,2345.15,2376.7,14576,2023-12-25
ROML,EQ,49.6,49.6,47.75,48.05,2729,2023-12-25
ROSSARI,EQ,791.7,797.9,784.5,792.65,172514,2023-12-25
ROSSELLIND,EQ,466.7,488.9,455.9,476.1,261693,2023-12-25
ROTO,EQ,414.0,428.7,408.3,417.1,416851,2023-12-25
ROUTE,EQ,1607.75,1607.75,1580.05,1595.1,55416,2023-12-25
RPGLIFE,EQ,1391.85,1397.0,1345.25,1363.4,13380,2023-12-25
RPOWER,EQ,22.8,23.15,22.2,22.4,87841372,2023-12-25
RPPL,EQ,211.3,219.7,209.95,212.55,84179,2023-12-25
RPSGVENT,EQ,744.0,775.0,744.0,771.55,234701,2023-12-25
RRKABEL,EQ,1654.9,1673.0,1606.55,1618.85,103069,2023-12-25
RSSOFTWARE,EQ,60.75,62.8,60.5,61.3,32188,2023-12-25
RSWM,EQ,198.35,211.1,198.0,207.65,581658,2023-12-25
RSYSTEMS,EQ,562.95,581.0,557.4,571.45,238645,2023-12-25
RTNINDIA,EQ,79.5,80.5,77.4,78.95,6292659,2023-12-25
RTNPOWER,EQ,9.35,9.4,9.0,9.15,23896947,2023-12-25
RUBYMILLS,EQ,226.85,231.4,226.8,228.75,23896,2023-12-25
RUCHIRA,EQ,132.0,134.15,127.35,128.1,124027,2023-12-25
RUPA,EQ,263.65,268.0,262.55,265.15,185036,2023-12-25
RUSHIL,EQ,372.0,385.05,372.0,379.45,208597,2023-12-25
RUSTOMJEE,EQ,575.05,618.85,574.3,612.55,98964,2023-12-25
RVHL,EQ,46.85,48.3,46.8,48.3,113604,2023-12-25
RVNL,EQ,178.4,178.7,175.0,176.9,8887707,2023-12-25
SADHNANIQ,EQ,84.85,86.65,84.85,85.8,364446,2023-12-25
SAFARI,EQ,2095.55,2113.65,2050.0,2063.25,31050,2023-12-25
SAGARDEEP,EQ,25.95,25.95,25.3,25.7,9351,2023-12-25
SAGCEM,EQ,261.5,264.5,255.75,257.95,259394,2023-12-25
SAH,EQ,127.95,130.75,127.3,130.4,89478,2023-12-25
SAHYADRI,EQ,413.1,419.7,408.0,410.45,6476,2023-12-25
SAIL,EQ,110.5,113.5,109.5,112.75,56223938,2023-12-25
SAKAR,EQ,370.4,378.95,365.05,369.2,9589,2023-12-25
SAKHTISUG,EQ,28.85,29.05,28.3,28.6,269711,2023-12-25
SALASAR,EQ,65.95,69.0,65.2,68.0,14918610,2023-12-25
SALONA,EQ,296.85,302.9,291.0,298.3,2238,2023-12-25
SALSTEEL,EQ,25.45,27.1,25.3,25.95,1590741,2023-12-25
SALZERELEC,EQ,402.0,406.95,395.95,401.25,70148,2023-12-25
SAMHI,EQ,166.25,175.0,165.4,173.55,1420066,2023-12-25
SAMPANN,EQ,20.8,20.8,20.25,20.8,48319,2023-12-25
SANDESH,EQ,1065.05,1098.0,1060.0,1069.15,2388,2023-12-25
SANDHAR,EQ,488.35,495.1,484.25,488.85,35063,2023-12-25
SANDUMA,EQ,2647.0,2647.0,2561.0,2583.6,65321,2023-12-25
SANGAMIND,EQ,385.05,455.2,375.0,454.05,2108889,2023-12-25
SANGHIIND,EQ,130.5,133.6,128.55,131.05,537708,2023-12-25
SANGHVIMOV,EQ,864.7,874.95,826.05,835.6,182995,2023-12-25
SANGINITA,EQ,23.9,24.45,23.4,24.3,53602,2023-12-25
SANOFI,EQ,7954.0,8071.95,7953.1,8009.45,12185,2023-12-25
SANSERA,EQ,984.45,1048.35,970.1,991.75,693021,2023-12-25
SAPPHIRE,EQ,1414.0,1425.0,1392.95,1415.75,147034,2023-12-25
SARDAEN,EQ,249.7,259.0,245.0,250.5,863634,2023-12-25
SAREGAMA,EQ,358.3,362.75,346.25,349.35,433660,2023-12-25
SARLAPOLY,EQ,54.95,55.2,53.3,53.7,148846,2023-12-25
SASKEN,EQ,1267.55,1278.2,1245.0,1270.75,15256,2023-12-25
SASTASUNDR,EQ,425.75,429.0,419.8,425.65,21741,2023-12-25
SATIA,EQ,144.45,146.7,140.0,142.9,835745,2023-12-25
SATIN,EQ,261.0,266.4,251.1,252.75,1763087,2023-12-25
SATINDLTD,EQ,109.9,115.9,108.05,115.5,1905267,2023-12-25
SBC,EQ,30.25,31.2,29.7,30.75,1991904,2023-12-25
SBCL,EQ,528.5,538.0,521.05,536.35,138625,2023-12-25
SBFC,EQ,90.45,91.5,88.6,89.1,1350980,2023-12-25
SBGLP,EQ,524.0,547.95,523.45,541.0,73276,2023-12-25
SBICARD,EQ,769.0,778.0,766.65,773.15,1847748,2023-12-25
SBIETFCON,EQ,93.21,94.36,93.21,94.21,8820,2023-12-25
SBIETFIT,EQ,369.0,377.0,367.0,376.18,11070,2023-12-25
SBIETFPB,EQ,248.8,249.85,246.51,247.24,2387,2023-12-25
SBIETFQLTY,EQ,189.16,191.45,188.99,190.89,5043,2023-12-25
SBILIFE,EQ,1414.0,1417.7,1387.05,1394.3,1111420,2023-12-25
SBIN,EQ,644.75,649.4,635.15,636.75,14998068,2023-12-25
SCHAEFFLER,EQ,3174.0,3188.0,3122.45,3176.7,121518,2023-12-25
SCHAND,EQ,254.8,260.0,252.35,257.95,101930,2023-12-25
SCHNEIDER,EQ,408.0,414.0,396.0,402.5,267048,2023-12-25
SCI,EQ,165.05,167.6,161.6,164.05,3870616,2023-12-25
SCPL,EQ,338.85,343.15,335.0,339.0,4899,2023-12-25
SDBL,EQ,292.0,297.0,290.0,291.65,209336,2023-12-25
SDL24BEES,EQ,117.72,117.76,117.58,117.71,1298271,2023-12-25
SDL26BEES,EQ,117.4,117.4,117.15,117.4,67,2023-12-25
SEAMECLTD,EQ,916.6,958.0,916.25,941.55,105682,2023-12-25
SECMARK,EQ,97.85,107.5,84.7,93.55,112945,2023-12-25
SECURCRED,EQ,19.15,19.45,18.6,19.15,257034,2023-12-25
SECURKLOUD,EQ,47.5,49.5,45.55,46.4,102457,2023-12-25
SELAN,EQ,494.05,515.0,492.0,498.35,127295,2023-12-25
SENCO,EQ,727.95,738.3,718.65,727.55,199464,2023-12-25
SENSEXETF,EQ,71.41,71.6,70.9,71.54,5671,2023-12-25
SENSEXIETF,EQ,792.37,795.63,788.31,792.76,3001,2023-12-25
SEPC,EQ,21.0,21.45,20.7,21.0,5574325,2023-12-25
SEQUENT,EQ,115.6,120.05,115.2,118.2,1590714,2023-12-25
SESHAPAPER,EQ,358.4,359.5,348.55,355.95,52011,2023-12-25
SETF10GILT,EQ,222.56,222.9,221.6,222.42,7195,2023-12-25
SETFGOLD,EQ,56.05,56.05,54.46,54.68,253696,2023-12-25
SETFNIF50,EQ,221.7,223.13,221.55,222.74,4453791,2023-12-25
SETFNIFBK,EQ,483.92,485.6,478.57,479.3,629410,2023-12-25
SETFNN50,EQ,543.01,547.9,541.44,546.48,18185,2023-12-25
SFL,EQ,1217.3,1224.35,1186.0,1218.95,90354,2023-12-25
SGIL,EQ,313.0,322.5,307.1,313.75,30870,2023-12-25
SHAH,EQ,3.9,4.6,3.9,4.6,15550612,2023-12-25
SHAILY,EQ,337.0,345.9,335.65,342.55,21334,2023-12-25
SHAKTIPUMP,EQ,963.0,999.85,963.0,985.55,47479,2023-12-25
SHALBY,EQ,311.95,313.6,304.85,307.5,174196,2023-12-25
SHALPAINTS,EQ,181.8,184.0,179.8,181.4,251148,2023-12-25
SHANKARA,EQ,738.9,738.9,713.8,725.95,90585,2023-12-25
SHANTI,EQ,18.1,18.4,17.5,18.0,19249,2023-12-25
SHANTIGEAR,EQ,527.25,528.05,520.65,522.35,13724,2023-12-25
SHARDACROP,EQ,425.0,433.8,425.0,431.3,68314,2023-12-25
SHARDAMOTR,EQ,1176.4,1282.0,1176.35,1253.35,127379,2023-12-25
SHAREINDIA,EQ,1812.5,1820.0,1758.1,1798.5,66691,2023-12-25
SHARIABEES,EQ,479.98,487.07,476.0,482.91,712,2023-12-25
SHEMAROO,EQ,153.65,160.45,153.55,156.7,95123,2023-12-25
SHILPAMED,EQ,366.0,367.65,357.8,362.0,102874,2023-12-25
SHIVALIK,EQ,612.0,624.85,610.2,617.55,14611,2023-12-25
SHIVAMAUTO,EQ,40.0,42.0,39.2,39.6,427762,2023-12-25
SHIVAMILLS,EQ,91.0,94.8,90.7,91.45,14694,2023-12-25
SHIVATEX,EQ,141.6,143.45,141.05,142.15,2608,2023-12-25
SHK,EQ,144.05,147.9,144.05,144.55,191285,2023-12-25
SHOPERSTOP,EQ,666.0,691.35,666.0,689.6,52319,2023-12-25
SHREDIGCEM,EQ,93.25,94.1,90.8,91.9,377950,2023-12-25
SHREECEM,EQ,28213.8,28372.35,27905.75,28186.55,21741,2023-12-25
SHREEPUSHK,EQ,217.85,224.45,217.65,221.7,115836,2023-12-25
SHREYAS,EQ,283.0,289.8,278.65,280.6,55705,2023-12-25
SHRIPISTON,EQ,1277.45,1277.45,1277.45,1277.45,43651,2023-12-25
SHRIRAMFIN,EQ,2029.9,2069.0,2016.5,2055.45,1385775,2023-12-25
SHRIRAMPPS,EQ,118.2,121.0,116.65,119.05,3120668,2023-12-25
SHYAMCENT,EQ,20.3,20.5,20.05,20.1,457100,2023-12-25
SHYAMMETL,EQ,590.0,612.0,577.0,608.4,6107450,2023-12-25
SHYAMTEL,EQ,9.0,9.4,9.0,9.0,1557,2023-12-25
SIEMENS,EQ,4085.0,4120.0,3929.55,3955.55,624973,2023-12-25
SIGACHI,EQ,51.85,52.3,50.6,51.3,1327991,2023-12-25
SIGMA,EQ,459.95,462.55,450.5,457.7,6811,2023-12-25
SIGNATURE,EQ,814.9,828.85,806.5,817.85,146112,2023-12-25
SIKKO,EQ,97.1,106.2,97.1,101.0,1791942,2023-12-25
SILGO,EQ,28.9,28.9,27.6,28.05,39261,2023-12-25
SILINV,EQ,429.8,434.9,420.0,425.0,4018,2023-12-25
SILVER,EQ,76.06,76.2,75.86,76.11,64700,2023-12-25
SILVERBEES,EQ,73.37,73.6,73.2,73.48,1708101,2023-12-25
SILVERETF,EQ,74.4,75.0,74.34,74.66,30139,2023-12-25
SILVERIETF,EQ,76.34,76.35,75.9,76.14,100947,2023-12-25
SILVERTUC,EQ,665.0,713.95,665.0,688.85,9420,2023-12-25
SILVRETF,EQ,74.4,74.8,74.31,74.61,10403,2023-12-25
SIMBHALS,EQ,28.2,28.3,27.9,28.05,35472,2023-12-25
SINDHUTRAD,EQ,30.45,31.25,29.0,29.4,3324538,2023-12-25
SINTERCOM,EQ,126.85,129.8,126.0,126.6,17967,2023-12-25
SIRCA,EQ,397.0,404.65,397.0,399.35,136224,2023-12-25
SIS,EQ,477.55,479.0,463.95,470.15,57931,2023-12-25
SIYSIL,EQ,538.05,543.85,535.0,537.5,51956,2023-12-25
SJS,EQ,627.5,633.8,613.3,620.7,137260,2023-12-25
SJVN,EQ,90.85,90.9,88.2,89.7,19350518,2023-12-25
SKFINDIA,EQ,4701.0,4739.9,4651.0,4697.3,70480,2023-12-25
SKIPPER,EQ,225.0,227.65,220.0,225.85,409931,2023-12-25
SKMEGGPROD,EQ,372.0,374.9,368.2,370.0,38022,2023-12-25
SKYGOLD,EQ,1025.0,1033.35,956.1,956.1,180411,2023-12-25
SMARTLINK,EQ,167.6,172.0,167.6,170.1,21152,2023-12-25
SMCGLOBAL,EQ,105.7,105.9,102.15,104.0,122256,2023-12-25
SMLISUZU,EQ,1348.0,1351.95,1324.0,1335.35,14647,2023-12-25
SMLT,EQ,237.4,245.7,235.0,236.85,17688,2023-12-25
SMSLIFE,EQ,521.15,521.2,510.4,514.05,1587,2023-12-25
SMSPHARMA,EQ,119.55,120.85,117.45,119.0,113795,2023-12-25
SNOWMAN,EQ,60.15,64.45,60.05,63.0,7279353,2023-12-25
SOBHA,EQ,995.0,1047.5,987.55,1027.55,906262,2023-12-25
SOLARA,EQ,323.35,334.75,323.3,329.05,92633,2023-12-25
SOLARINDS,EQ,6654.55,6720.15,6539.95,6594.9,69091,2023-12-25
SOMANYCERA,EQ,716.1,732.0,708.9,726.75,22267,2023-12-25
SONACOMS,EQ,575.0,580.9,571.65,577.0,1187816,2023-12-25
SONATSOFTW,EQ,755.35,756.9,738.3,749.9,497570,2023-12-25
SOTL,EQ,341.0,359.0,339.05,353.4,307991,2023-12-25
SOUTHBANK,EQ,26.95,27.2,26.35,26.65,24246471,2023-12-25
SPAL,EQ,605.75,623.45,604.0,617.15,28638,2023-12-25
SPANDANA,EQ,1035.95,1057.95,1024.8,1036.55,52503,2023-12-25
SPARC,EQ,257.9,263.7,253.45,261.4,560092,2023-12-25
SPCENET,EQ,32.45,32.5,30.7,32.45,1872872,2023-12-25
SPECIALITY,EQ,194.0,194.1,190.55,191.9,73377,2023-12-25
SPENCERS,EQ,110.6,114.0,106.5,110.05,414800,2023-12-25
SPIC,EQ,76.0,77.55,75.25,76.4,1444254,2023-12-25
SPLIL,EQ,68.9,68.9,66.8,67.2,39006,2023-12-25
SPLPETRO,EQ,547.4,564.0,547.4,558.7,60027,2023-12-25
SPORTKING,EQ,780.8,794.95,774.2,776.9,15932,2023-12-25
SREEL,EQ,343.1,394.35,343.1,375.0,595107,2023-12-25
SRF,EQ,2409.85,2464.95,2395.45,2454.25,448639,2023-12-25
SRGHFL,EQ,276.5,292.0,276.5,286.25,4927,2023-12-25
SRHHYPOLTD,EQ,571.6,577.5,565.0,571.0,22616,2023-12-25
SSWL,EQ,261.0,266.45,260.0,261.85,163424,2023-12-25
STAR,EQ,603.0,639.0,603.0,635.65,1973109,2023-12-25
STARCEMENT,EQ,173.9,176.3,171.4,174.3,256138,2023-12-25
STARHEALTH,EQ,519.8,525.0,516.0,522.4,666455,2023-12-25
STARPAPER,EQ,228.7,229.9,226.55,227.15,39439,2023-12-25
STARTECK,EQ,315.0,343.6,314.95,343.6,89190,2023-12-25
STCINDIA,EQ,135.2,140.8,133.65,135.9,280171,2023-12-25
STEELCAS,EQ,610.75,624.5,610.7,619.85,26022,2023-12-25
STEELCITY,EQ,70.6,71.0,69.0,70.45,42212,2023-12-25
STEELXIND,EQ,10.0,10.35,9.9,10.1,3963522,2023-12-25
STEL,EQ,304.0,304.95,292.0,301.75,31239,2023-12-25
STERTOOLS,EQ,342.5,345.85,341.15,343.0,18072,2023-12-25
STLTECH,EQ,147.8,147.8,143.95,145.2,844402,2023-12-25
STOVEKRAFT,EQ,461.0,471.05,461.0,464.05,53662,2023-12-25
STYLAMIND,EQ,1776.3,1780.0,1740.0,1754.2,9130,2023-12-25
STYRENIX,EQ,1480.0,1513.95,1480.0,1502.05,15991,2023-12-25
SUBEXLTD,EQ,34.9,35.8,34.3,35.5,9082551,2023-12-25
SUBROS,EQ,566.05,571.0,546.0,550.05,190028,2023-12-25
SUDARSCHEM,EQ,522.05,552.2,522.05,536.9,619848,2023-12-25
SUKHJITS,EQ,494.7,499.85,489.25,496.65,10187,2023-12-25
SULA,EQ,470.0,474.55,467.0,470.6,155871,2023-12-25
SUMICHEM,EQ,408.65,411.95,404.0,406.3,99732,2023-12-25
SUMMITSEC,EQ,1303.2,1345.9,1300.0,1323.5,9055,2023-12-25
SUNDARMFIN,EQ,3514.0,3608.5,3511.6,3534.9,57224,2023-12-25
SUNDARMHLD,EQ,149.9,149.9,145.5,146.4,114614,2023-12-25
SUNDRMBRAK,EQ,644.3,656.85,630.0,635.8,2915,2023-12-25
SUNDRMFAST,EQ,1237.3,1267.75,1236.05,1259.55,171961,2023-12-25
SUNFLAG,EQ,213.45,217.95,208.0,209.95,611592,2023-12-25
SUNPHARMA,EQ,1240.0,1251.0,1236.05,1243.65,2058127,2023-12-25
SUNTECK,EQ,438.85,448.7,427.0,428.7,727397,2023-12-25
SUNTV,EQ,697.0,729.0,691.15,725.55,2134821,2023-12-25
SUPERHOUSE,EQ,238.8,249.95,238.8,244.5,31896,2023-12-25
SUPRAJIT,EQ,364.5,372.5,363.4,370.7,135196,2023-12-25
SUPREMEIND,EQ,4545.0,4608.85,4497.1,4540.3,91596,2023-12-25
SUPRIYA,EQ,279.35,303.0,275.65,297.05,2675705,2023-12-25
SURANAT&P,EQ,16.05,16.7,16.0,16.15,580487,2023-12-25
SURYALAXMI,EQ,67.8,74.4,66.15,72.95,73098,2023-12-25
SURYAROSNI,EQ,584.45,611.0,579.55,606.05,949992,2023-12-25
SURYODAY,EQ,158.95,159.85,155.0,156.8,218203,2023-12-25
SUTLEJTEX,EQ,61.5,63.45,60.85,61.7,486508,2023-12-25
SUVEN,EQ,78.9,80.7,78.45,79.05,327153,2023-12-25
SUVENPHAR,EQ,679.0,720.0,674.85,712.1,390855,2023-12-25
SWANENERGY,EQ,502.0,512.9,494.0,506.4,6871825,2023-12-25
SWARAJENG,EQ,2441.85,2476.75,2395.55,2446.7,8110,2023-12-25
SWELECTES,EQ,490.15,545.0,483.7,532.65,68977,2023-12-25
SWSOLAR,EQ,428.15,444.45,424.35,440.15,1273716,2023-12-25
SYMPHONY,EQ,879.05,883.35,874.05,878.15,47837,2023-12-25
SYNCOMF,EQ,11.75,12.3,11.55,11.8,9342772,2023-12-25
SYNGENE,EQ,686.45,708.0,682.95,705.15,1438386,2023-12-25
SYRMA,EQ,679.5,682.0,666.6,670.8,540490,2023-12-25
TAINWALCHM,EQ,147.0,149.45,142.35,143.5,22938,2023-12-25
TAJGVK,EQ,225.9,228.95,225.05,226.7,46032,2023-12-25
TAKE,EQ,23.75,24.95,23.6,24.15,632484,2023-12-25
TANLA,EQ,1091.45,1112.9,1072.05,1088.45,619142,2023-12-25
TARC,EQ,133.5,139.7,131.85,138.5,1193801,2023-12-25
TARMAT,EQ,84.55,86.0,84.2,84.8,76548,2023-12-25
TARSONS,EQ,557.5,573.0,541.5,545.25,611630,2023-12-25
TASTYBITE,EQ,14080.0,14179.95,13906.8,14015.85,1251,2023-12-25
TATACHEM,EQ,1016.0,1041.0,1012.5,1022.05,1179769,2023-12-25
TATACOFFEE,EQ,293.7,296.6,290.9,294.75,679372,2023-12-25
TATACOMM,EQ,1734.25,1756.0,1718.7,1730.15,386580,2023-12-25
TATACONSUM,EQ,986.0,998.3,979.65,992.8,1491449,2023-12-25
TATAELXSI,EQ,8770.45,8899.95,8770.4,8870.65,94150,2023-12-25
TATAINVEST,EQ,4195.0,4240.45,4157.65,4199.25,71894,2023-12-25
TATAMETALI,EQ,1015.1,1044.15,1015.1,1037.25,78966,2023-12-25
TATAMOTORS,EQ,716.8,731.0,712.0,724.7,12062238,2023-12-25
TATAMTRDVR,EQ,483.0,489.75,476.85,486.9,1842806,2023-12-25
TATAPOWER,EQ,331.0,332.0,323.55,326.65,15179674,2023-12-25
TATASTEEL,EQ,132.4,134.75,131.75,133.55,37357334,2023-12-25
TATATECH,EQ,1214.7,1222.5,1205.0,1208.75,701235,2023-12-25
TATVA,EQ,1562.6,1583.15,1549.55,1567.65,10477,2023-12-25
TBZ,EQ,138.2,140.3,133.1,136.7,880007,2023-12-25
TCI,EQ,805.0,821.1,805.0,816.75,25882,2023-12-25
TCIEXP,EQ,1408.25,1408.45,1377.3,1387.15,27279,2023-12-25
TCNSBRANDS,EQ,370.0,373.15,365.1,367.85,85594,2023-12-25
TCPLPACK,EQ,2052.0,2144.3,2050.05,2131.95,5992,2023-12-25
TCS,EQ,3800.0,3845.95,3762.0,3824.0,2413058,2023-12-25
TDPOWERSYS,EQ,269.3,276.35,265.5,267.55,338964,2023-12-25
TEAMLEASE,EQ,2920.0,2940.0,2875.0,2906.0,31097,2023-12-25
TECH,EQ,37.1,37.1,35.91,36.89,27577,2023-12-25
TECHM,EQ,1260.0,1280.9,1242.5,1275.15,2297352,2023-12-25
TECHNOE,EQ,740.0,763.65,724.0,753.9,169373,2023-12-25
TEGA,EQ,1088.2,1111.0,1079.0,1088.75,176601,2023-12-25
TEJASNET,EQ,857.0,873.0,845.35,853.7,644252,2023-12-25
TEMBO,EQ,283.0,283.05,275.25,279.0,69159,2023-12-25
TERASOFT,EQ,64.95,67.35,62.5,63.3,193865,2023-12-25
TEXINFRA,EQ,108.45,109.8,105.2,107.35,970113,2023-12-25
TEXMOPIPES,EQ,74.2,76.0,74.1,74.85,107957,2023-12-25
TEXRAIL,EQ,171.3,174.35,168.65,173.05,2549578,2023-12-25
TFCILTD,EQ,139.35,142.35,137.1,138.1,3949104,2023-12-25
THANGAMAYL,EQ,1428.0,1440.5,1406.1,1410.3,10077,2023-12-25
THEINVEST,EQ,106.0,107.0,105.05,106.1,6320,2023-12-25
THEJO,EQ,1873.55,1895.8,1852.2,1863.2,2510,2023-12-25
THEMISMED,EQ,181.95,185.9,180.75,182.55,80967,2023-12-25
THERMAX,EQ,3030.0,3167.8,3018.05,3143.7,152793,2023-12-25
THOMASCOOK,EQ,143.2,144.6,138.95,139.8,936631,2023-12-25
THYROCARE,EQ,679.05,689.95,668.0,675.75,368068,2023-12-25
TI,EQ,241.05,243.45,236.6,237.9,581856,2023-12-25
TIDEWATER,EQ,1339.85,1358.0,1333.7,1348.85,44995,2023-12-25
TIIL,EQ,2535.55,2564.8,2519.0,2553.8,4212,2023-12-25
TIINDIA,EQ,3564.15,3610.0,3530.2,3588.1,85644,2023-12-25
TIJARIA,EQ,6.4,6.6,6.35,6.35,16888,2023-12-25
TIMETECHNO,EQ,174.9,178.0,173.1,175.55,1390788,2023-12-25
TIMKEN,EQ,3200.2,3235.0,3175.2,3198.45,34119,2023-12-25
TINPLATE,EQ,425.0,435.95,425.0,432.1,174586,2023-12-25
TIPSINDLTD,EQ,351.85,354.9,344.55,351.35,577384,2023-12-25
TIRUMALCHM,EQ,206.0,214.9,205.85,208.6,752154,2023-12-25
TITAGARH,EQ,1050.7,1058.7,1021.0,1047.85,938390,2023-12-25
TITAN,EQ,3580.0,3638.45,3560.55,3627.35,777099,2023-12-25
TMB,EQ,510.55,517.0,505.25,506.7,109841,2023-12-25
TNIDETF,EQ,74.75,74.75,73.1,74.47,61120,2023-12-25
TNPETRO,EQ,103.5,105.25,100.0,102.2,1160142,2023-12-25
TNPL,EQ,298.3,302.8,292.55,296.4,327661,2023-12-25
TNTELE,EQ,9.45,9.6,9.1,9.3,40085,2023-12-25
TOKYOPLAST,EQ,115.0,117.0,110.35,112.3,11276,2023-12-25
TORNTPHARM,EQ,2197.0,2235.6,2189.35,2222.5,288655,2023-12-25
TORNTPOWER,EQ,912.0,920.9,897.0,913.5,203752,2023-12-25
TOTAL,EQ,121.0,121.0,119.05,119.95,19700,2023-12-25
TPLPLASTEH,EQ,51.6,54.05,51.15,53.5,315045,2023-12-25
TRACXN,EQ,110.0,117.5,109.05,116.05,6010039,2023-12-25
TREEHOUSE,EQ,19.65,20.6,19.6,20.55,45924,2023-12-25
TREL,EQ,44.0,45.45,43.9,44.3,433399,2023-12-25
TRENT,EQ,2978.8,2981.95,2928.35,2965.5,518707,2023-12-25
TRF,EQ,249.8,251.65,247.15,248.85,44486,2023-12-25
TRIDENT,EQ,36.5,36.65,35.9,36.15,7525883,2023-12-25
TRIGYN,EQ,131.3,135.85,129.8,135.05,355682,2023-12-25
TRIL,EQ,190.8,226.0,187.3,224.05,5570849,2023-12-25
TRITURBINE,EQ,406.3,408.0,400.5,401.9,216412,2023-12-25
TRIVENI,EQ,342.9,342.9,329.0,331.15,827816,2023-12-25
TRU,EQ,72.8,76.45,72.25,75.55,1675588,2023-12-25
TTKHLTCARE,EQ,1421.5,1450.0,1380.0,1401.75,22328,2023-12-25
TTKPRESTIG,EQ,747.5,751.4,738.0,739.7,80713,2023-12-25
TTL,EQ,101.8,105.5,101.05,102.9,25024,2023-12-25
TTML,EQ,90.45,93.45,90.45,92.0,5391518,2023-12-25
TV18BRDCST,EQ,51.75,52.0,50.5,51.0,8705452,2023-12-25
TVSELECT,EQ,349.4,358.0,347.55,353.6,57905,2023-12-25
TVSHLTD,EQ,8010.3,8085.0,7450.0,7538.95,7354,2023-12-25
TVSMOTOR,EQ,1950.0,1988.8,1934.4,1967.5,1070784,2023-12-25
TVSSCS,EQ,199.45,202.6,198.5,199.0,1107867,2023-12-25
TVSSRICHAK,EQ,4588.65,4605.2,4506.65,4549.15,2725,2023-12-25
TVTODAY,EQ,213.1,217.9,212.05,213.5,108267,2023-12-25
UBL,EQ,1708.95,1726.0,1674.1,1684.6,354584,2023-12-25
UCAL,EQ,139.5,142.7,139.1,140.2,18652,2023-12-25
UCOBANK,EQ,39.7,40.1,39.05,39.5,12146192,2023-12-25
UDS,EQ,311.0,362.25,309.4,354.65,1990015,2023-12-25
UFLEX,EQ,462.0,466.2,458.1,462.0,88344,2023-12-25
UFO,EQ,110.65,113.25,109.45,109.85,180886,2023-12-25
UGARSUGAR,EQ,82.35,82.4,80.75,80.9,214704,2023-12-25
UGROCAP,EQ,273.7,274.0,267.8,269.9,108693,2023-12-25
UJJIVAN,EQ,580.05,584.0,570.2,578.15,447887,2023-12-25
UJJIVANSFB,EQ,57.25,58.5,57.0,57.7,7511145,2023-12-25
ULTRACEMCO,EQ,9987.0,9999.0,9902.0,9969.0,226940,2023-12-25
UMAEXPORTS,EQ,52.0,52.5,51.1,51.35,53422,2023-12-25
UMANGDAIRY,EQ,72.05,77.0,71.7,74.5,87435,2023-12-25
UNICHEMLAB,EQ,410.75,418.45,405.0,416.55,15517,2023-12-25
UNIDT,EQ,286.0,288.0,277.0,285.65,81842,2023-12-25
UNIENTER,EQ,158.5,158.95,156.15,158.0,7335,2023-12-25
UNIONBANK,EQ,119.25,120.0,116.9,118.25,11610568,2023-12-25
UNIPARTS,EQ,540.0,542.95,532.3,536.15,126585,2023-12-25
UNITEDPOLY,EQ,101.95,101.95,95.15,96.1,14047,2023-12-25
UNITEDTEA,EQ,318.15,329.9,318.15,325.35,12344,2023-12-25
UNIVCABLES,EQ,507.5,516.0,500.0,503.1,21560,2023-12-25
UNIVPHOTO,EQ,391.25,404.9,391.25,395.45,2910,2023-12-25
UNOMINDA,EQ,656.0,669.95,651.55,669.05,435437,2023-12-25
UPL,EQ,581.0,585.75,577.4,581.65,2464945,2023-12-25
URAVI,EQ,311.2,314.0,294.15,298.15,5017,2023-12-25
URJA,EQ,14.15,14.45,13.85,14.0,5699384,2023-12-25
USHAMART,EQ,303.95,312.4,303.95,309.7,380028,2023-12-25
USK,EQ,39.5,39.95,38.55,38.9,292366,2023-12-25
UTIAMC,EQ,846.0,860.0,843.4,858.1,113065,2023-12-25
UTIBANKETF,EQ,48.95,48.95,47.6,48.26,37212,2023-12-25
UTINEXT50,EQ,54.86,54.99,54.23,54.8,12876,2023-12-25
UTINIFTETF,EQ,228.62,230.0,228.27,229.16,5766,2023-12-25
UTISENSETF,EQ,762.25,769.0,759.95,766.04,891,2023-12-25
UTISXN50,EQ,67.25,67.55,67.0,67.38,1953,2023-12-25
UTKARSHBNK,EQ,51.95,53.5,51.9,52.4,6665646,2023-12-25
UTTAMSUGAR,EQ,404.75,407.9,394.2,398.45,170717,2023-12-25
VADILALIND,EQ,2301.0,2326.65,2239.9,2249.9,11301,2023-12-25
VAIBHAVGBL,EQ,408.05,413.95,402.0,404.85,132513,2023-12-25
VAISHALI,EQ,183.95,185.5,178.55,179.4,94029,2023-12-25
VAKRANGEE,EQ,19.2,19.95,18.95,19.3,20660880,2023-12-25
VALIANTLAB,EQ,179.0,179.8,174.65,177.0,84258,2023-12-25
VALIANTORG,EQ,477.95,485.95,475.1,476.75,45846,2023-12-25
VARDHACRLC,EQ,60.3,61.45,57.9,59.25,152445,2023-12-25
VARROC,EQ,548.9,557.0,539.65,544.0,427688,2023-12-25
VASCONEQ,EQ,71.6,73.1,70.0,72.6,1268068,2023-12-25
VBL,EQ,1291.3,1291.3,1225.55,1238.6,6445595,2023-12-25
VCL,EQ,1.45,1.5,1.4,1.45,2182406,2023-12-25
VEDL,EQ,259.5,261.35,257.7,259.75,9677532,2023-12-25
VENKEYS,EQ,1935.0,1957.7,1924.75,1935.95,24528,2023-12-25
VENUSPIPES,EQ,1350.0,1396.0,1342.55,1373.4,128654,2023-12-25
VENUSREM,EQ,399.7,413.7,387.4,389.95,182574,2023-12-25
VERANDA,EQ,303.6,303.6,295.0,300.25,137027,2023-12-25
VERTOZ,EQ,453.0,509.4,451.9,497.2,1306445,2023-12-25
VESUVIUS,EQ,3614.4,3633.9,3580.0,3587.45,4509,2023-12-25
VETO,EQ,117.45,119.15,115.7,116.8,85581,2023-12-25
VGUARD,EQ,295.0,304.3,290.65,293.2,782677,2023-12-25
VHL,EQ,2950.0,3059.95,2950.0,3040.2,866,2023-12-25
VIDHIING,EQ,411.3,423.0,404.3,410.25,33492,2023-12-25
VIJAYA,EQ,650.0,659.7,635.05,640.9,840885,2023-12-25
VIJIFIN,EQ,1.95,2.0,1.9,2.0,358463,2023-12-25
VIKASECO,EQ,4.2,4.2,3.9,3.95,44169931,2023-12-25
VIKASLIFE,EQ,5.05,5.05,4.95,5.0,13579118,2023-12-25
VIMTALABS,EQ,395.85,403.0,393.3,399.3,41121,2023-12-25
VINATIORGA,EQ,1709.0,1727.35,1705.95,1714.6,50613,2023-12-25
VINDHYATEL,EQ,2212.0,2244.9,2206.55,2227.8,7555,2023-12-25
VINEETLAB,EQ,66.35,67.8,66.3,67.25,40234,2023-12-25
VINYLINDIA,EQ,459.1,474.9,449.15,462.85,86963,2023-12-25
VIPCLOTHNG,EQ,46.85,46.9,46.05,46.5,115599,2023-12-25
VIPIND,EQ,608.0,613.7,598.55,607.8,852499,2023-12-25
VIPULLTD,EQ,18.0,18.45,17.4,17.6,72158,2023-12-25
VIRINCHI,EQ,35.9,35.9,33.7,34.5,785826,2023-12-25
VISAKAIND,EQ,85.5,85.55,83.95,84.8,217695,2023-12-25
VISHAL,EQ,22.15,22.7,22.0,22.35,303607,2023-12-25
VISHNU,EQ,357.5,357.5,340.0,342.6,150964,2023-12-25
VISHWARAJ,EQ,16.6,16.7,16.4,16.5,850090,2023-12-25
VIVIDHA,EQ,1.1,1.15,1.05,1.1,1491490,2023-12-25
VLEGOV,EQ,34.15,35.25,34.0,34.7,524738,2023-12-25
VLSFINANCE,EQ,203.05,208.6,203.05,206.65,54838,2023-12-25
VMART,EQ,2035.9,2110.0,2005.4,2104.45,128529,2023-12-25
VOLTAMP,EQ,6165.0,6268.95,6112.0,6184.35,13885,2023-12-25
VOLTAS,EQ,950.0,954.45,943.0,947.6,1665456,2023-12-25
VPRPL,EQ,205.75,209.1,201.95,204.4,1830359,2023-12-25
VRLLOG,EQ,735.8,749.95,733.0,738.9,156295,2023-12-25
VSSL,EQ,225.3,228.0,220.0,221.2,127998,2023-12-25
VSTIND,EQ,3347.0,3410.05,3347.0,3398.75,6910,2023-12-25
VSTTILLERS,EQ,3845.15,3864.95,3800.0,3832.45,4168,2023-12-25
VTL,EQ,391.4,395.85,383.55,392.65,133300,2023-12-25
WABAG,EQ,609.4,609.55,592.0,600.8,300510,2023-12-25
WEBELSOLAR,EQ,254.0,257.95,242.3,252.1,350911,2023-12-25
WELCORP,EQ,519.05,532.5,513.5,530.55,772554,2023-12-25
WELENT,EQ,317.0,331.0,313.1,329.85,464099,2023-12-25
WELSPUNLIV,EQ,146.45,147.8,142.5,145.3,3166326,2023-12-25
WENDT,EQ,13794.45,13952.05,13794.45,13921.1,465,2023-12-25
WESTLIFE,EQ,820.0,828.0,813.55,821.25,220566,2023-12-25
WHEELS,EQ,679.45,694.95,675.65,681.25,13045,2023-12-25
WHIRLPOOL,EQ,1360.0,1372.0,1353.5,1359.25,47209,2023-12-25
WINDLAS,EQ,434.95,439.5,423.05,428.9,90188,2023-12-25
WINDMACHIN,EQ,90.0,94.45,90.0,90.65,78670,2023-12-25
WIPRO,EQ,435.3,466.3,434.0,462.65,23040407,2023-12-25
WOCKPHARMA,EQ,411.0,414.8,401.6,410.65,1388775,2023-12-25
WONDERLA,EQ,840.0,855.0,837.1,844.0,55036,2023-12-25
WORTH,EQ,108.9,111.95,107.4,110.95,16355,2023-12-25
WSTCSTPAPR,EQ,732.65,742.0,718.45,727.15,217162,2023-12-25
XCHANGING,EQ,109.05,118.4,109.05,113.15,3563512,2023-12-25
XELPMOC,EQ,100.0,102.85,98.05,100.3,55653,2023-12-25
XPROINDIA,EQ,1169.0,1176.0,1127.15,1137.05,41926,2023-12-25
YAARI,EQ,11.5,11.5,10.8,11.2,387877,2023-12-25
YASHO,EQ,1600.0,1607.95,1577.0,1588.65,25443,2023-12-25
YATHARTH,EQ,374.8,382.1,374.4,380.35,239527,2023-12-25
YATRA,EQ,139.4,143.0,137.8,140.25,701263,2023-12-25
YESBANK,EQ,21.25,21.45,20.8,21.05,279614591,2023-12-25
YUKEN,EQ,655.55,656.95,647.05,652.5,2812,2023-12-25
ZAGGLE,EQ,225.85,228.05,220.15,224.45,399856,2023-12-25
ZEEL,EQ,266.2,272.65,263.75,267.55,18959049,2023-12-25
ZEEMEDIA,EQ,15.65,15.9,15.45,15.7,9790381,2023-12-25
ZENITHEXPO,EQ,159.35,159.35,154.0,157.75,2263,2023-12-25
ZENSARTECH,EQ,633.0,639.95,604.1,620.05,3298618,2023-12-25
ZFCVINDIA,EQ,15588.35,15650.05,15450.45,15536.6,2642,2023-12-25
ZIMLAB,EQ,120.5,120.9,115.0,116.4,235133,2023-12-25
ZODIACLOTH,EQ,129.3,130.3,128.6,129.05,58732,2023-12-25
ZOMATO,EQ,130.55,131.0,125.3,128.5,63113800,2023-12-25
ZOTA,EQ,476.25,494.8,474.05,475.8,34377,2023-12-25
ZUARI,EQ,175.8,193.2,174.5,188.55,1779435,2023-12-25
ZUARIIND,EQ,199.0,206.9,195.05,203.65,287332,2023-12-25
ZYDUSLIFE,EQ,675.0,689.4,673.05,679.95,2027527,2023-12-25
ZYDUSWELL,EQ,1579.0,1596.95,1570.0,1590.15,24294,2023-12-25
