doc_id,domain,entity,text_len
market_regime,MARKET,MARKET_REGIME,413
sector_metal,SECTOR,METAL,376
sector_healthcare,SECTOR,HEALTHCARE,374
sector_amc,SECTOR,AMC,335
sector_pharma,SECTOR,PHARMA,386
sector_financial_services,SECTOR,FINANCIAL_SERVICES,391
sector_logistics,SECTOR,LOGISTICS,371
sector_other,SECTOR,OTHER,371
sector_aviation,SECTOR,AVIATION,342
sector_textiles,SECTOR,TEXTILES,387
sector_banking,SECTOR,BANKING,381
sector_infrastructure,SECTOR,INFRASTRUCTURE,385
sector_diversified,SECTOR,DIVERSIFIED,347
sector_retail,SECTOR,RETAIL,369
sector_auto,SECTOR,AUTO,387
sector_agriculture,SECTOR,AGRICULTURE,372
sector_hospitality,SECTOR,HOSPITALITY,382
sector_telecom,SECTOR,TELECOM,349
sector_it,SECTOR,IT,365
sector_media,SECTOR,MEDIA,378
sector_defence,SECTOR,DEFENCE,373
sector_realty,SECTOR,REALTY,373
sector_power,SECTOR,POWER,341
sector_chemicals,SECTOR,CHEMICALS,380
sector_capital_goods,SECTOR,CAPITAL_GOODS,392
sector_energy,SECTOR,ENERGY,380
sector_cement,SECTOR,CEMENT,352
sector_fmcg,SECTOR,FMCG,373
sector_exchange,SECTOR,EXCHANGE,341
sector_insurance,SECTOR,INSURANCE,342
stock_RBA,STOCK,RBA,422
stock_NEULANDLAB,STOCK,NEULANDLAB,484
stock_PAYTM,STOCK,PAYTM,418
stock_IRISDOREME,STOCK,IRISDOREME,437
stock_ROLEXRINGS,STOCK,ROLEXRINGS,480
stock_THYROCARE,STOCK,THYROCARE,489
stock_SUDEEPPHRM,STOCK,SUDEEPPHRM,484
stock_CREDITACC,STOCK,CREDITACC,454
stock_INDGN,STOCK,INDGN,478
stock_PVP,STOCK,PVP,412
stock_NRBBEARING,STOCK,NRBBEARING,480
stock_RATNAVEER,STOCK,RATNAVEER,428
stock_POONAWALLA,STOCK,POONAWALLA,457
stock_AVALON,STOCK,AVALON,435
stock_MOREPENLAB,STOCK,MOREPENLAB,433
stock_KABRAEXTRU,STOCK,KABRAEXTRU,447
stock_GANDHAR,STOCK,GANDHAR,475
stock_BI,STOCK,BI,417
stock_HAPPYFORGE,STOCK,HAPPYFORGE,498
stock_MATRIMONY,STOCK,MATRIMONY,481
stock_INDIGOPNTS,STOCK,INDIGOPNTS,439
stock_UNIVCABLES,STOCK,UNIVCABLES,498
stock_CYIENTDLM,STOCK,CYIENTDLM,444
stock_AZAD,STOCK,AZAD,429
stock_NETWEB,STOCK,NETWEB,417
stock_BAJAJ-AUTO,STOCK,BAJAJ-AUTO,480
stock_PTCIL,STOCK,PTCIL,416
stock_DOLPHIN,STOCK,DOLPHIN,424
stock_EMIL,STOCK,EMIL,415
stock_TDPOWERSYS,STOCK,TDPOWERSYS,498
stock_SHANTIGOLD,STOCK,SHANTIGOLD,447
stock_UTLSOLAR,STOCK,UTLSOLAR,441
stock_DIVGIITTS,STOCK,DIVGIITTS,483
stock_KINGFA,STOCK,KINGFA,435
stock_ALPHAGEO,STOCK,ALPHAGEO,478
stock_PARAS,STOCK,PARAS,420
stock_MANINDS,STOCK,MANINDS,422
stock_PRECWIRE,STOCK,PRECWIRE,476
stock_SANSERA,STOCK,SANSERA,471
stock_TARSONS,STOCK,TARSONS,432
stock_LMW,STOCK,LMW,477
stock_DECNGOLD,STOCK,DECNGOLD,425
stock_PRICOLLTD,STOCK,PRICOLLTD,477
stock_DEEPINDS,STOCK,DEEPINDS,427
stock_VARROC,STOCK,VARROC,417
stock_YASHO,STOCK,YASHO,475
stock_AVTNPL,STOCK,AVTNPL,482
stock_KDDL,STOCK,KDDL,462
stock_AGARWALEYE,STOCK,AGARWALEYE,441
stock_TBOTEK,STOCK,TBOTEK,431
stock_SAHYADRI,STOCK,SAHYADRI,433
stock_VINDHYATEL,STOCK,VINDHYATEL,486
stock_MPSLTD,STOCK,MPSLTD,429
stock_SENORES,STOCK,SENORES,424
stock_TVSSRICHAK,STOCK,TVSSRICHAK,480
stock_QUESS,STOCK,QUESS,467
stock_UJJIVANSFB,STOCK,UJJIVANSFB,435
stock_SUNDRMFAST,STOCK,SUNDRMFAST,480
stock_KAPSTON,STOCK,KAPSTON,473
stock_AYMSYNTEX,STOCK,AYMSYNTEX,434
stock_UCAL,STOCK,UCAL,411
stock_ATHERENERG,STOCK,ATHERENERG,429
stock_SJS,STOCK,SJS,459
stock_SEDEMAC,STOCK,SEDEMAC,420
stock_MACPOWER,STOCK,MACPOWER,492
stock_SHILPAMED,STOCK,SHILPAMED,481
stock_INDSWFTLAB,STOCK,INDSWFTLAB,433
stock_WELCORP,STOCK,WELCORP,473
stock_RAYMOND,STOCK,RAYMOND,424
stock_DALMIASUG,STOCK,DALMIASUG,477
stock_SONACOMS,STOCK,SONACOMS,474
stock_MOTHERSON,STOCK,MOTHERSON,495
stock_MANORAMA,STOCK,MANORAMA,423
stock_RKFORGE,STOCK,RKFORGE,471
stock_UNIPARTS,STOCK,UNIPARTS,474
stock_VSSL,STOCK,VSSL,464
stock_RRKABEL,STOCK,RRKABEL,489
stock_SGMART,STOCK,SGMART,419
stock_WELSPUNLIV,STOCK,WELSPUNLIV,488
stock_CHENNPETRO,STOCK,CHENNPETRO,482
stock_TI,STOCK,TI,456
stock_KWIL,STOCK,KWIL,411
stock_MMP,STOCK,MMP,461
stock_MMFL,STOCK,MMFL,462
stock_LAURUSLABS,STOCK,LAURUSLABS,484
stock_KANPRPLA,STOCK,KANPRPLA,484
stock_CUPID,STOCK,CUPID,465
stock_LUMAXTECH,STOCK,LUMAXTECH,477
stock_NELCO,STOCK,NELCO,461
stock_GKSL,STOCK,GKSL,423
stock_SCPL,STOCK,SCPL,413
stock_ALIVUS,STOCK,ALIVUS,472
stock_UNIMECH,STOCK,UNIMECH,426
stock_UFLEX,STOCK,UFLEX,475
stock_RADICO,STOCK,RADICO,468
stock_KPL,STOCK,KPL,412
stock_SBCL,STOCK,SBCL,464
stock_KEI,STOCK,KEI,477
stock_LENSKART,STOCK,LENSKART,427
stock_MODTHREAD,STOCK,MODTHREAD,434
stock_TVSMOTOR,STOCK,TVSMOTOR,474
stock_SKYGOLD,STOCK,SKYGOLD,420
stock_ASIANENE,STOCK,ASIANENE,478
stock_RUBICON,STOCK,RUBICON,475
stock_RISHABH,STOCK,RISHABH,489
stock_RPEL,STOCK,RPEL,480
stock_OBEROIRLTY,STOCK,OBEROIRLTY,484
stock_UGARSUGAR,STOCK,UGARSUGAR,477
stock_SREEL,STOCK,SREEL,465
stock_FILATEX,STOCK,FILATEX,479
stock_SANGHVIMOV,STOCK,SANGHVIMOV,498
stock_AUROPHARMA,STOCK,AUROPHARMA,484
stock_MARKSANS,STOCK,MARKSANS,478
stock_FINCABLES,STOCK,FINCABLES,495
stock_SETL,STOCK,SETL,429
stock_MUFIN,STOCK,MUFIN,442
stock_ACSTECH,STOCK,ACSTECH,424
stock_COMSYN,STOCK,COMSYN,468
stock_PGIL,STOCK,PGIL,470
stock_FEDERALBNK,STOCK,FEDERALBNK,435
stock_BOSCH-HCIL,STOCK,BOSCH-HCIL,429
stock_QMSMEDI,STOCK,QMSMEDI,422
stock_PVRINOX,STOCK,PVRINOX,422
stock_KMEW,STOCK,KMEW,482
stock_TIIL,STOCK,TIIL,464
stock_ATALREAL,STOCK,ATALREAL,427
stock_DHAMPURSUG,STOCK,DHAMPURSUG,480
stock_SHRIRAMFIN,STOCK,SHRIRAMFIN,508
stock_CRAFTSMAN,STOCK,CRAFTSMAN,477
stock_MODIS,STOCK,MODIS,418
stock_SHADOWFAX,STOCK,SHADOWFAX,436
stock_MAXESTATES,STOCK,MAXESTATES,433
stock_DREDGECORP,STOCK,DREDGECORP,449
stock_KAJARIACER,STOCK,KAJARIACER,498
stock_CNL,STOCK,CNL,463
stock_METROGLOBL,STOCK,METROGLOBL,431
stock_RPTECH,STOCK,RPTECH,413
stock_KSHINTL,STOCK,KSHINTL,438
stock_HNDFDS,STOCK,HNDFDS,417
stock_NAUKRI,STOCK,NAUKRI,472
stock_BOSCHLTD,STOCK,BOSCHLTD,474
stock_SAILIFE,STOCK,SAILIFE,430
stock_AJANTPHARM,STOCK,AJANTPHARM,484
stock_KRN,STOCK,KRN,410
stock_KTKBANK,STOCK,KTKBANK,477
stock_UNITDSPR,STOCK,UNITDSPR,474
stock_HALDER,STOCK,HALDER,431
stock_AETHER,STOCK,AETHER,427
stock_SIGIND,STOCK,SIGIND,470
stock_ADOR,STOCK,ADOR,480
stock_DIVISLAB,STOCK,DIVISLAB,478
stock_POLYPLEX,STOCK,POLYPLEX,484
stock_ROSSTECH,STOCK,ROSSTECH,480
stock_HAL,STOCK,HAL,465
stock_RSL,STOCK,RSL,410
stock_LALPATHLAB,STOCK,LALPATHLAB,492
stock_LASERPOWER,STOCK,LASERPOWER,431
stock_GLAND,STOCK,GLAND,469
stock_ARVSMART,STOCK,ARVSMART,427
stock_ELGIEQUIP,STOCK,ELGIEQUIP,495
stock_GSPCROP,STOCK,GSPCROP,430
stock_VIJAYA,STOCK,VIJAYA,429
stock_SSWL,STOCK,SSWL,462
stock_DYCL,STOCK,DYCL,480
stock_MUNJALAU,STOCK,MUNJALAU,423
stock_HEG,STOCK,HEG,477
stock_NAM-INDIA,STOCK,NAM-INDIA,475
stock_DEEDEV,STOCK,DEEDEV,419
stock_ARTEMISMED,STOCK,ARTEMISMED,492
stock_ASKAUTOLTD,STOCK,ASKAUTOLTD,480
stock_SHRIPISTON,STOCK,SHRIPISTON,480
stock_BLUESTONE,STOCK,BLUESTONE,426
stock_SHAILY,STOCK,SHAILY,486
stock_ENTERO,STOCK,ENTERO,421
stock_BALRAMCHIN,STOCK,BALRAMCHIN,480
stock_GAEL,STOCK,GAEL,425
stock_JGCHEM,STOCK,JGCHEM,427
stock_ARIES,STOCK,ARIES,475
stock_ANTHEM,STOCK,ANTHEM,472
stock_ACE,STOCK,ACE,408
stock_AKUMS,STOCK,AKUMS,469
stock_FCL,STOCK,FCL,469
stock_MARINE,STOCK,MARINE,486
stock_GNFC,STOCK,GNFC,472
stock_EXIDEIND,STOCK,EXIDEIND,474
stock_THELEELA,STOCK,THELEELA,437
stock_AMBALALSA,STOCK,AMBALALSA,430
stock_TITAN,STOCK,TITAN,465
stock_M&MFIN,STOCK,M&MFIN,496
stock_WSTCSTPAPR,STOCK,WSTCSTPAPR,439
stock_NAZARA,STOCK,NAZARA,464
stock_PRUDENT,STOCK,PRUDENT,499
stock_APARINDS,STOCK,APARINDS,433
stock_OMAXE,STOCK,OMAXE,418
stock_FLUOROCHEM,STOCK,FLUOROCHEM,490
stock_URBANCO,STOCK,URBANCO,424
stock_MINDACORP,STOCK,MINDACORP,477
stock_CHOLAFIN,STOCK,CHOLAFIN,502
stock_EICHERMOT,STOCK,EICHERMOT,477
stock_COFORGE,STOCK,COFORGE,467
stock_THEJO,STOCK,THEJO,432
stock_APLAPOLLO,STOCK,APLAPOLLO,428
stock_APOLLOPIPE,STOCK,APOLLOPIPE,498
stock_SOLARINDS,STOCK,SOLARINDS,487
stock_BLSE,STOCK,BLSE,458
stock_PPLPHARMA,STOCK,PPLPHARMA,430
stock_PREMIERPOL,STOCK,PREMIERPOL,482
stock_BEPL,STOCK,BEPL,480
stock_TALBROAUTO,STOCK,TALBROAUTO,480
stock_LODHA,STOCK,LODHA,418
stock_SIL,STOCK,SIL,469
stock_HSCL,STOCK,HSCL,472
stock_WINDLAS,STOCK,WINDLAS,475
stock_TASTYBITE,STOCK,TASTYBITE,477
stock_UTTAMSUGAR,STOCK,UTTAMSUGAR,480
stock_VRLLOG,STOCK,VRLLOG,478
stock_TTKHLTCARE,STOCK,TTKHLTCARE,494
stock_STYLAMIND,STOCK,STYLAMIND,430
stock_ARVIND,STOCK,ARVIND,425
stock_PITTIENG,STOCK,PITTIENG,492
stock_STEL,STOCK,STEL,439
stock_SIGMAADV,STOCK,SIGMAADV,425
stock_BTML,STOCK,BTML,413
stock_JSFB,STOCK,JSFB,417
stock_GHCLTEXTIL,STOCK,GHCLTEXTIL,488
stock_HONASA,STOCK,HONASA,417
stock_LTM,STOCK,LTM,455
stock_REDINGTON,STOCK,REDINGTON,473
stock_KENNAMET,STOCK,KENNAMET,492
stock_MUKKA,STOCK,MUKKA,428
stock_STEELCAS,STOCK,STEELCAS,492
stock_UNIONBANK,STOCK,UNIONBANK,483
stock_IDFCFIRSTB,STOCK,IDFCFIRSTB,486
stock_IIFL,STOCK,IIFL,490
stock_TFCILTD,STOCK,TFCILTD,499
stock_MONARCH,STOCK,MONARCH,499
stock_SYRMA,STOCK,SYRMA,483
stock_TRAVELFOOD,STOCK,TRAVELFOOD,443
stock_TURTLEMINT,STOCK,TURTLEMINT,431
stock_TATATECH,STOCK,TATATECH,474
stock_KALYANKJIL,STOCK,KALYANKJIL,480
stock_ANDHRSUGAR,STOCK,ANDHRSUGAR,490
stock_ENDURANCE,STOCK,ENDURANCE,477
stock_ORIENTELEC,STOCK,ORIENTELEC,479
stock_METROPOLIS,STOCK,METROPOLIS,491
stock_GRASIM,STOCK,GRASIM,472
stock_AARTIIND,STOCK,AARTIIND,433
stock_TCPLPACK,STOCK,TCPLPACK,484
stock_PNGSREVA,STOCK,PNGSREVA,423
stock_TATVA,STOCK,TATVA,475
stock_INDOTECH,STOCK,INDOTECH,425
stock_RBLBANK,STOCK,RBLBANK,477
stock_GALAXYSURF,STOCK,GALAXYSURF,490
stock_CINELINE,STOCK,CINELINE,424
stock_SARLAPOLY,STOCK,SARLAPOLY,484
stock_360ONE,STOCK,360ONE,496
stock_SURAKSHA,STOCK,SURAKSHA,435
stock_GUFICBIO,STOCK,GUFICBIO,478
stock_PAUSHAKLTD,STOCK,PAUSHAKLTD,490
stock_PONNIERODE,STOCK,PONNIERODE,480
stock_THAKDEV,STOCK,THAKDEV,424
stock_TMB,STOCK,TMB,463
stock_MEDANTA,STOCK,MEDANTA,432
stock_MANAPPURAM,STOCK,MANAPPURAM,508
stock_ORIENTBELL,STOCK,ORIENTBELL,498
stock_SIEMENS,STOCK,SIEMENS,489
stock_EIMCOELECO,STOCK,EIMCOELECO,498
stock_KPIL,STOCK,KPIL,482
stock_MEESHO,STOCK,MEESHO,421
stock_KARURVYSYA,STOCK,KARURVYSYA,486
stock_VCL,STOCK,VCL,416
stock_TAALTECH,STOCK,TAALTECH,431
stock_SUPRAJIT,STOCK,SUPRAJIT,474
stock_COSMOFIRST,STOCK,COSMOFIRST,490
stock_NILKAMAL,STOCK,NILKAMAL,474
stock_GOLDIAM,STOCK,GOLDIAM,471
stock_ZIMLAB,STOCK,ZIMLAB,419
stock_KOVAI,STOCK,KOVAI,426
stock_AEROFLEX,STOCK,AEROFLEX,476
stock_PNBHOUSING,STOCK,PNBHOUSING,508
stock_MAGADSUGAR,STOCK,MAGADSUGAR,480
stock_OFSS,STOCK,OFSS,490
stock_BIL,STOCK,BIL,416
stock_HEROMOTOCO,STOCK,HEROMOTOCO,480
stock_SUPREMEINF,STOCK,SUPREMEINF,449
stock_LLOYDSENGG,STOCK,LLOYDSENGG,447
stock_SHAHALLOYS,STOCK,SHAHALLOYS,431
stock_SALSTEEL,STOCK,SALSTEEL,425
stock_SAREGAMA,STOCK,SAREGAMA,476
stock_VADILALIND,STOCK,VADILALIND,480
stock_SEAMECLTD,STOCK,SEAMECLTD,436
stock_DICIND,STOCK,DICIND,478
stock_KOLTEPATIL,STOCK,KOLTEPATIL,433
stock_MANOMAY,STOCK,MANOMAY,428
stock_PIDILITIND,STOCK,PIDILITIND,489
stock_UNOMINDA,STOCK,UNOMINDA,474
stock_DATAPATTNS,STOCK,DATAPATTNS,486
stock_TNPETRO,STOCK,TNPETRO,483
stock_KNAGRI,STOCK,KNAGRI,417
stock_AARTIPHARM,STOCK,AARTIPHARM,484
stock_IPCALAB,STOCK,IPCALAB,424
stock_SMLMAH,STOCK,SMLMAH,468
stock_ZYDUSLIFE,STOCK,ZYDUSLIFE,481
stock_CMLL,STOCK,CMLL,412
stock_AUBANK,STOCK,AUBANK,474
stock_TMCV,STOCK,TMCV,462
stock_NYKAA,STOCK,NYKAA,418
stock_NAVINFLUOR,STOCK,NAVINFLUOR,490
stock_ETERNAL,STOCK,ETERNAL,424
stock_KIRANVYPAR,STOCK,KIRANVYPAR,457
stock_SUDARCOLOR,STOCK,SUDARCOLOR,439
stock_EBGNG,STOCK,EBGNG,410
stock_NEAGI,STOCK,NEAGI,414
stock_ARCHIDPLY,STOCK,ARCHIDPLY,430
stock_SOTL,STOCK,SOTL,466
stock_ARIHANT,STOCK,ARIHANT,424
stock_BBTCL,STOCK,BBTCL,424
stock_APCOTEXIND,STOCK,APCOTEXIND,508
stock_RIR,STOCK,RIR,410
stock_NATIONALUM,STOCK,NATIONALUM,482
stock_KNACK,STOCK,KNACK,416
stock_GABRIEL,STOCK,GABRIEL,471
stock_DCI,STOCK,DCI,410
stock_SPORTKING,STOCK,SPORTKING,434
stock_BALKRISIND,STOCK,BALKRISIND,480
stock_NEPHROPLUS,STOCK,NEPHROPLUS,441
stock_EMCURE,STOCK,EMCURE,421
stock_IFCI,STOCK,IFCI,439
stock_MSTCLTD,STOCK,MSTCLTD,473
stock_SGFIN,STOCK,SGFIN,442
stock_IBULLSLTD,STOCK,IBULLSLTD,427
stock_BAJFINANCE,STOCK,BAJFINANCE,508
stock_NITINSPIN,STOCK,NITINSPIN,434
stock_BAJAJFINSV,STOCK,BAJAJFINSV,508
stock_NINSYS,STOCK,NINSYS,419
stock_LGEINDIA,STOCK,LGEINDIA,423
stock_LLOYDSME,STOCK,LLOYDSME,476
stock_SOFTTECH,STOCK,SOFTTECH,424
stock_LT,STOCK,LT,476
stock_JINDALSAW,STOCK,JINDALSAW,478
stock_KAYA,STOCK,KAYA,423
stock_BELRISE,STOCK,BELRISE,438
stock_RAMRAT,STOCK,RAMRAT,485
stock_PIXTRANS,STOCK,PIXTRANS,484
stock_POWERINDIA,STOCK,POWERINDIA,498
stock_AEQUS,STOCK,AEQUS,420
stock_CALSOFT,STOCK,CALSOFT,421
stock_RAJRATAN,STOCK,RAJRATAN,474
stock_AVADHSUGAR,STOCK,AVADHSUGAR,482
stock_DCMNVL,STOCK,DCMNVL,418
stock_CONCORDBIO,STOCK,CONCORDBIO,484
stock_SHIVAUM,STOCK,SHIVAUM,421
stock_MAWANASUG,STOCK,MAWANASUG,479
stock_EMPOWER,STOCK,EMPOWER,421
stock_JSWSTEEL,STOCK,JSWSTEEL,475
stock_NESTLEIND,STOCK,NESTLEIND,477
stock_ASHOKLEY,STOCK,ASHOKLEY,474
stock_JAGSNPHARM,STOCK,JAGSNPHARM,483
stock_ABB,STOCK,ABB,477
stock_HFCL,STOCK,HFCL,468
stock_MUTHOOTCAP,STOCK,MUTHOOTCAP,456
stock_21STCENMGM,STOCK,21STCENMGM,457
stock_GLAXO,STOCK,GLAXO,469
stock_RITCO,STOCK,RITCO,424
stock_GULFOILLUB,STOCK,GULFOILLUB,484
stock_ELANTAS,STOCK,ELANTAS,481
stock_PDSL,STOCK,PDSL,470
stock_BHEL,STOCK,BHEL,462
stock_SAYAJIHOTL,STOCK,SAYAJIHOTL,442
stock_PNB,STOCK,PNB,465
stock_BETA,STOCK,BETA,415
stock_SINGERIND,STOCK,SINGERIND,477
stock_ANANTRAJ,STOCK,ANANTRAJ,478
stock_TRUALT,STOCK,TRUALT,431
stock_DIAMONDYD,STOCK,DIAMONDYD,425
stock_UEL,STOCK,UEL,461
stock_CHOICEIN,STOCK,CHOICEIN,442
stock_BHAGYANGR,STOCK,BHAGYANGR,427
stock_LTF,STOCK,LTF,487
stock_VMART,STOCK,VMART,469
stock_ALGOQUANT,STOCK,ALGOQUANT,453
stock_ENRIN,STOCK,ENRIN,483
stock_JINDWORLD,STOCK,JINDWORLD,434
stock_EPL,STOCK,EPL,469
stock_GRAVITA,STOCK,GRAVITA,421
stock_SILVERTUC,STOCK,SILVERTUC,472
stock_CENTENKA,STOCK,CENTENKA,431
stock_DIGJAMLMTD,STOCK,DIGJAMLMTD,437
stock_ABCAPITAL,STOCK,ABCAPITAL,454
stock_DIFFNKG,STOCK,DIFFNKG,438
stock_ZENTEC,STOCK,ZENTEC,474
stock_HUHTAMAKI,STOCK,HUHTAMAKI,488
stock_IKS,STOCK,IKS,405
stock_VISAKAIND,STOCK,VISAKAIND,486
stock_JSWINFRA,STOCK,JSWINFRA,495
stock_ELPROINTL,STOCK,ELPROINTL,430
stock_SOMANYCERA,STOCK,SOMANYCERA,498
stock_LPDC,STOCK,LPDC,416
stock_INNOVACAP,STOCK,INNOVACAP,482
stock_EDELWEISS,STOCK,EDELWEISS,506
stock_ALBERTDAVD,STOCK,ALBERTDAVD,485
stock_TECHM,STOCK,TECHM,462
stock_MANIPALHOS,STOCK,MANIPALHOS,431
stock_LANCORHOL,STOCK,LANCORHOL,482
stock_RATEGAIN,STOCK,RATEGAIN,420
stock_ORISSAMINE,STOCK,ORISSAMINE,432
stock_DBOL,STOCK,DBOL,465
stock_HINDALCO,STOCK,HINDALCO,477
stock_PANAMAPET,STOCK,PANAMAPET,482
stock_ANANDRATHI,STOCK,ANANDRATHI,508
stock_INDIANB,STOCK,INDIANB,478
stock_BEEKAY,STOCK,BEEKAY,419
stock_PERSISTENT,STOCK,PERSISTENT,477
stock_QPOWER,STOCK,QPOWER,471
stock_SUBEXLTD,STOCK,SUBEXLTD,425
stock_MERCURYEV,STOCK,MERCURYEV,428
stock_MAHLIFE,STOCK,MAHLIFE,476
stock_SAKAR,STOCK,SAKAR,418
stock_BHARATSE,STOCK,BHARATSE,475
stock_ARMANFIN,STOCK,ARMANFIN,451
stock_M&M,STOCK,M&M,473
stock_SOUTHBANK,STOCK,SOUTHBANK,432
stock_ETHOSLTD,STOCK,ETHOSLTD,424
stock_AARVI,STOCK,AARVI,416
stock_ZSARACOM,STOCK,ZSARACOM,452
stock_APOLLOHOSP,STOCK,APOLLOHOSP,492
stock_BECTORFOOD,STOCK,BECTORFOOD,481
stock_GRWRHITECH,STOCK,GRWRHITECH,499
stock_STARHEALTH,STOCK,STARHEALTH,458
stock_ASTERDM,STOCK,ASTERDM,484
stock_DAICHI,STOCK,DAICHI,428
stock_CRISIL,STOCK,CRISIL,496
stock_POLICYBZR,STOCK,POLICYBZR,454
stock_AEROENTER,STOCK,AEROENTER,480
stock_DRAGARWQ,STOCK,DRAGARWQ,436
stock_PAR,STOCK,PAR,412
stock_BERGEPAINT,STOCK,BERGEPAINT,491
stock_DYNAMATECH,STOCK,DYNAMATECH,499
stock_NIRLON,STOCK,NIRLON,421
stock_VISL,STOCK,VISL,414
stock_WEL,STOCK,WEL,460
stock_CONCOR,STOCK,CONCOR,479
stock_KMSUGAR,STOCK,KMSUGAR,421
stock_UMESLTD,STOCK,UMESLTD,423
stock_WORTHPERI,STOCK,WORTHPERI,488
stock_VGUARD,STOCK,VGUARD,496
stock_OIL,STOCK,OIL,464
stock_SHREEJISPG,STOCK,SHREEJISPG,491
stock_NRAIL,STOCK,NRAIL,476
stock_IGPL,STOCK,IGPL,473
stock_MIDHANI,STOCK,MIDHANI,478
stock_SHAREINDIA,STOCK,SHAREINDIA,509
stock_GRAPHITE,STOCK,GRAPHITE,493
stock_MAHLOG,STOCK,MAHLOG,479
stock_ESABINDIA,STOCK,ESABINDIA,495
stock_TENNIND,STOCK,TENNIND,420
stock_TAKE,STOCK,TAKE,413
stock_LCL,STOCK,LCL,410
stock_NEOGEN,STOCK,NEOGEN,478
stock_BHAGCHEM,STOCK,BHAGCHEM,485
stock_MAHSEAMLES,STOCK,MAHSEAMLES,431
stock_STYL,STOCK,STYL,439
stock_MOTISONS,STOCK,MOTISONS,423
stock_INDUSINDBK,STOCK,INDUSINDBK,487
stock_KROSS,STOCK,KROSS,414
stock_KIMS,STOCK,KIMS,423
stock_ENGINERSIN,STOCK,ENGINERSIN,500
stock_GANESHHOU,STOCK,GANESHHOU,481
stock_GARFIBRES,STOCK,GARFIBRES,485
stock_IDEA,STOCK,IDEA,418
stock_MWL,STOCK,MWL,462
stock_ARIS,STOCK,ARIS,432
stock_ARE&M,STOCK,ARE&M,465
stock_GOCLCORP,STOCK,GOCLCORP,434
stock_HCG,STOCK,HCG,473
stock_GMMPFAUDLR,STOCK,GMMPFAUDLR,499
stock_TATACAP,STOCK,TATACAP,500
stock_PGEL,STOCK,PGEL,480
stock_INOXINDIA,STOCK,INOXINDIA,495
stock_VOEPL,STOCK,VOEPL,416
stock_GLENMARK,STOCK,GLENMARK,478
stock_POLYCAB,STOCK,POLYCAB,489
stock_KKCL,STOCK,KKCL,471
stock_INDOMIM,STOCK,INDOMIM,422
stock_MANAKSTEEL,STOCK,MANAKSTEEL,431
stock_BAJAJHLDNG,STOCK,BAJAJHLDNG,508
stock_GLOBAL,STOCK,GLOBAL,480
stock_AYE,STOCK,AYE,437
stock_JYOTICNC,STOCK,JYOTICNC,441
stock_SKFINDUS,STOCK,SKFINDUS,493
stock_SMARTWORKS,STOCK,SMARTWORKS,434
stock_KIRLOSBROS,STOCK,KIRLOSBROS,498
stock_GROWWEV,STOCK,GROWWEV,423
stock_LUMAXIND,STOCK,LUMAXIND,474
stock_GIPCL,STOCK,GIPCL,483
stock_CORONA,STOCK,CORONA,472
stock_MANALIPETC,STOCK,MANALIPETC,491
stock_SUPERHOUSE,STOCK,SUPERHOUSE,489
stock_JSWENERGY,STOCK,JSWENERGY,480
stock_SUMICHEM,STOCK,SUMICHEM,485
deal_INDGN,DEAL,INDGN,234
deal_MEESHO,DEAL,MEESHO,235
deal_PAYTM,DEAL,PAYTM,234
deal_THYROCARE,DEAL,THYROCARE,237
deal_URBANCO,DEAL,URBANCO,235
deal_SUDEEPPHRM,DEAL,SUDEEPPHRM,238
deal_AGARWALEYE,DEAL,AGARWALEYE,238
deal_EIDPARRY,DEAL,EIDPARRY,236
deal_CREDITACC,DEAL,CREDITACC,237
deal_GODIGIT,DEAL,GODIGIT,235
deal_TENNIND,DEAL,TENNIND,235
deal_POONAWALLA,DEAL,POONAWALLA,238
deal_METROPOLIS,DEAL,METROPOLIS,238
deal_NEULANDLAB,DEAL,NEULANDLAB,238
deal_INDIGOPNTS,DEAL,INDIGOPNTS,237
deal_GANDHAR,DEAL,GANDHAR,234
deal_RBA,DEAL,RBA,230
deal_ORIENTELEC,DEAL,ORIENTELEC,237
deal_CMLL,DEAL,CMLL,231
deal_ROLEXRINGS,DEAL,ROLEXRINGS,237
deal_ANAWIL,DEAL,ANAWIL,232
deal_IRISDOREME,DEAL,IRISDOREME,236
deal_UNIVASTU,DEAL,UNIVASTU,234
deal_PINELABS,DEAL,PINELABS,234
deal_VCL,DEAL,VCL,229
deal_VICTORYEV,DEAL,VICTORYEV,235
deal_VIJAYPD,DEAL,VIJAYPD,233
deal_VIJIFIN,DEAL,VIJIFIN,233
deal_VIKRAMSOLR,DEAL,VIKRAMSOLR,236
deal_VIMTALABS,DEAL,VIMTALABS,235
deal_VINYAS,DEAL,VINYAS,232
deal_ADDICTIVE,DEAL,ADDICTIVE,235
deal_ADANIGREEN,DEAL,ADANIGREEN,236
deal_ARIS,DEAL,ARIS,230
deal_ARVSMART,DEAL,ARVSMART,234
deal_ASHIKAG,DEAL,ASHIKAG,233
deal_ASIANTILES,DEAL,ASIANTILES,236
deal_ASKAUTOLTD,DEAL,ASKAUTOLTD,236
deal_ATALREAL,DEAL,ATALREAL,234
deal_AUTOIND,DEAL,AUTOIND,233
deal_AVADHSUGAR,DEAL,AVADHSUGAR,236
deal_AVIENCE,DEAL,AVIENCE,233
deal_BAFNAPH,DEAL,BAFNAPH,233
deal_BAJAJ-AUTO,DEAL,BAJAJ-AUTO,236
deal_BAJAJELEC,DEAL,BAJAJELEC,235
deal_BAJAJHCARE,DEAL,BAJAJHCARE,236
deal_BALPHARMA,DEAL,BALPHARMA,235
deal_UFLEX,DEAL,UFLEX,231
deal_ULTRAMAR,DEAL,ULTRAMAR,234
deal_BEPL,DEAL,BEPL,230
deal_BESTAGRO,DEAL,BESTAGRO,234
deal_BGLOBAL,DEAL,BGLOBAL,233
deal_BHADORA,DEAL,BHADORA,233
deal_BIKEWO,DEAL,BIKEWO,232
deal_BIOPOL,DEAL,BIOPOL,232
deal_BIRDYS,DEAL,BIRDYS,232
deal_BLISSGVS,DEAL,BLISSGVS,234
deal_BLSE,DEAL,BLSE,230
deal_BLUESTONE,DEAL,BLUESTONE,235
deal_BLUEWATER,DEAL,BLUEWATER,235
deal_BMLL,DEAL,BMLL,230
deal_BTML,DEAL,BTML,230
deal_C2C,DEAL,C2C,229
deal_ARENTERP,DEAL,ARENTERP,234
deal_ARHAM,DEAL,ARHAM,231
deal_CEDAAR,DEAL,CEDAAR,232
deal_CELLO,DEAL,CELLO,231
deal_CENTENKA,DEAL,CENTENKA,234
deal_CENTEXT,DEAL,CENTEXT,233
deal_CGRAPHICS,DEAL,CGRAPHICS,235
deal_CHAVDA,DEAL,CHAVDA,232
deal_CKKRETAIL,DEAL,CKKRETAIL,235
deal_CMRSL,DEAL,CMRSL,231
deal_CNL,DEAL,CNL,229
deal_COMMITTED,DEAL,COMMITTED,235
deal_COMSYN,DEAL,COMSYN,232
deal_CORALFINAC,DEAL,CORALFINAC,236
deal_CRAMC,DEAL,CRAMC,231
deal_BANDHANBNK,DEAL,BANDHANBNK,236
deal_BECTORFOOD,DEAL,BECTORFOOD,236
deal_CSM,DEAL,CSM,229
deal_CUDML,DEAL,CUDML,231
deal_CYIENTDLM,DEAL,CYIENTDLM,235
deal_DALMIASUG,DEAL,DALMIASUG,235
deal_DAVANGERE,DEAL,DAVANGERE,235
deal_DBL,DEAL,DBL,229
deal_DELTAMAGNT,DEAL,DELTAMAGNT,236
deal_DHARAN,DEAL,DHARAN,232
deal_DHOOTTRANS,DEAL,DHOOTTRANS,236
deal_DHTL,DEAL,DHTL,230
deal_DIAMONDYD,DEAL,DIAMONDYD,235
deal_DIGIKORE,DEAL,DIGIKORE,234
deal_DIGJAMLMTD,DEAL,DIGJAMLMTD,236
deal_DJML,DEAL,DJML,230
deal_CAPILLARY,DEAL,CAPILLARY,235
deal_CCAVENUE,DEAL,CCAVENUE,234
deal_DURLAX,DEAL,DURLAX,232
deal_DYCL,DEAL,DYCL,230
deal_EEPL,DEAL,EEPL,230
deal_EIMCOELECO,DEAL,EIMCOELECO,236
deal_EMBASSY,DEAL,EMBASSY,233
deal_EMIL,DEAL,EMIL,230
deal_ENCOMPAS,DEAL,ENCOMPAS,234
deal_EPACKPEB,DEAL,EPACKPEB,234
deal_EXPLEOSOL,DEAL,EXPLEOSOL,235
deal_FEDDERSHOL,DEAL,FEDDERSHOL,236
deal_FINCABLES,DEAL,FINCABLES,235
deal_FINOPB,DEAL,FINOPB,232
deal_FLEXITUFF,DEAL,FLEXITUFF,235
deal_CREATIVEYE,DEAL,CREATIVEYE,236
deal_FWSTC,DEAL,FWSTC,231
deal_GANESHBE,DEAL,GANESHBE,234
deal_GANESHIN,DEAL,GANESHIN,234
deal_GANGAFORGE,DEAL,GANGAFORGE,236
deal_GATECH,DEAL,GATECH,232
deal_GATECHDVR,DEAL,GATECHDVR,235
deal_GCSL,DEAL,GCSL,230
deal_GENESYS-RE,DEAL,GENESYS-RE,236
deal_GHCLTEXTIL,DEAL,GHCLTEXTIL,236
deal_GNA,DEAL,GNA,229
deal_GODAVARIB,DEAL,GODAVARIB,235
deal_GRADIENTE,DEAL,GRADIENTE,235
deal_DOLLEX,DEAL,DOLLEX,232
deal_DOLPHIN,DEAL,DOLPHIN,233
deal_GULPOLY,DEAL,GULPOLY,233
deal_HAPPY,DEAL,HAPPY,231
deal_HEADSUP,DEAL,HEADSUP,233
deal_HINDWAREAP,DEAL,HINDWAREAP,236
deal_HUHTAMAKI,DEAL,HUHTAMAKI,235
deal_IDENTICAL,DEAL,IDENTICAL,235
deal_IEML,DEAL,IEML,230
deal_IGARASHI,DEAL,IGARASHI,234
deal_IIFL,DEAL,IIFL,230
deal_INDOBORAX,DEAL,INDOBORAX,235
deal_INDOTHAI,DEAL,INDOTHAI,234
deal_INNOMET,DEAL,INNOMET,233
deal_FLYSBS,DEAL,FLYSBS,232
deal_FOCE,DEAL,FOCE,230
deal_IPHL,DEAL,IPHL,230
deal_ITDC,DEAL,ITDC,230
deal_JAGSNPHARM,DEAL,JAGSNPHARM,236
deal_JAIPURKURT,DEAL,JAIPURKURT,236
deal_JALAN,DEAL,JALAN,231
deal_JETFREIGHT,DEAL,JETFREIGHT,236
deal_JEYYAM,DEAL,JEYYAM,232
deal_JGCHEM,DEAL,JGCHEM,232
deal_JINDWORLD,DEAL,JINDWORLD,235
deal_JISLDVREQS,DEAL,JISLDVREQS,236
deal_KABRAEXTRU,DEAL,KABRAEXTRU,236
deal_KALYANKJIL,DEAL,KALYANKJIL,236
deal_GSMFOILS,DEAL,GSMFOILS,234
deal_GTECJAINX,DEAL,GTECJAINX,235
deal_KCK,DEAL,KCK,229
deal_KERNEX,DEAL,KERNEX,232
deal_KFINTECH,DEAL,KFINTECH,234
deal_KONSTELEC,DEAL,KONSTELEC,235
deal_KPIGREEN,DEAL,KPIGREEN,234
deal_KPITTECH,DEAL,KPITTECH,234
deal_KROSS,DEAL,KROSS,231
deal_KRYSTAL,DEAL,KRYSTAL,233
deal_KSHITIJPOL,DEAL,KSHITIJPOL,236
deal_LAMOSAIC,DEAL,LAMOSAIC,234
deal_LASERPOWER,DEAL,LASERPOWER,236
deal_LCL,DEAL,LCL,229
deal_LEAPIND,DEAL,LEAPIND,233
deal_LOTUSDEV,DEAL,LOTUSDEV,234
deal_INTEGRITY,DEAL,INTEGRITY,235
deal_INTENTECH,DEAL,INTENTECH,235
deal_MANAKCOAT,DEAL,MANAKCOAT,235
deal_MANBA,DEAL,MANBA,231
deal_MANCREDIT,DEAL,MANCREDIT,235
deal_MANORAMA,DEAL,MANORAMA,234
deal_MANYAVAR,DEAL,MANYAVAR,234
deal_MARKOLINES,DEAL,MARKOLINES,236
deal_MARKSANS,DEAL,MARKSANS,234
deal_MASON,DEAL,MASON,231
deal_MDL,DEAL,MDL,229
deal_MEDICO,DEAL,MEDICO,232
deal_METALIC,DEAL,METALIC,233
deal_INVICTA,DEAL,INVICTA,233
deal_MHLXMIRU,DEAL,MHLXMIRU,234
deal_KARURVYSYA,DEAL,KARURVYSYA,236
deal_KAYNES,DEAL,KAYNES,232
deal_MILTON,DEAL,MILTON,232
deal_MOBIKWIK,DEAL,MOBIKWIK,234
deal_MODIS,DEAL,MODIS,231
deal_MOHITIND,DEAL,MOHITIND,234
deal_MOIL,DEAL,MOIL,230
deal_MOLBIO,DEAL,MOLBIO,232
deal_MOLDTECH,DEAL,MOLDTECH,234
deal_MOREPENLAB,DEAL,MOREPENLAB,236
deal_MOS,DEAL,MOS,229
deal_MOTISONS,DEAL,MOTISONS,234
deal_MUNISH,DEAL,MUNISH,232
deal_MUNJALAU,DEAL,MUNJALAU,234
deal_MVELECTRO,DEAL,MVELECTRO,235
deal_MYMUDRA,DEAL,MYMUDRA,233
deal_MACOBSTECH,DEAL,MACOBSTECH,236
deal_MAGSON,DEAL,MAGSON,232
deal_NARMADA,DEAL,NARMADA,233
deal_NATCAPSUQ,DEAL,NATCAPSUQ,235
deal_NBIFIN,DEAL,NBIFIN,232
deal_NDLVENTURE,DEAL,NDLVENTURE,236
deal_NELCO,DEAL,NELCO,231
deal_ADANIPOWER,DEAL,ADANIPOWER,236
deal_NGIL,DEAL,NGIL,230
deal_NILKAMAL,DEAL,NILKAMAL,234
deal_NIRMAN,DEAL,NIRMAN,232
deal_NRVANDANA,DEAL,NRVANDANA,235
deal_OBSCP,DEAL,OBSCP,231
deal_OFSS,DEAL,OFSS,230
deal_OMFURN,DEAL,OMFURN,232
deal_ONEPOINT,DEAL,ONEPOINT,234
deal_ONYX,DEAL,ONYX,230
deal_MIDHANI,DEAL,MIDHANI,233
deal_OPTIVALUE,DEAL,OPTIVALUE,235
deal_ORCHASP,DEAL,ORCHASP,233
deal_ZOTA,DEAL,ZOTA,230
deal_ORIENTLTD,DEAL,ORIENTLTD,235
deal_ORIENTTECH,DEAL,ORIENTTECH,236
deal_OSWALPUMPS,DEAL,OSWALPUMPS,236
deal_OSWALSEEDS,DEAL,OSWALSEEDS,236
deal_PANAMAPET,DEAL,PANAMAPET,235
deal_PARADEEP,DEAL,PARADEEP,234
deal_63MOONS,DEAL,63MOONS,233
deal_PCBL,DEAL,PCBL,230
deal_PCJEWELLER,DEAL,PCJEWELLER,236
deal_PGEL,DEAL,PGEL,230
deal_AAREYDRUGS,DEAL,AAREYDRUGS,236
deal_PNGSREVA,DEAL,PNGSREVA,234
deal_NAGREEKEXP,DEAL,NAGREEKEXP,236
deal_PONNIERODE,DEAL,PONNIERODE,236
deal_AARTIPHARM,DEAL,AARTIPHARM,236
deal_PPSL,DEAL,PPSL,230
deal_PREMEXPLN,DEAL,PREMEXPLN,235
deal_PRIMESECU,DEAL,PRIMESECU,235
deal_PROPSHOP,DEAL,PROPSHOP,234
deal_PRSMJOHNSN,DEAL,PRSMJOHNSN,236
deal_PRUDENT,DEAL,PRUDENT,233
deal_PURPLEUTED,DEAL,PURPLEUTED,236
deal_PYRAMID,DEAL,PYRAMID,233
deal_QUESS,DEAL,QUESS,231
deal_RADHIKAJWE,DEAL,RADHIKAJWE,236
deal_RAMBHAJO,DEAL,RAMBHAJO,234
deal_RAMCOIND,DEAL,RAMCOIND,234
deal_RAPPID,DEAL,RAPPID,232
deal_OPTIMYSTIX,DEAL,OPTIMYSTIX,236
deal_AASTHA,DEAL,AASTHA,232
deal_RCDL,DEAL,RCDL,230
deal_REDINGTON,DEAL,REDINGTON,235
deal_RELIABLE,DEAL,RELIABLE,234
deal_REMUS,DEAL,REMUS,231
deal_RFBL,DEAL,RFBL,230
deal_RGL,DEAL,RGL,229
deal_RHETAN,DEAL,RHETAN,232
deal_RICHA,DEAL,RICHA,231
deal_RICOAUTO,DEAL,RICOAUTO,234
deal_RIIT,DEAL,RIIT,230
deal_RITCO,DEAL,RITCO,231
deal_ARDEE,DEAL,ARDEE,231
deal_ROUTE,DEAL,ROUTE,231
deal_RPPINFRA,DEAL,RPPINFRA,234
deal_POLYSIL,DEAL,POLYSIL,233
deal_RTL,DEAL,RTL,229
deal_RUDRA,DEAL,RUDRA,231
deal_SAHANA,DEAL,SAHANA,232
deal_SAJHOTELS,DEAL,SAJHOTELS,235
deal_SANGINITA,DEAL,SANGINITA,235
deal_SAPPHIRE,DEAL,SAPPHIRE,234
deal_SAWALIYA,DEAL,SAWALIYA,234
deal_URAVIDEF,DEAL,URAVIDEF,234
deal_SBCL,DEAL,SBCL,230
deal_SCANSTL,DEAL,SCANSTL,233
deal_SDBL,DEAL,SDBL,230
deal_SEAMECLTD,DEAL,SEAMECLTD,235
deal_SEITINVIT,DEAL,SEITINVIT,235
deal_SEL,DEAL,SEL,229
deal_SENCO,DEAL,SENCO,231
deal_RATNAVEER,DEAL,RATNAVEER,235
deal_SHAH,DEAL,SHAH,230
deal_SHALPAINTS,DEAL,SHALPAINTS,236
deal_SHANKARA,DEAL,SHANKARA,234
deal_SHANTHALA,DEAL,SHANTHALA,235
deal_SHANTI,DEAL,SHANTI,232
deal_SHANTI-RE,DEAL,SHANTI-RE,235
deal_SHANTIGOLD,DEAL,SHANTIGOLD,236
deal_SHILPAMED,DEAL,SHILPAMED,235
deal_SHINDL,DEAL,SHINDL,232
deal_SHIVAUM,DEAL,SHIVAUM,233
deal_SHK,DEAL,SHK,229
deal_SHREEJISPG,DEAL,SHREEJISPG,236
deal_SICAGEN,DEAL,SICAGEN,233
deal_SILKY,DEAL,SILKY,231
deal_SMLMAH,DEAL,SMLMAH,232
deal_RSL,DEAL,RSL,229
deal_STYLEBAAZA,DEAL,STYLEBAAZA,236
deal_SUDARSCHEM,DEAL,SUDARSCHEM,236
deal_URBAN,DEAL,URBAN,231
deal_SUMEETINDS,DEAL,SUMEETINDS,236
deal_SUNDARAM,DEAL,SUNDARAM,234
deal_SUPREMEENG,DEAL,SUPREMEENG,236
deal_SURANI,DEAL,SURANI,232
deal_SURYALA,DEAL,SURYALA,233
deal_SURYODAY,DEAL,SURYODAY,234
deal_SWARAJ,DEAL,SWARAJ,232
deal_TAKE,DEAL,TAKE,230
deal_TANLA,DEAL,TANLA,231
deal_TARSONS,DEAL,TARSONS,233
deal_TBZ,DEAL,TBZ,229
deal_TCL,DEAL,TCL,229
deal_SHADOWFAX,DEAL,SHADOWFAX,235
deal_TECHERA,DEAL,TECHERA,233
deal_TECHNOCRAF,DEAL,TECHNOCRAF,236
deal_TECILCHEM,DEAL,TECILCHEM,235
deal_SBC,DEAL,SBC,229
deal_TFCILTD,DEAL,TFCILTD,233
deal_THOMASCOTT,DEAL,THOMASCOTT,236
deal_VALUE360,DEAL,VALUE360,234
deal_TIJARIA,DEAL,TIJARIA,233
deal_TIL,DEAL,TIL,229
deal_TINNARUBR,DEAL,TINNARUBR,235
deal_TIPSFILMS,DEAL,TIPSFILMS,235
deal_TIRUPATI,DEAL,TIRUPATI,234
deal_TRIDENT,DEAL,TRIDENT,233
deal_TSC,DEAL,TSC,229
deal_TTKPRESTIG,DEAL,TTKPRESTIG,236
deal_STALLION,DEAL,STALLION,234
deal_ACCENTMIC,DEAL,ACCENTMIC,235
deal_VISAKAIND,DEAL,VISAKAIND,235
deal_VIVO,DEAL,VIVO,230
deal_VMOBILE,DEAL,VMOBILE,233
deal_VOLERCAR,DEAL,VOLERCAR,234
deal_WAKEFIT,DEAL,WAKEFIT,233
deal_WANBURY,DEAL,WANBURY,233
deal_WEL,DEAL,WEL,229
deal_WINDLAS,DEAL,WINDLAS,233
deal_WOMANCART,DEAL,WOMANCART,235
deal_XTRANET,DEAL,XTRANET,233
deal_YATRA,DEAL,YATRA,231
deal_ZAGGLE,DEAL,ZAGGLE,232
deal_ZEEL,DEAL,ZEEL,230
deal_ZENITHDRUG,DEAL,ZENITHDRUG,236
deal_UNIECOM,DEAL,UNIECOM,233
deal_AGARIND,DEAL,AGARIND,233
deal_AGIIL,DEAL,AGIIL,231
deal_AHIMSA,DEAL,AHIMSA,232
deal_AIMTRON,DEAL,AIMTRON,233
deal_AISL,DEAL,AISL,230
deal_AKG,DEAL,AKG,229
deal_ALLCARGO,DEAL,ALLCARGO,234
deal_ALPINETEX,DEAL,ALPINETEX,235
deal_ANANDRATHI,DEAL,ANANDRATHI,236
deal_VARROC,DEAL,VARROC,232
deal_ANDHRSUGAR,DEAL,ANDHRSUGAR,236
deal_ANNAPURNA,DEAL,ANNAPURNA,235
deal_APEX,DEAL,APEX,230
deal_APOLLOPIPE,DEAL,APOLLOPIPE,236
deal_AQYLON,DEAL,AQYLON,232
deal_VIPULLTD,DEAL,VIPULLTD,234
deal_TEMBO,DEAL,TEMBO,232
deal_MTARTECH,DEAL,MTARTECH,237
corp_ECLERX,CORPORATE,ECLERX,251
corp_LALPATHLAB,CORPORATE,LALPATHLAB,255
corp_FCL,CORPORATE,FCL,248
corp_IRB,CORPORATE,IRB,248
corp_FAIRCHEMOR,CORPORATE,FAIRCHEMOR,255
corp_INFY,CORPORATE,INFY,249
corp_KAJARIACER,CORPORATE,KAJARIACER,255
corp_ROLEXRINGS,CORPORATE,ROLEXRINGS,255
corp_CYBERTECH,CORPORATE,CYBERTECH,254
corp_WIPRO,CORPORATE,WIPRO,250
corp_RMDRIP,CORPORATE,RMDRIP,251
corp_CMSINFO,CORPORATE,CMSINFO,252
corp_MATRIMONY,CORPORATE,MATRIMONY,254
corp_CYIENT,CORPORATE,CYIENT,251
corp_BAJAJ-AUTO,CORPORATE,BAJAJ-AUTO,255
corp_DHANUKA,CORPORATE,DHANUKA,252
corp_JAGSNPHARM,CORPORATE,JAGSNPHARM,255
corp_GARFIBRES,CORPORATE,GARFIBRES,254
corp_ZYDUSLIFE,CORPORATE,ZYDUSLIFE,254
corp_ONWARDTEC,CORPORATE,ONWARDTEC,254
corp_VLSFINANCE,CORPORATE,VLSFINANCE,255
corp_BHARATRAS,CORPORATE,BHARATRAS,254
corp_SARLAPOLY,CORPORATE,SARLAPOLY,254
corp_PATANJALI,CORPORATE,PATANJALI,254
corp_BESTAGRO,CORPORATE,BESTAGRO,253
corp_PATINTLOG,CORPORATE,PATINTLOG,254
corp_GHCL,CORPORATE,GHCL,249
corp_WINDLAS,CORPORATE,WINDLAS,252
corp_WELSPUNLIV,CORPORATE,WELSPUNLIV,255
corp_AUROPHARMA,CORPORATE,AUROPHARMA,255
corp_METROPOLIS,CORPORATE,METROPOLIS,255
corp_NECLIFE,CORPORATE,NECLIFE,252
corp_NAZARA,CORPORATE,NAZARA,251
corp_SIKKO,CORPORATE,SIKKO,250
corp_SILVERTUC,CORPORATE,SILVERTUC,254
corp_TRENT,CORPORATE,TRENT,250
corp_THYROCARE,CORPORATE,THYROCARE,254
corp_ANANDRATHI,CORPORATE,ANANDRATHI,255
corp_TEAMLEASE,CORPORATE,TEAMLEASE,254
corp_BAJAJCON,CORPORATE,BAJAJCON,253
corp_GOCOLORS,CORPORATE,GOCOLORS,253
corp_AHCL,CORPORATE,AHCL,249
corp_GOLDIAM,CORPORATE,GOLDIAM,252
corp_SMCGLOBAL,CORPORATE,SMCGLOBAL,254
corp_RNBDENIMS,CORPORATE,RNBDENIMS,254
corp_ORBTEXP,CORPORATE,ORBTEXP,252
corp_NURECA,CORPORATE,NURECA,251
corp_GODFRYPHLP,CORPORATE,GODFRYPHLP,255
corp_RAMRAT,CORPORATE,RAMRAT,251
corp_BEML,CORPORATE,BEML,249
corp_CAMS,CORPORATE,CAMS,249
corp_BEPL,CORPORATE,BEPL,249
corp_SANDUMA,CORPORATE,SANDUMA,252
corp_SHILPAMED,CORPORATE,SHILPAMED,254
corp_HDFCAMC,CORPORATE,HDFCAMC,252
corp_DELPHIFX,CORPORATE,DELPHIFX,253
corp_HUDCO,CORPORATE,HUDCO,250
corp_TIMETECHNO,CORPORATE,TIMETECHNO,255
corp_ZFCVINDIA,CORPORATE,ZFCVINDIA,254
corp_PIDILITIND,CORPORATE,PIDILITIND,255
corp_LICI,CORPORATE,LICI,249
corp_CUB,CORPORATE,CUB,248
corp_HIRECT,CORPORATE,HIRECT,251
corp_ANGELONE,CORPORATE,ANGELONE,253
corp_BRIGADE,CORPORATE,BRIGADE,252
corp_AIIL,CORPORATE,AIIL,249
corp_GRMOVER,CORPORATE,GRMOVER,252
corp_HARDWYN,CORPORATE,HARDWYN,252
corp_UEL,CORPORATE,UEL,248
corp_HCLTECH,CORPORATE,HCLTECH,252
corp_UNIVASTU,CORPORATE,UNIVASTU,253
corp_AXITA,CORPORATE,AXITA,250
corp_MONEYBOXX,CORPORATE,MONEYBOXX,254
corp_PFC,CORPORATE,PFC,248
corp_OBEROIRLTY,CORPORATE,OBEROIRLTY,255
corp_ORIENTTECH,CORPORATE,ORIENTTECH,255
corp_BECTORFOOD,CORPORATE,BECTORFOOD,255
corp_NATIONALUM,CORPORATE,NATIONALUM,255
corp_NUVAMA,CORPORATE,NUVAMA,251
corp_NRBBEARING,CORPORATE,NRBBEARING,255
corp_SIYSIL,CORPORATE,SIYSIL,251
corp_STEELCITY,CORPORATE,STEELCITY,254
corp_CRISIL,CORPORATE,CRISIL,251
corp_KILITCH,CORPORATE,KILITCH,252
corp_KOTYARK,CORPORATE,KOTYARK,252
corp_TCS,CORPORATE,TCS,248
corp_INFOBEAN,CORPORATE,INFOBEAN,253
corp_KAPSTON,CORPORATE,KAPSTON,252
corp_BALKRISIND,CORPORATE,BALKRISIND,255
corp_LGHL,CORPORATE,LGHL,249
corp_CUPID,CORPORATE,CUPID,250
corp_RECLTD,CORPORATE,RECLTD,251
corp_SHAREINDIA,CORPORATE,SHAREINDIA,255
corp_FISCHER,CORPORATE,FISCHER,252
corp_GODREJCP,CORPORATE,GODREJCP,253
corp_ABINFRA,CORPORATE,ABINFRA,252
corp_AJMERA,CORPORATE,AJMERA,251
corp_TRIVENI,CORPORATE,TRIVENI,252
corp_GRSE,CORPORATE,GRSE,249
corp_GEEKAYWIRE,CORPORATE,GEEKAYWIRE,255
corp_GOPAL,CORPORATE,GOPAL,250
corp_ZYDUSWELL,CORPORATE,ZYDUSWELL,254
corp_STEELCAS,CORPORATE,STEELCAS,253
corp_TATAINVEST,CORPORATE,TATAINVEST,255
corp_SYMPHONY,CORPORATE,SYMPHONY,253
corp_JLHL,CORPORATE,JLHL,249
corp_KOTAKBANK,CORPORATE,KOTAKBANK,254
corp_KPIGREEN,CORPORATE,KPIGREEN,253
corp_ESABINDIA,CORPORATE,ESABINDIA,254
corp_TEMBO,CORPORATE,TEMBO,250
corp_AMRUTANJAN,CORPORATE,AMRUTANJAN,255
corp_KRISHANA,CORPORATE,KRISHANA,253
corp_KPEL,CORPORATE,KPEL,249
corp_SOMANYCERA,CORPORATE,SOMANYCERA,255
corp_SONATSOFTW,CORPORATE,SONATSOFTW,255
corp_DCMSHRIRAM,CORPORATE,DCMSHRIRAM,255
corp_DBEIL,CORPORATE,DBEIL,250
corp_MANBA,CORPORATE,MANBA,250
corp_KSOLVES,CORPORATE,KSOLVES,252
corp_CONCOR,CORPORATE,CONCOR,251
corp_COFORGE,CORPORATE,COFORGE,252
corp_COCHINSHIP,CORPORATE,COCHINSHIP,255
corp_COALINDIA,CORPORATE,COALINDIA,254
corp_MBAPL,CORPORATE,MBAPL,250
corp_MAZDOCK,CORPORATE,MAZDOCK,252
corp_SIGMA,CORPORATE,SIGMA,250
corp_MANAPPURAM,CORPORATE,MANAPPURAM,255
corp_SUNTV,CORPORATE,SUNTV,250
corp_SCI,CORPORATE,SCI,248
corp_MOIL,CORPORATE,MOIL,249
corp_MRF,CORPORATE,MRF,248
corp_BAJAJHLDNG,CORPORATE,BAJAJHLDNG,255
corp_MODISONLTD,CORPORATE,MODISONLTD,255
corp_NAUKRI,CORPORATE,NAUKRI,251
corp_RITES,CORPORATE,RITES,250
corp_NTPC,CORPORATE,NTPC,249
corp_CENTRALBK,CORPORATE,CENTRALBK,254
corp_NESTLEIND,CORPORATE,NESTLEIND,254
corp_NAVNETEDUL,CORPORATE,NAVNETEDUL,255
corp_ROUTE,CORPORATE,ROUTE,250
corp_MWL,CORPORATE,MWL,248
corp_OIL,CORPORATE,OIL,248
corp_PRECWIRE,CORPORATE,PRECWIRE,253
corp_PAGEIND,CORPORATE,PAGEIND,252
corp_PASHUPATI,CORPORATE,PASHUPATI,254
corp_ONGC,CORPORATE,ONGC,249
corp_POCL,CORPORATE,POCL,249
corp_VAIBHAVGBL,CORPORATE,VAIBHAVGBL,255
corp_GESHIP,CORPORATE,GESHIP,251
corp_VEEDOL,CORPORATE,VEEDOL,251
corp_VBL,CORPORATE,VBL,248
corp_WEBELSOLAR,CORPORATE,WEBELSOLAR,255
corp_WEALTH,CORPORATE,WEALTH,251
corp_ADVANIHOTR,CORPORATE,ADVANIHOTR,255
corp_ADFFOODS,CORPORATE,ADFFOODS,253
corp_ADANIPOWER,CORPORATE,ADANIPOWER,255
corp_VINDHYATEL,CORPORATE,VINDHYATEL,255
corp_VIDHIING,CORPORATE,VIDHIING,253
corp_VGL,CORPORATE,VGL,248
corp_VENUSPIPES,CORPORATE,VENUSPIPES,255
corp_V2RETAIL,CORPORATE,V2RETAIL,253
corp_UNOMINDA,CORPORATE,UNOMINDA,253
corp_GLOBAL,CORPORATE,GLOBAL,251
corp_GLENMARK,CORPORATE,GLENMARK,253
corp_GILLETTE,CORPORATE,GILLETTE,253
corp_ZENSARTECH,CORPORATE,ZENSARTECH,255
corp_YASHO,CORPORATE,YASHO,250
corp_WHEELS,CORPORATE,WHEELS,251
corp_WENDT,CORPORATE,WENDT,250
corp_WEL,CORPORATE,WEL,248
corp_WEIZMANIND,CORPORATE,WEIZMANIND,255
corp_ACCELYA,CORPORATE,ACCELYA,252
corp_360ONE,CORPORATE,360ONE,251
corp_POLYPLEX,CORPORATE,POLYPLEX,253
corp_POKARNA,CORPORATE,POKARNA,252
corp_PIIND,CORPORATE,PIIND,250
corp_BLSE,CORPORATE,BLSE,249
corp_BLS,CORPORATE,BLS,248
corp_BLISSGVS,CORPORATE,BLISSGVS,253
corp_BIRLACORPN,CORPORATE,BIRLACORPN,255
corp_PGIL,CORPORATE,PGIL,249
corp_PGHL,CORPORATE,PGHL,249
corp_PETRONET,CORPORATE,PETRONET,253
corp_PERSISTENT,CORPORATE,PERSISTENT,255
corp_PDSL,CORPORATE,PDSL,249
corp_PCBL,CORPORATE,PCBL,249
corp_PAVNAIND,CORPORATE,PAVNAIND,253
corp_CAPLIPOINT,CORPORATE,CAPLIPOINT,255
corp_CANFINHOME,CORPORATE,CANFINHOME,255
corp_CAMPUS,CORPORATE,CAMPUS,251
corp_BUILDPRO,CORPORATE,BUILDPRO,253
corp_BSOFT,CORPORATE,BSOFT,250
corp_BPCL,CORPORATE,BPCL,249
corp_ORIENTELEC,CORPORATE,ORIENTELEC,255
corp_RATNAMANI,CORPORATE,RATNAMANI,254
corp_RAMAPHO,CORPORATE,RAMAPHO,252
corp_BHARATFORG,CORPORATE,BHARATFORG,255
corp_BDL,CORPORATE,BDL,248
corp_RAILTEL,CORPORATE,RAILTEL,252
corp_QUESS,CORPORATE,QUESS,250
