RUN_DATE,RECORDS_FETCHED,NEW_RECORDS,TOTAL_MASTER
2026-06-11 02:49:23.185457,632,632,41864
2026-07-01 07:25:30.827370,735,735,41970
2026-07-01 07:26:34.093797,735,735,41970
2026-07-01 13:03:10.300437,735,735,41970
2026-07-04 16:04:02.709377,785,785,42021
2026-07-04 16:47:12.085119,785,785,42021
2026-07-04 22:46:14.185299,785,785,42021
2026-07-09 00:26:27.320598,820,820,42056
2026-07-10 18:03:24.778714,861,861,42097
2026-07-12 01:15:58.459497,861,861,42097
2026-07-13 18:03:41.742079,875,875,42111
2026-07-15 18:03:23.321277,904,904,42140
2026-07-23 23:52:02.815519,971,971,42209
2026-07-31 18:03:00.676543,1063,1063,42301
2026-08-03 18:04:01.469370,1079,1079,42317
