Date,Year,Holiday
2000-01-26,2000,
2000-03-16,2000,
2000-03-20,2000,
2000-04-14,2000,
2000-04-21,2000,
2000-05-01,2000,
2000-08-15,2000,
2000-09-01,2000,
2000-10-02,2000,
2000-10-26,2000,
2000-12-25,2000,
2001-01-26,2001,
2001-03-06,2001,
2001-04-05,2001,
2001-04-13,2001,
2001-05-01,2001,
2001-08-15,2001,
2001-08-22,2001,
2001-10-02,2001,
2001-10-26,2001,
2001-11-14,2001,
2001-11-16,2001,
2001-11-30,2001,
2001-12-17,2001,
2001-12-25,2001,
2002-03-25,2002,
2002-03-29,2002,
2002-05-01,2002,
2002-08-15,2002,
2002-09-10,2002,
2002-10-02,2002,
2002-10-15,2002,
2002-11-04,2002,
2002-11-06,2002,
2002-11-19,2002,
2002-12-25,2002,
2003-02-13,2003,
2004-01-26,2004,
2004-02-02,2004,
2004-03-02,2004,
2004-04-09,2004,
2004-04-14,2004,
2004-10-22,2004,
2004-11-12,2004,
2004-11-15,2004,
2004-11-26,2004,
2005-01-21,2005,
2005-01-26,2005,
2005-03-25,2005,
2005-04-14,2005,
2005-08-15,2005,
2005-09-07,2005,
2005-10-12,2005,
2005-11-01,2005,
2005-11-03,2005,
2005-11-15,2005,
2006-01-11,2006,
2006-01-26,2006,
2006-02-09,2006,
2006-03-15,2006,
2006-04-06,2006,
2006-04-11,2006,
2006-04-14,2006,
2006-05-01,2006,
2006-08-15,2006,
2006-10-02,2006,
2006-10-24,2006,
2006-10-25,2006,
2006-12-25,2006,
2007-01-01,2007,
2007-01-26,2007,
2007-01-30,2007,
2007-02-16,2007,
2007-03-27,2007,
2007-04-06,2007,
2007-05-01,2007,
2007-05-02,2007,
2007-08-15,2007,
2007-10-02,2007,
2007-11-09,2007,
2007-12-21,2007,
2007-12-25,2007,
2008-03-06,2008,
2008-03-20,2008,
2008-03-21,2008,
2008-04-14,2008,
2008-04-18,2008,
2008-05-01,2008,
2008-05-19,2008,
2008-08-15,2008,
2008-09-03,2008,
2008-10-02,2008,
2008-10-09,2008,
2008-10-28,2008,
2008-10-30,2008,
2008-11-13,2008,
2008-12-09,2008,
2008-12-25,2008,
2009-01-08,2009,
2009-01-26,2009,
2009-02-23,2009,
2009-03-10,2009,
2009-03-11,2009,
2009-04-03,2009,
2009-04-07,2009,
2009-04-10,2009,
2009-04-14,2009,
2009-05-01,2009,
2009-09-21,2009,
2009-09-28,2009,
2009-10-02,2009,
2009-10-19,2009,
2009-11-02,2009,
2009-12-25,2009,
2009-12-28,2009,
2010-01-01,2010,
2010-01-26,2010,
2010-02-12,2010,
2010-03-01,2010,
2010-03-24,2010,
2010-04-02,2010,
2010-04-14,2010,
2010-09-10,2010,
2010-11-05,2010,
2010-11-17,2010,
2010-12-17,2010,
2011-01-26,2011,
2011-03-02,2011,
2011-04-12,2011,
2011-04-14,2011,
2011-04-22,2011,
2011-08-15,2011,
2011-08-31,2011,
2011-09-01,2011,
2011-10-06,2011,
2011-10-26,2011,
2011-10-27,2011,
2011-11-07,2011,
2011-11-10,2011,
2011-12-06,2011,
2012-01-26,2012,
2012-02-20,2012,
2012-03-08,2012,
2012-04-05,2012,
2012-04-06,2012,
2012-05-01,2012,
2012-08-15,2012,
2012-08-20,2012,
2012-09-19,2012,
2012-10-02,2012,
2012-10-24,2012,
2012-11-13,2012,
2012-11-14,2012,
2012-11-28,2012,
2012-12-25,2012,
2013-03-27,2013,
2013-03-29,2013,
2013-04-19,2013,
2013-04-24,2013,
2013-05-01,2013,
2013-08-09,2013,
2013-08-15,2013,
2013-09-09,2013,
2013-10-02,2013,
2013-10-16,2013,
2013-11-04,2013,
2013-11-14,2013,
2013-12-25,2013,
2014-02-27,2014,
2014-03-17,2014,
2014-04-08,2014,
2014-04-14,2014,
2014-04-18,2014,
2014-05-01,2014,
2014-07-29,2014,
2014-08-15,2014,
2014-08-29,2014,
2014-10-02,2014,
2014-10-03,2014,
2014-10-06,2014,
2014-10-23,2014,
2014-10-24,2014,
2014-11-04,2014,
2014-11-06,2014,
2014-12-25,2014,
2015-01-26,2015,
2015-02-17,2015,
2015-03-06,2015,
2015-04-02,2015,
2015-04-03,2015,
2015-04-14,2015,
2015-05-01,2015,
2015-09-17,2015,
2015-09-25,2015,
2015-10-02,2015,
2015-10-22,2015,
2015-11-11,2015,
2015-11-12,2015,
2015-11-25,2015,
2015-12-25,2015,
2016-01-26,2016,
2016-03-07,2016,
2016-03-24,2016,
2016-03-25,2016,
2016-04-14,2016,
2016-04-15,2016,
2016-04-19,2016,
2016-07-06,2016,
2016-08-15,2016,
2016-09-05,2016,
2016-09-13,2016,
2016-10-11,2016,
2016-10-12,2016,
2016-10-31,2016,
2016-11-14,2016,
2016-12-07,2016,
2017-01-26,2017,
2017-02-24,2017,
2017-03-13,2017,
2017-04-04,2017,
2017-04-14,2017,
2017-05-01,2017,
2017-06-26,2017,
2017-08-15,2017,
2017-08-25,2017,
2017-10-02,2017,
2017-10-19,2017,
2017-10-20,2017,
2017-12-05,2017,
2017-12-25,2017,
2018-01-26,2018,
2018-02-13,2018,
2018-03-02,2018,
2018-03-29,2018,
2018-03-30,2018,
2018-05-01,2018,
2018-08-15,2018,
2018-08-22,2018,
2018-09-13,2018,
2018-09-20,2018,
2018-10-02,2018,
2018-10-18,2018,
2018-11-07,2018,
2018-11-08,2018,
2018-11-23,2018,
2018-12-12,2018,
2018-12-25,2018,
2019-10-21,2019,
2020-02-21,2020,
2020-03-10,2020,
2020-04-02,2020,
2020-04-06,2020,
2020-04-10,2020,
2020-04-14,2020,
2020-05-01,2020,
2020-05-25,2020,
2020-10-02,2020,
2020-11-16,2020,
2020-11-30,2020,
2020-12-11,2020,
2020-12-25,2020,
2021-01-26,2021,
2021-03-11,2021,
2021-03-29,2021,
2021-04-02,2021,
2021-04-14,2021,
2021-04-21,2021,
2021-05-13,2021,
2021-07-21,2021,
2021-08-19,2021,
2021-09-10,2021,
2021-10-15,2021,
2021-11-04,2021,
2021-11-05,2021,
2021-11-19,2021,
2022-01-26,2022,
2022-03-01,2022,
2022-03-18,2022,
2022-04-14,2022,
2022-04-15,2022,
2022-05-03,2022,
2022-08-09,2022,
2022-08-15,2022,
2022-08-31,2022,
2022-10-05,2022,
2022-10-24,2022,
2022-10-26,2022,
2022-11-08,2022,
2025-02-26,2025,
2025-03-14,2025,
2025-03-31,2025,
2025-04-10,2025,
2025-04-14,2025,
2025-04-18,2025,
2025-05-01,2025,
2025-08-15,2025,
2025-08-27,2025,
2025-10-02,2025,
2025-10-21,2025,
2025-10-22,2025,
2025-11-05,2025,
2025-12-25,2025,
2026-01-26,2026,
2026-03-03,2026,
2026-03-26,2026,
2026-03-31,2026,
2026-04-03,2026,
2026-04-14,2026,
2026-05-01,2026,
2026-05-28,2026,
2026-06-26,2026,
2026-09-14,2026,
2026-10-02,2026,
2026-10-20,2026,
2026-11-10,2026,
2026-11-24,2026,
2026-12-25,2026,
