review_number,priority,canonical_id,category,english,hindi_current,translation_state,source_note,human_decision,human_suggested_hindi,human_comments
1,CRITICAL,OUTPUT.MUHURTA.RECOMMENDATION_NOT_AUTHORIZED,MUHURTA_SAFETY,"Muhurta recommendations are not authorized; only foundation facts and inactive rule metadata are available.","मुहूर्त की सिफारिशें अधिकृत नहीं हैं; केवल आधारभूत तथ्य और निष्क्रिय नियम-मेटाडेटा उपलब्ध हैं।",MACHINE_DRAFT,"Canonical English message and HI-001 locale pack; presentation-only.",,,
2,CRITICAL,SAFETY.ASHTAKAVARGA_RESEARCH_ONLY,GOVERNANCE_STATE,"Ashtakavarga remains research-only.","अष्टकवर्ग अभी केवल शोध हेतु है।",MACHINE_DRAFT,"Canonical English message and HI-001 locale pack; Ashtakavarga state remains unchanged.",,,
3,CRITICAL,SAFETY.D20_INTERPRETATION_NOT_VALIDATED,GOVERNANCE_STATE,"D20 interpretation is not validated.","D20 की व्याख्या सत्यापित नहीं है।",MACHINE_DRAFT,"Canonical English message and HI-001 locale pack; D20 calculation and interpretation remain separate.",,,
4,CRITICAL,SAFETY.NO_PREDICTIVE_CLAIM,PREDICTION_SAFETY,"No predictive claim is made.","कोई भविष्यवाणी संबंधी दावा नहीं किया गया है।",MACHINE_DRAFT,"Canonical English message and HI-001 locale pack; prediction state unchanged.",,,
5,CRITICAL,STATUS.NOT_AUTHORIZED,GOVERNANCE_STATE,Not authorized,अधिकृत नहीं,MACHINE_DRAFT,"Canonical status label; exact Hindi negation is required.",,,
6,CRITICAL,STATUS.NOT_VALIDATED,GOVERNANCE_STATE,Not validated,सत्यापित नहीं,MACHINE_DRAFT,"Canonical status label; exact Hindi negation is required.",,,
7,CRITICAL,STATUS.RESEARCH_ONLY,GOVERNANCE_STATE,Research-only,केवल शोध हेतु,MACHINE_DRAFT,"Canonical status label; research boundary inherited unchanged.",,,
8,CRITICAL,STATUS.INSUFFICIENT_EVIDENCE,EVIDENCE_STATE,Insufficient evidence,अपर्याप्त साक्ष्य,MACHINE_DRAFT,"Canonical evidence-state label; no evidence status changed.",,,
9,TECHNICAL,TERM.PLANET.SUN,PLANET,Sun,सूर्य,MACHINE_DRAFT,"Canonical term registry; Surya / Surya; aliases: sun, surya, ravi.",,,
10,TECHNICAL,TERM.PLANET.MOON,PLANET,Moon,चंद्र,MACHINE_DRAFT,"Canonical term registry; Chandra / Chandra; aliases: moon, chandra, soma.",,,
11,TECHNICAL,TERM.PLANET.MARS,PLANET,Mars,मंगल,MACHINE_DRAFT,"Canonical term registry; Mangala / Mangala; aliases: mars, mangala, kuja.",,,
12,TECHNICAL,TERM.PLANET.MERCURY,PLANET,Mercury,बुध,MACHINE_DRAFT,"Canonical term registry; Budha / Budha; aliases: mercury, budha.",,,
13,TECHNICAL,TERM.PLANET.JUPITER,PLANET,Jupiter,गुरु,MACHINE_DRAFT,"Canonical term registry; Guru / Guru; aliases: jupiter, guru, brihaspati.",,,
14,TECHNICAL,TERM.PLANET.VENUS,PLANET,Venus,शुक्र,MACHINE_DRAFT,"Canonical term registry; Shukra / Shukra; aliases: venus, shukra.",,,
15,TECHNICAL,TERM.PLANET.SATURN,PLANET,Saturn,शनि,MACHINE_DRAFT,"Canonical term registry; Shani / Shani; aliases: saturn, shani.",,,
16,TECHNICAL,TERM.PLANET.RAHU,PLANETARY_NODE,Rahu,राहु,MACHINE_DRAFT,"Canonical term registry; Rahu / Rahu; alias: rahu.",,,
17,TECHNICAL,TERM.PLANET.KETU,PLANETARY_NODE,Ketu,केतु,MACHINE_DRAFT,"Canonical term registry; Ketu / Ketu; alias: ketu.",,,
18,TECHNICAL,TERM.SIGN.ARIES,RASHI,Aries,मेष,MACHINE_DRAFT,"Canonical term registry; aliases: aries, mesha.",,,
19,TECHNICAL,TERM.SIGN.TAURUS,RASHI,Taurus,वृषभ,MACHINE_DRAFT,"Canonical term registry; aliases: taurus, vrishabha.",,,
20,TECHNICAL,TERM.SIGN.GEMINI,RASHI,Gemini,मिथुन,MACHINE_DRAFT,"Canonical term registry; aliases: gemini, mithuna.",,,
21,TECHNICAL,TERM.SIGN.CANCER,RASHI,Cancer,कर्क,MACHINE_DRAFT,"Canonical term registry; aliases: cancer, karka.",,,
22,TECHNICAL,TERM.SIGN.LEO,RASHI,Leo,सिंह,MACHINE_DRAFT,"Canonical term registry; aliases: leo, simha.",,,
23,TECHNICAL,TERM.SIGN.VIRGO,RASHI,Virgo,कन्या,MACHINE_DRAFT,"Canonical term registry; aliases: virgo, kanya.",,,
24,TECHNICAL,TERM.SIGN.LIBRA,RASHI,Libra,तुला,MACHINE_DRAFT,"Canonical term registry; aliases: libra, tula.",,,
25,TECHNICAL,TERM.SIGN.SCORPIO,RASHI,Scorpio,वृश्चिक,MACHINE_DRAFT,"Canonical term registry; aliases: scorpio, vrischika.",,,
26,TECHNICAL,TERM.SIGN.SAGITTARIUS,RASHI,Sagittarius,धनु,MACHINE_DRAFT,"Canonical term registry; aliases: sagittarius, dhanu.",,,
27,TECHNICAL,TERM.SIGN.CAPRICORN,RASHI,Capricorn,मकर,MACHINE_DRAFT,"Canonical term registry; aliases: capricorn, makara.",,,
28,TECHNICAL,TERM.SIGN.AQUARIUS,RASHI,Aquarius,कुंभ,MACHINE_DRAFT,"Canonical term registry; aliases: aquarius, kumbha.",,,
29,TECHNICAL,TERM.SIGN.PISCES,RASHI,Pisces,मीन,MACHINE_DRAFT,"Canonical term registry; aliases: pisces, meena.",,,
30,TECHNICAL,TERM.NAKSHATRA.ASHWINI,NAKSHATRA,Ashwini,अश्विनी,MACHINE_DRAFT,"Canonical term registry; aliases: ashwini, aswini.",,,
31,TECHNICAL,TERM.VARGA.D1,VARGA,D1 (Rashi),D1 (राशि),MACHINE_DRAFT,"Canonical term registry; aliases: d1, rashi; localized naming does not validate interpretation.",,,
32,TECHNICAL,TERM.VARGA.D9,VARGA,D9 (Navamsha),D9 (नवांश),MACHINE_DRAFT,"Canonical term registry; aliases: d9, navamsha, navamsa; localized naming does not validate interpretation.",,,
33,TECHNICAL,TERM.VARGA.D20,VARGA,D20 (Vimshamsha),D20 (विंशांश),MACHINE_DRAFT,"Canonical term registry; aliases: d20, vimshamsha, vimsamsa, vimshamsa; D20 interpretation remains not validated.",,,
34,TECHNICAL,TERM.VARGA.D24,VARGA,D24 (Chaturvimshamsha),D24 (चतुर्विंशांश),MACHINE_DRAFT,"Canonical term registry; aliases: d24, chaturvimshamsha; localized naming does not validate interpretation.",,,
35,TECHNICAL,TERM.DASHA.VIMSHOTTARI,DASHA,Vimshottari Dasha,विंशोत्तरी दशा,MACHINE_DRAFT,"Canonical term registry; aliases: vimshottari, vimsottari; timestamps and semantics unchanged.",,,
36,TECHNICAL,TERM.DASHA.MAHADASHA,DASHA,Mahadasha,महादशा,MACHINE_DRAFT,"Canonical term registry; aliases: mahadasha, maha dasha; timestamps and semantics unchanged.",,,
37,TECHNICAL,TERM.PANCHANGA.TITHI,PANCHANGA,Tithi,तिथि,MACHINE_DRAFT,"Canonical term registry; alias: tithi; atomic fact only.",,,
38,TECHNICAL,TERM.PANCHANGA.VARA,PANCHANGA,Vara,वार,MACHINE_DRAFT,"Canonical term registry; aliases: vara, weekday; atomic fact only.",,,
39,TECHNICAL,TERM.PANCHANGA.NAKSHATRA,PANCHANGA,Nakshatra,नक्षत्र,MACHINE_DRAFT,"Canonical term registry; aliases: nakshatra, nakshatram; atomic fact only.",,,
40,TECHNICAL,TERM.PANCHANGA.YOGA,PANCHANGA,Yoga,योग,MACHINE_DRAFT,"Canonical term registry; alias: panchanga yoga; atomic fact only.",,,
41,TECHNICAL,TERM.PANCHANGA.KARANA,PANCHANGA,Karana,करण,MACHINE_DRAFT,"Canonical term registry; alias: karana; atomic fact only.",,,
42,NORMAL,OUTPUT.CHART.HEADER,OUTPUT_LABEL,Chart facts,कुंडली के तथ्य,MACHINE_DRAFT,"Canonical English message and HI-001 locale pack; presentation-only.",,,
43,NORMAL,STATUS.VALIDATED,STATUS,Validated,सत्यापित,MACHINE_DRAFT,"Canonical status label; use only where the underlying state is validated.",,,
44,NORMAL,STATUS.PARTIALLY_VALIDATED,STATUS,Partially validated,आंशिक रूप से सत्यापित,MACHINE_DRAFT,"Canonical status label; partial qualification must remain explicit.",,,
45,NORMAL,SAFETY.MISSING_TRANSLATION,FALLBACK_SAFETY,"Translation not available; canonical English is shown.","अनुवाद उपलब्ध नहीं है; मूल अंग्रेज़ी दिखाई जा रही है।",MACHINE_DRAFT,"Canonical fallback message; deterministic fallback remains explicit.",,,
46,NORMAL,SAFETY.QUALIFIED_INDICATION,CERTAINTY_SAFETY,This may indicate {topic}; it is not a deterministic outcome.,"यह {topic} की ओर संकेत कर सकता है; यह निश्चित परिणाम नहीं है।",MACHINE_DRAFT,"Canonical qualified message; {topic} is a runtime placeholder.",,,
47,NORMAL,SAFETY.NOT_PROVEN_BY_TRANSLATION,EVIDENCE_SAFETY,This is not proven by translation alone.,यह केवल अनुवाद से सिद्ध नहीं होता।,MACHINE_DRAFT,"Canonical evidence boundary; translation does not create source truth.",,,
48,NORMAL,GOVERNANCE.SOURCE_CITATION,PROVENANCE_LABEL,Source citation,स्रोत उद्धरण,MACHINE_DRAFT,"Canonical provenance label; source IDs and citation metadata remain unchanged.",,,
49,NORMAL,GOVERNANCE.REVIEW_PENDING,REVIEW_STATE,Translation review pending,अनुवाद समीक्षा लंबित है,MACHINE_DRAFT,"Canonical review-state label; human review remains pending.",,,
